# Blender 5.2.0 LTS
# www.blender.org
mtllib mangekyofinished.mtl
o mangekkeyousharringan
v 0.080473 0.250894 -4.451012
v 0.105039 0.213772 -4.451012
v 0.088834 0.238339 -4.467042
v 0.038548 0.264023 -4.278455
v 0.071514 0.241947 -4.278455
v 0.080473 0.250894 -4.302691
v 0.043402 0.275719 -4.302691
v -0.000000 0.271803 -4.278455
v -0.000000 0.284468 -4.302691
v 0.093522 0.208936 -4.278455
v 0.101223 0.169883 -4.278455
v 0.105039 0.169883 -4.291314
v 0.105039 0.213772 -4.302691
v -0.000000 0.284468 -4.747439
v 0.043402 0.275719 -4.798572
v 0.043402 0.275719 -4.895183
v -0.000000 0.284468 -4.895183
v 0.088834 0.238339 -4.515130
v 0.105222 0.213772 -4.531160
v 0.080473 0.250894 -4.542753
v 0.105222 0.213772 -4.838517
v 0.113881 0.169883 -4.838517
v 0.113881 0.169883 -4.895183
v 0.105222 0.213772 -4.895183
v 0.080473 0.250894 -4.838517
v 0.080473 0.250894 -4.895183
v 0.043402 0.275719 -4.491086
v 0.105039 0.169883 -4.451012
v -0.000000 0.284468 -4.542631
v 0.080473 0.250894 -4.491086
v 0.043402 0.275719 -4.594176
v 0.043402 0.275719 -4.696308
v 0.105222 0.213772 -4.554345
v 0.105222 0.213772 -4.656707
v 0.080473 0.250894 -4.645358
v 0.105222 0.213772 -4.634008
v 0.113881 0.169883 -4.554345
v 0.113881 0.169883 -4.531160
v 0.113881 0.169883 -4.656707
v 0.113881 0.169883 -4.634008
v 0.113881 0.169883 -4.758629
v 0.105222 0.213772 -4.758629
v 0.105222 0.213772 -4.735908
v 0.113881 0.169883 -4.735908
v 0.080473 0.250894 -4.747268
v 0.088834 0.238339 -4.570374
v 0.088834 0.238339 -4.618463
v 0.080473 0.250894 -4.594419
v 0.088834 0.238339 -4.672740
v 0.088834 0.238339 -4.720828
v 0.080473 0.250894 -4.696784
v 0.088834 0.238339 -4.774648
v 0.088834 0.238339 -4.822737
v 0.080473 0.250894 -4.798692
v 0.061028 0.231705 -4.451022
v 0.066732 0.223251 -4.467080
v 0.080184 0.202941 -4.451023
v -0.032996 0.089141 -4.491086
v -0.061028 0.108060 -4.451022
v -0.061028 0.108060 -4.406675
v -0.032996 0.089141 -4.406675
v 0.080184 0.136825 -4.451023
v 0.061028 0.108060 -4.451022
v 0.061028 0.108060 -4.406675
v 0.080184 0.136825 -4.406675
v -0.000000 0.257719 -4.542631
v 0.032995 0.250624 -4.491086
v 0.032995 0.250624 -4.406675
v -0.000000 0.257719 -4.406675
v 0.022998 0.194169 -4.895208
v 0.066758 0.223212 -4.515137
v 0.061028 0.231705 -4.542753
v 0.080184 0.202941 -4.531161
v 0.073537 0.212506 -4.857504
v 0.042373 0.243564 -4.857504
v 0.022998 0.194170 -4.857530
v -0.000000 0.203431 -4.895183
v 0.061028 0.231705 -4.491086
v 0.032995 0.250624 -4.594176
v 0.032995 0.250624 -4.696308
v -0.000000 0.257719 -4.747439
v 0.032995 0.250624 -4.798572
v 0.080184 0.202941 -4.554343
v 0.080184 0.202941 -4.656706
v 0.080184 0.202941 -4.634009
v 0.061028 0.231705 -4.645358
v 0.087121 0.169883 -4.554345
v 0.087121 0.169883 -4.531160
v 0.087121 0.169883 -4.656707
v 0.087121 0.169883 -4.634008
v 0.087121 0.169883 -4.758629
v 0.087121 0.169883 -4.735908
v 0.080184 0.202941 -4.735909
v 0.080184 0.202941 -4.758626
v 0.061028 0.231705 -4.747268
v 0.066758 0.223212 -4.570368
v 0.066758 0.223212 -4.618469
v 0.061028 0.231705 -4.594419
v 0.066758 0.223212 -4.672733
v 0.066758 0.223212 -4.720835
v 0.061028 0.231705 -4.696784
v 0.066758 0.223212 -4.774642
v 0.061028 0.231705 -4.798692
v 0.066758 0.223212 -4.822743
v -0.038549 0.075743 -4.278455
v -0.000000 0.067963 -4.278455
v 0.005550 0.078855 -1.340121
v -0.040391 0.088191 -1.340121
v 0.093522 0.130829 -4.278455
v 0.090395 0.174799 -1.340121
v 0.081059 0.128859 -1.340121
v -0.093523 0.208936 -4.278455
v -0.101224 0.169883 -4.278455
v -0.090395 0.163700 -1.340121
v -0.081059 0.209641 -1.340121
v 0.087053 0.169883 -4.451012
v -0.005550 0.259645 -1.340121
v 0.040391 0.250309 -1.340121
v 0.080184 0.202941 -4.838519
v 0.087121 0.169883 -4.838517
v 0.084996 0.170027 -4.857504
v -0.000145 0.254879 -4.857504
v -0.000000 0.203431 -4.857504
v 0.032733 0.169883 -4.895130
v 0.032733 0.169883 -4.857452
v -0.032996 0.250624 -4.491086
v -0.032996 0.250624 -4.406675
v -0.080473 0.250894 -4.451012
v -0.088835 0.238339 -4.467042
v -0.105039 0.213772 -4.451012
v -0.038549 0.264023 -4.278455
v -0.043403 0.275719 -4.302691
v -0.080473 0.250894 -4.302691
v -0.071515 0.241947 -4.278455
v -0.105039 0.213772 -4.302691
v -0.105039 0.169883 -4.291314
v -0.043403 0.275719 -4.895183
v -0.043403 0.275719 -4.798572
v -0.088835 0.238339 -4.515130
v -0.080473 0.250894 -4.542753
v -0.105222 0.213772 -4.531160
v -0.105222 0.213772 -4.838517
v -0.105222 0.213772 -4.895183
v -0.113882 0.169883 -4.895183
v -0.113882 0.169883 -4.838517
v -0.080473 0.250894 -4.895183
v -0.080473 0.250894 -4.838517
v -0.043403 0.275719 -4.491086
v -0.105039 0.169883 -4.451012
v -0.080473 0.250894 -4.491086
v -0.043403 0.275719 -4.594176
v -0.043403 0.275719 -4.696308
v -0.105222 0.213772 -4.554345
v -0.105222 0.213772 -4.656707
v -0.105222 0.213772 -4.634008
v -0.080473 0.250894 -4.645358
v -0.113882 0.169883 -4.554345
v -0.113882 0.169883 -4.531160
v -0.113882 0.169883 -4.656707
v -0.113882 0.169883 -4.634008
v -0.113882 0.169883 -4.758629
v -0.113882 0.169883 -4.735908
v -0.105222 0.213772 -4.735908
v -0.105222 0.213772 -4.758629
v -0.080473 0.250894 -4.747268
v -0.088835 0.238339 -4.570374
v -0.088835 0.238339 -4.618463
v -0.080473 0.250894 -4.594419
v -0.088835 0.238339 -4.672740
v -0.088835 0.238339 -4.720828
v -0.080473 0.250894 -4.696784
v -0.088835 0.238339 -4.774648
v -0.088835 0.238339 -4.822737
v -0.080473 0.250894 -4.798692
v -0.061028 0.231705 -4.451022
v -0.080185 0.202941 -4.451023
v -0.066733 0.223251 -4.467080
v 0.087053 0.169883 -4.406675
v 0.080184 0.202941 -4.406675
v -0.080185 0.136825 -4.451023
v -0.080185 0.136825 -4.406675
v -0.087054 0.169883 -4.451012
v -0.080185 0.202941 -4.406675
v -0.087054 0.169883 -4.406675
v -0.022999 0.194169 -4.895208
v -0.066759 0.223212 -4.515137
v -0.080185 0.202941 -4.531161
v -0.061028 0.231705 -4.542753
v -0.073682 0.212256 -4.857504
v -0.022998 0.194170 -4.857530
v -0.042624 0.243420 -4.857504
v -0.061028 0.231705 -4.491086
v -0.032996 0.250624 -4.594176
v -0.032996 0.250624 -4.696308
v -0.032996 0.250624 -4.798572
v -0.080185 0.202941 -4.554343
v -0.080185 0.202941 -4.656706
v -0.061028 0.231705 -4.645358
v -0.080185 0.202941 -4.634009
v -0.087122 0.169883 -4.554345
v -0.087122 0.169883 -4.531160
v -0.087122 0.169883 -4.656707
v -0.087122 0.169883 -4.634008
v -0.087122 0.169883 -4.758629
v -0.080185 0.202941 -4.758626
v -0.080185 0.202941 -4.735909
v -0.087122 0.169883 -4.735908
v -0.061028 0.231705 -4.747268
v -0.066759 0.223212 -4.570368
v -0.066759 0.223212 -4.618469
v -0.061028 0.231705 -4.594419
v -0.066759 0.223212 -4.672733
v -0.066759 0.223212 -4.720835
v -0.061028 0.231705 -4.696784
v -0.066759 0.223212 -4.774642
v -0.061028 0.231705 -4.798692
v -0.066759 0.223212 -4.822743
v 0.071514 0.097818 -4.278455
v 0.050003 0.093740 -1.340121
v -0.093523 0.130829 -4.278455
v -0.075509 0.119246 -1.340121
v -0.071515 0.097818 -4.278455
v 0.075509 0.219253 -1.340121
v -0.080185 0.202941 -4.838519
v -0.087122 0.169883 -4.838517
v -0.084997 0.169739 -4.857504
v -0.032733 0.169883 -4.857452
v -0.032733 0.169883 -4.895130
v 0.061028 0.231705 -4.406675
v 0.080473 0.088872 -4.451012
v 0.088834 0.101427 -4.467042
v 0.105039 0.125993 -4.451012
v 0.038548 0.075743 -4.278455
v 0.043402 0.064047 -4.302691
v 0.080473 0.088872 -4.302691
v -0.000000 0.055298 -4.302691
v 0.105039 0.125993 -4.302691
v -0.000000 0.055298 -4.747439
v -0.000000 0.055298 -4.895183
v 0.043402 0.064047 -4.895183
v 0.043402 0.064047 -4.798572
v 0.088834 0.101427 -4.515130
v 0.080473 0.088872 -4.542753
v 0.105222 0.125993 -4.531160
v 0.105222 0.125994 -4.838517
v 0.105222 0.125994 -4.895183
v 0.080473 0.088872 -4.895183
v 0.080473 0.088872 -4.838517
v 0.043402 0.064047 -4.491086
v -0.000000 0.055298 -4.542631
v 0.080473 0.088872 -4.491086
v 0.043402 0.064047 -4.594176
v 0.043402 0.064047 -4.696308
v 0.105222 0.125993 -4.554345
v 0.105222 0.125993 -4.656707
v 0.105222 0.125993 -4.634008
v 0.080473 0.088872 -4.645358
v 0.105222 0.125993 -4.735908
v 0.105222 0.125993 -4.758629
v 0.080473 0.088872 -4.747268
v 0.088834 0.101427 -4.570374
v 0.088834 0.101427 -4.618463
v 0.080473 0.088872 -4.594419
v 0.088834 0.101427 -4.672740
v 0.088834 0.101427 -4.720828
v 0.080473 0.088872 -4.696784
v 0.088834 0.101427 -4.774648
v 0.088834 0.101427 -4.822737
v 0.080473 0.088872 -4.798692
v 0.066732 0.116514 -4.467080
v 0.032995 0.089141 -4.491086
v -0.000000 0.082047 -4.542631
v -0.000000 0.082047 -4.406675
v 0.032995 0.089141 -4.406675
v -0.061028 0.231705 -4.406675
v 0.022998 0.145596 -4.895208
v 0.066758 0.116553 -4.515137
v 0.080184 0.136825 -4.531161
v 0.061028 0.108060 -4.542753
v 0.073681 0.127510 -4.857504
v 0.022998 0.145596 -4.857530
v 0.042623 0.096346 -4.857504
v -0.000000 0.136335 -4.895183
v 0.061028 0.108060 -4.491086
v 0.032995 0.089141 -4.594176
v 0.032995 0.089141 -4.696308
v -0.000000 0.082047 -4.747439
v 0.032995 0.089141 -4.798572
v 0.080184 0.136825 -4.554343
v 0.080184 0.136825 -4.656706
v 0.061028 0.108060 -4.645358
v 0.080184 0.136825 -4.634009
v 0.080184 0.136825 -4.758626
v 0.080184 0.136825 -4.735909
v 0.061028 0.108060 -4.747268
v 0.066758 0.116553 -4.570368
v 0.066758 0.116553 -4.618469
v 0.061028 0.108060 -4.594419
v 0.066758 0.116553 -4.672733
v 0.066758 0.116554 -4.720835
v 0.061028 0.108060 -4.696784
v 0.066758 0.116553 -4.774642
v 0.061028 0.108060 -4.798692
v 0.080184 0.136825 -4.838519
v 0.066758 0.116553 -4.822743
v 0.000144 0.084886 -4.857504
v -0.000000 0.136335 -4.857504
v -0.080473 0.088872 -4.451012
v -0.105039 0.125993 -4.451012
v -0.088835 0.101427 -4.467042
v -0.080473 0.088872 -4.302691
v -0.043403 0.064047 -4.302691
v -0.105039 0.125993 -4.302691
v -0.043403 0.064047 -4.798572
v -0.043403 0.064047 -4.895183
v -0.088835 0.101427 -4.515130
v -0.105222 0.125993 -4.531160
v -0.080473 0.088872 -4.542753
v -0.105222 0.125994 -4.838517
v -0.105222 0.125994 -4.895183
v -0.080473 0.088872 -4.838517
v -0.080473 0.088872 -4.895183
v -0.043403 0.064047 -4.491086
v -0.080473 0.088872 -4.491086
v -0.043403 0.064047 -4.594176
v -0.043403 0.064047 -4.696308
v -0.105222 0.125993 -4.554345
v -0.105222 0.125993 -4.656707
v -0.080473 0.088872 -4.645358
v -0.105222 0.125993 -4.634008
v -0.105222 0.125993 -4.758629
v -0.105222 0.125993 -4.735908
v -0.080473 0.088872 -4.747268
v -0.088835 0.101427 -4.570374
v -0.088835 0.101427 -4.618463
v -0.080473 0.088872 -4.594419
v -0.088835 0.101427 -4.672740
v -0.088835 0.101427 -4.720828
v -0.080473 0.088872 -4.696784
v -0.088835 0.101427 -4.774648
v -0.088835 0.101427 -4.822737
v -0.080473 0.088872 -4.798692
v -0.066733 0.116514 -4.467080
v -0.022999 0.145596 -4.895208
v -0.066759 0.116553 -4.515137
v -0.061028 0.108060 -4.542753
v -0.080185 0.136825 -4.531161
v -0.073537 0.127260 -4.857504
v -0.042374 0.096202 -4.857504
v -0.022998 0.145596 -4.857530
v -0.061028 0.108060 -4.491086
v -0.032996 0.089141 -4.594176
v -0.032996 0.089141 -4.696308
v -0.032996 0.089141 -4.798572
v -0.080185 0.136825 -4.554343
v -0.080185 0.136825 -4.656706
v -0.080185 0.136825 -4.634009
v -0.061028 0.108060 -4.645358
v -0.080185 0.136825 -4.735909
v -0.080185 0.136825 -4.758626
v -0.061028 0.108060 -4.747268
v -0.066759 0.116553 -4.570368
v -0.066759 0.116553 -4.618469
v -0.061028 0.108060 -4.594419
v -0.066759 0.116553 -4.672733
v -0.066759 0.116554 -4.720835
v -0.061028 0.108060 -4.696784
v -0.061028 0.108060 -4.798692
v -0.066759 0.116553 -4.774642
v -0.066759 0.116553 -4.822743
v -0.050004 0.244759 -1.340121
v -0.080185 0.136825 -4.838519
v -0.000000 0.169883 -4.283847
v 0.061405 0.324861 -2.135088
v 0.113917 0.289696 -2.135088
v 0.099053 0.274717 -2.135088
v 0.053393 0.305294 -2.135088
v 0.061405 0.324860 -0.045269
v 0.113917 0.289695 -0.045269
v -0.000000 0.337254 -2.135088
v -0.000000 0.316070 -2.135088
v -0.000000 0.337253 -0.045269
v 0.099053 0.274717 -1.514416
v 0.053393 0.305294 -1.514416
v -0.000000 0.316070 -1.514416
v -0.000000 0.174902 -1.356868
v 0.140202 0.174902 -1.514416
v 0.129537 0.120810 -1.514416
v 0.129537 0.228994 -1.514416
v -0.053393 0.305294 -1.514416
v -0.129537 0.228994 -1.514416
v -0.099054 0.274717 -1.514416
v -0.140202 0.174902 -1.514416
v -0.129537 0.120810 -1.514416
v 0.099053 0.075088 -1.514416
v 0.053393 0.044511 -1.514416
v -0.000000 0.033735 -1.514416
v -0.053393 0.044511 -1.514416
v -0.099054 0.075088 -1.514416
v -0.053393 0.044511 -2.135088
v -0.099054 0.075088 -2.135088
v -0.000000 0.033735 -2.135088
v -0.061406 0.024944 -2.135088
v -0.113918 0.060109 -2.135088
v -0.000000 0.012551 -2.135088
v -0.061405 0.024943 -0.045269
v -0.113917 0.060109 -0.045269
v -0.000000 0.012550 -0.045269
v -0.056499 0.039756 -0.045417
v -0.104815 0.072111 -0.045417
v -0.000000 0.028353 -0.045417
v -0.056499 0.039756 0.351233
v -0.104815 0.072111 0.351233
v 0.000000 0.028353 0.351233
v -0.072060 0.002279 0.355906
v -0.133566 0.043472 0.355906
v 0.000000 -0.012248 0.355906
v -0.072060 0.002279 0.437090
v -0.133566 0.043472 0.437090
v 0.000000 -0.012248 0.437090
v -0.047780 0.056990 0.437090
v -0.088766 0.084432 0.437090
v 0.000000 0.047330 0.437090
v -0.047780 0.056990 0.798641
v -0.088766 0.084432 0.798641
v 0.000000 0.047330 0.798641
v -0.042651 0.101780 0.797341
v 0.000125 0.090427 0.797341
v 0.000125 0.090427 0.877844
v -0.042651 0.101780 0.877844
v -0.074020 0.133001 0.797341
v -0.074020 0.133001 0.877844
v -0.116113 0.125448 0.798641
v -0.085576 0.175723 0.797341
v -0.085576 0.175723 0.877844
v -0.125686 0.174042 0.798641
v -0.034278 0.116269 0.876544
v -0.059354 0.141349 0.876545
v -0.068530 0.175607 0.876545
v -0.046043 0.127526 0.833712
v -0.068712 0.174042 0.833712
v 0.000000 0.104768 0.833712
v 0.000000 0.174042 0.708000
v -0.000021 0.107088 0.876544
v -0.059348 0.209863 0.876545
v -0.046043 0.220558 0.833712
v 0.000000 0.243316 0.833712
v -0.000011 0.244116 0.876545
v -0.034268 0.234939 0.876545
v -0.074222 0.218499 0.877844
v -0.043002 0.249868 0.877844
v -0.074222 0.218499 0.797341
v -0.043002 0.249868 0.797341
v -0.000280 0.261424 0.877844
v -0.000280 0.261424 0.797341
v 0.000000 0.300755 0.798641
v -0.047780 0.291095 0.798641
v -0.088766 0.263652 0.798641
v -0.047780 0.291095 0.437091
v -0.088766 0.263653 0.437091
v 0.000000 0.300755 0.437091
v -0.072060 0.353551 0.437091
v -0.133566 0.312358 0.437091
v 0.000000 0.368078 0.437091
v -0.072060 0.353551 0.355906
v -0.133566 0.312358 0.355906
v 0.000000 0.368078 0.355906
v -0.056499 0.315708 0.351233
v -0.104815 0.283353 0.351233
v 0.000000 0.327111 0.351233
v -0.056499 0.315709 -0.045417
v -0.104815 0.283353 -0.045417
v -0.000000 0.327111 -0.045417
v -0.061405 0.324860 -0.045269
v -0.113917 0.289695 -0.045269
v -0.113918 0.289696 -2.135088
v -0.061406 0.324861 -2.135088
v -0.053393 0.305294 -2.135088
v -0.099054 0.274717 -2.135088
v -0.129537 0.228995 -2.135088
v -0.148975 0.237112 -2.135088
v -0.140202 0.174903 -2.135088
v -0.161241 0.174903 -2.135088
v -0.161241 0.174902 -0.045269
v -0.148975 0.237111 -0.045269
v -0.148358 0.177732 -0.045417
v -0.137072 0.234971 -0.045417
v -0.148358 0.177732 0.351233
v -0.137072 0.234971 0.351233
v -0.189012 0.177915 0.355906
v -0.174643 0.250743 0.355906
v -0.189012 0.177915 0.437091
v -0.174643 0.250743 0.437091
v -0.125686 0.174042 0.437091
v -0.116113 0.222636 0.437091
v -0.116113 0.222636 0.798641
v -0.116113 0.125448 0.437091
v -0.174643 0.105087 0.437091
v -0.174643 0.105087 0.355906
v -0.137072 0.120493 0.351233
v -0.137072 0.120494 -0.045417
v -0.148975 0.112693 -0.045269
v -0.148975 0.112693 -2.135088
v -0.129537 0.120810 -2.135088
v 0.056499 0.315709 -0.045417
v 0.056499 0.315708 0.351233
v 0.104815 0.283353 -0.045417
v 0.104815 0.283353 0.351233
v 0.072060 0.353551 0.355906
v 0.133566 0.312358 0.355906
v 0.072060 0.353551 0.437091
v 0.133566 0.312358 0.437091
v 0.047780 0.291095 0.437091
v 0.088766 0.263653 0.437091
v 0.047780 0.291095 0.798641
v 0.088766 0.263652 0.798641
v 0.042496 0.250070 0.797341
v 0.042496 0.250070 0.877844
v 0.073865 0.218850 0.797341
v 0.073865 0.218850 0.877844
v 0.116113 0.222636 0.798641
v 0.085421 0.176128 0.797341
v 0.085421 0.176128 0.877844
v 0.125686 0.174042 0.798641
v 0.059321 0.209854 0.876545
v 0.068498 0.175596 0.876545
v 0.034246 0.234934 0.876545
v 0.046043 0.220558 0.833712
v 0.068712 0.174042 0.833712
v 0.059316 0.141340 0.876545
v 0.046043 0.127526 0.833712
v 0.034236 0.116264 0.876544
v 0.074067 0.133352 0.877844
v 0.042847 0.101983 0.877844
v 0.042847 0.101983 0.797341
v 0.074067 0.133352 0.797341
v 0.116113 0.125448 0.798641
v 0.088766 0.084432 0.798641
v 0.047780 0.056990 0.798641
v 0.047780 0.056990 0.437090
v 0.088766 0.084432 0.437090
v 0.116113 0.125448 0.437090
v 0.072060 0.002279 0.437090
v 0.133566 0.043472 0.437090
v 0.174643 0.105087 0.437090
v 0.072060 0.002279 0.355906
v 0.133566 0.043472 0.355906
v 0.174643 0.105087 0.355906
v 0.056499 0.039756 0.351233
v 0.104815 0.072111 0.351233
v 0.137072 0.120493 0.351233
v 0.056499 0.039756 -0.045417
v 0.104815 0.072111 -0.045417
v 0.137072 0.120494 -0.045417
v 0.061405 0.024943 -0.045269
v 0.113917 0.060109 -0.045269
v 0.148975 0.112693 -0.045269
v 0.113917 0.060109 -2.135088
v 0.061405 0.024944 -2.135088
v 0.148975 0.112693 -2.135088
v 0.053393 0.044511 -2.135088
v 0.099053 0.075088 -2.135088
v 0.129536 0.120810 -2.135088
v 0.140202 0.174903 -2.135088
v 0.161241 0.174903 -2.135088
v 0.129536 0.228995 -2.135088
v 0.148975 0.237112 -2.135088
v 0.148975 0.237111 -0.045269
v 0.161241 0.174902 -0.045269
v 0.137072 0.234971 -0.045417
v 0.148358 0.177732 -0.045417
v 0.137072 0.234971 0.351233
v 0.148358 0.177732 0.351233
v 0.174643 0.250743 0.355906
v 0.189012 0.177915 0.355906
v 0.174643 0.250743 0.437091
v 0.189012 0.177915 0.437090
v 0.116113 0.222636 0.437091
v 0.125686 0.174042 0.437090
v 0.168541 0.174902 0.061937
v 0.155720 0.239927 0.061937
v 0.119075 0.294892 0.061937
v 0.064186 0.331649 0.061937
v 0.000000 0.344603 0.061937
v -0.064185 0.331649 0.061937
v -0.119075 0.294892 0.061937
v -0.155720 0.239927 0.061937
v -0.168541 0.174902 0.061937
v -0.155720 0.109876 0.061937
v -0.119075 0.054911 0.061937
v -0.064185 0.018154 0.061937
v 0.000000 0.005200 0.061937
v 0.064186 0.018154 0.061937
v 0.119075 0.054911 0.061937
v 0.155720 0.109876 0.061937
v 0.119075 0.294892 -0.041084
v 0.064185 0.331649 -0.041084
v -0.000000 0.344603 -0.041084
v 0.168541 0.174902 -0.041084
v 0.155720 0.109876 -0.041084
v 0.119075 0.054912 -0.041084
v 0.064185 0.018154 -0.041084
v -0.000000 0.005200 -0.041084
v -0.064185 0.018154 -0.041084
v -0.119075 0.054912 -0.041084
v -0.155720 0.109876 -0.041084
v -0.168541 0.174902 -0.041084
v -0.155720 0.239927 -0.041084
v -0.119075 0.294892 -0.041084
v -0.064185 0.331649 -0.041084
v 0.155720 0.239927 -0.041084
v -0.064185 -0.095087 0.063010
v 0.000000 -0.095087 0.063010
v -0.064185 -0.095087 -0.040011
v -0.000000 -0.095087 -0.040011
v 0.064185 -0.095087 -0.040011
v 0.064186 -0.095087 0.063010
v -0.043806 0.022960 -0.427360
v -0.126294 0.089785 -0.427360
v -0.120145 0.053834 -0.427360
v -0.064762 0.016746 -0.427360
v -0.157119 0.109292 -0.427360
v -0.149043 0.204823 -0.427360
v -0.170055 0.174902 -0.427360
v -0.157119 0.109292 -0.804985
v -0.120145 0.053834 -0.804985
v -0.170056 0.174902 -0.804985
v -0.126294 0.089786 -0.804985
v -0.149044 0.204824 -0.804985
v -0.043806 0.022961 -0.804985
v -0.064762 0.016746 -0.804985
v -0.157119 0.240512 -0.804985
v -0.120145 0.295970 -0.804985
v -0.084198 0.302198 -0.804985
v -0.157119 0.240512 -0.427360
v -0.120145 0.295970 -0.427360
v -0.084198 0.302198 -0.427360
v -0.064762 0.333058 -0.427360
v -0.064762 0.333058 -0.804985
v -0.000000 0.331003 -0.427360
v -0.000000 0.346128 -0.427360
v 0.084198 0.302198 -0.427360
v 0.064762 0.333058 -0.427360
v -0.000000 0.346128 -0.804985
v 0.064762 0.333058 -0.804985
v -0.000000 0.331003 -0.804985
v 0.084198 0.302198 -0.804985
v 0.120145 0.295970 -0.804985
v 0.157119 0.240512 -0.804985
v 0.149043 0.204824 -0.804985
v 0.170055 0.174902 -0.804985
v 0.157119 0.109292 -0.804985
v 0.126294 0.089786 -0.804985
v 0.120145 0.053834 -0.804985
v 0.064762 0.016746 -0.804985
v 0.043806 0.022961 -0.804985
v 0.157119 0.109292 -0.427360
v 0.120145 0.053834 -0.427360
v 0.170055 0.174902 -0.427360
v 0.149043 0.204823 -0.427360
v 0.126294 0.089785 -0.427360
v 0.043806 0.022960 -0.427360
v 0.064762 0.016746 -0.427360
v 0.157119 0.240512 -0.427360
v 0.120145 0.295970 -0.427360
v 0.043775 -0.108837 -0.804985
v 0.043775 -0.108837 -0.427360
v 0.064762 -0.108837 -0.427360
v 0.043775 -0.119269 -0.437793
v 0.054330 -0.119269 -0.437793
v 0.043775 -0.119269 -0.794553
v 0.064762 -0.108837 -0.804985
v 0.054330 -0.119269 -0.794553
v -0.043775 -0.108837 -0.427360
v -0.043775 -0.108837 -0.804985
v -0.064762 -0.108837 -0.804985
v -0.064762 -0.108837 -0.427360
v -0.054330 -0.119269 -0.794553
v -0.054330 -0.119269 -0.437793
v -0.043775 -0.119269 -0.437793
v -0.043775 -0.119269 -0.794553
v -0.080932 -0.051497 -0.456224
v 0.080932 -0.051497 -0.456224
v 0.080932 -0.033185 -0.462174
v -0.080932 -0.033185 -0.462174
v 0.080932 -0.069810 -0.462174
v 0.080932 -0.081127 -0.477751
v 0.080932 -0.081127 -0.497006
v 0.080932 -0.069810 -0.512583
v 0.080932 -0.051497 -0.518533
v 0.080932 -0.033185 -0.512583
v 0.080932 -0.021867 -0.497006
v 0.080932 -0.021868 -0.477751
v -0.080932 -0.069810 -0.462174
v -0.080932 -0.021868 -0.477751
v -0.080932 -0.021867 -0.497006
v -0.080932 -0.033185 -0.512583
v -0.080932 -0.051497 -0.518533
v -0.080932 -0.069810 -0.512583
v -0.080932 -0.081127 -0.497006
v -0.080932 -0.081127 -0.477751
v -0.080932 -0.051497 -0.719633
v 0.080932 -0.051497 -0.719633
v 0.080932 -0.033185 -0.725583
v -0.080932 -0.033185 -0.725583
v 0.080932 -0.069809 -0.725583
v 0.080932 -0.081127 -0.741160
v 0.080932 -0.081127 -0.760415
v 0.080932 -0.069809 -0.775992
v 0.080932 -0.051497 -0.781942
v 0.080932 -0.033185 -0.775992
v 0.080932 -0.021867 -0.760415
v 0.080932 -0.021867 -0.741160
v -0.080932 -0.069809 -0.725583
v -0.080932 -0.021867 -0.741160
v -0.080932 -0.021867 -0.760415
v -0.080932 -0.033185 -0.775992
v -0.080932 -0.051497 -0.781942
v -0.080932 -0.069809 -0.775992
v -0.080932 -0.081127 -0.760415
v -0.080932 -0.081127 -0.741160
v 0.102477 -0.457647 0.399815
v 0.102898 -0.412855 0.340549
v 0.102898 -0.390737 0.334622
v 0.102477 -0.284039 0.399815
v -0.102898 -0.412855 0.340549
v -0.102898 -0.390737 0.334622
v 0.102898 -0.434973 0.334622
v -0.102898 -0.434973 0.334622
v -0.102477 -0.457647 0.399815
v -0.102477 -0.284039 0.399815
v -0.083373 -0.435403 0.418919
v -0.102477 -0.457773 0.578702
v -0.083373 -0.435403 0.564882
v -0.083373 -0.264934 0.418919
v -0.102702 -0.470633 0.294611
v -0.102477 -0.470506 0.586568
v -0.102898 -0.451165 0.318431
v -0.083373 -0.492876 0.600387
v -0.083373 -0.492875 0.294611
v -0.102670 -0.473772 0.141147
v -0.083373 -0.492875 0.141147
v -0.102898 -0.451165 0.274194
v -0.102898 -0.451165 0.163287
v -0.102898 -0.457091 0.296312
v 0.102898 -0.451165 0.274194
v 0.102898 -0.457091 0.296312
v 0.102898 -0.451165 0.318431
v 0.102702 -0.470633 0.294611
v 0.083373 -0.492876 0.600387
v 0.083373 -0.492875 0.294611
v 0.102477 -0.470506 0.586568
v 0.083373 -0.492875 0.141147
v 0.102670 -0.473772 0.141147
v 0.102898 -0.451165 0.163287
v 0.102477 -0.457773 0.578702
v 0.083373 -0.264934 0.600387
v 0.102477 -0.284039 0.586365
v 0.102477 -0.284039 0.578905
v 0.083373 -0.435403 0.564882
v 0.083373 -0.264934 0.564883
v 0.083373 -0.435403 0.418919
v -0.083373 -0.264934 0.564883
v -0.083373 -0.264934 0.600387
v -0.102477 -0.284039 0.578905
v -0.102477 -0.284039 0.586365
v 0.083373 -0.264934 0.418919
v 0.083373 -0.264934 0.374275
v 0.102477 -0.284039 0.385140
v -0.083373 -0.264934 0.374275
v -0.102477 -0.284039 0.385141
v -0.083373 -0.296193 0.355685
v -0.102477 -0.314062 0.367285
v 0.083373 -0.296193 0.355685
v -0.083373 -0.303042 0.297555
v -0.102477 -0.320521 0.312465
v 0.083373 -0.303042 0.297555
v 0.102477 -0.314062 0.367285
v 0.102477 -0.320521 0.312465
v 0.102477 -0.337829 0.307569
v 0.083373 -0.326728 0.290855
v -0.083373 -0.326728 0.290855
v 0.083373 -0.355039 0.260185
v 0.102822 -0.371002 0.271650
v -0.083373 -0.355039 0.260185
v -0.102821 -0.371002 0.271650
v -0.102477 -0.337829 0.307569
v -0.083373 -0.366836 0.222909
v -0.102477 -0.384925 0.227718
v 0.083373 -0.366836 0.222909
v -0.102898 -0.390737 0.258003
v -0.102898 -0.374545 0.274194
v -0.102898 -0.368619 0.296312
v 0.102898 -0.368619 0.296312
v 0.102898 -0.374545 0.274194
v 0.102898 -0.390737 0.258003
v 0.102477 -0.384925 0.227718
v 0.083373 -0.356455 0.179027
v 0.102802 -0.370422 0.166874
v 0.102898 -0.390737 0.179478
v 0.102898 -0.374545 0.163287
v -0.102898 -0.390737 0.179478
v -0.102898 -0.374545 0.163287
v 0.102898 -0.412855 0.185405
v -0.102898 -0.412855 0.185405
v 0.102898 -0.412855 0.252076
v -0.102802 -0.370422 0.166875
v -0.102898 -0.412855 0.252076
v -0.102898 -0.434973 0.258003
v -0.102898 -0.434973 0.179478
v 0.102898 -0.434973 0.179478
v 0.102898 -0.434973 0.258003
v 0.102898 -0.457091 0.141168
v -0.102898 -0.457091 0.141168
v -0.102898 -0.451165 0.119050
v 0.102898 -0.451165 0.119050
v -0.102898 -0.434973 0.022667
v -0.102898 -0.451165 0.006476
v -0.102898 -0.434973 0.102859
v 0.102898 -0.434973 0.102859
v -0.102670 -0.473772 -0.016280
v 0.102898 -0.434973 0.022667
v 0.102898 -0.451165 0.006476
v 0.102670 -0.473772 -0.016280
v 0.102898 -0.457091 -0.015643
v -0.102898 -0.457091 -0.015643
v 0.083373 -0.492875 -0.016280
v 0.083373 -0.492875 -0.170423
v 0.102670 -0.473772 -0.170423
v 0.102898 -0.451165 -0.148668
v 0.102898 -0.451165 -0.037761
v -0.102898 -0.451165 -0.037760
v 0.102898 -0.434973 -0.053952
v -0.102898 -0.434973 -0.053952
v 0.102898 -0.434973 -0.132477
v -0.102898 -0.434973 -0.132477
v -0.102898 -0.451165 -0.148668
v -0.102670 -0.473772 -0.170423
v -0.083373 -0.492875 -0.016280
v -0.083373 -0.492875 -0.170423
v -0.102670 -0.473772 -0.321735
v -0.083373 -0.492875 -0.321735
v -0.102898 -0.451164 -0.299183
v -0.102898 -0.451165 -0.192905
v -0.102898 -0.457091 -0.170786
v 0.102898 -0.451165 -0.192905
v 0.102898 -0.457091 -0.170786
v 0.102898 -0.434973 -0.209096
v -0.102898 -0.434973 -0.209096
v 0.102898 -0.451164 -0.299183
v 0.102898 -0.434973 -0.282991
v 0.102670 -0.473772 -0.321735
v -0.102898 -0.434973 -0.282991
v 0.102898 -0.457091 -0.321301
v -0.102898 -0.457091 -0.321301
v -0.102898 -0.451164 -0.343419
v 0.102898 -0.451164 -0.343419
v -0.102898 -0.434973 -0.359611
v -0.102477 -0.473771 -0.560251
v 0.102898 -0.434973 -0.359611
v -0.102477 -0.252325 -0.787373
v -0.083373 -0.264934 -0.804319
v -0.083373 -0.492875 -0.570436
v -0.102593 -0.434178 -0.543817
v -0.102477 -0.228168 -0.754906
v -0.102618 -0.438402 -0.517725
v -0.102898 -0.412855 -0.365537
v -0.102664 -0.430235 -0.495233
v 0.102618 -0.438402 -0.517725
v 0.102664 -0.430235 -0.495233
v 0.102593 -0.434178 -0.543817
v 0.102898 -0.412855 -0.365537
v 0.102477 -0.473771 -0.560251
v 0.102477 -0.252325 -0.787373
v 0.083373 -0.492875 -0.570436
v 0.083373 -0.264934 -0.804319
v 0.083373 -0.492875 -0.321735
v 0.102477 -0.228168 -0.754906
v 0.083373 -0.115587 -0.804319
v 0.102477 -0.134691 -0.787290
v 0.102477 -0.200744 -0.761172
v 0.102477 -0.177873 -0.752287
v -0.102477 -0.177873 -0.752287
v -0.102477 -0.200744 -0.761172
v -0.102477 -0.134691 -0.787290
v -0.083373 -0.115587 -0.804319
v -0.102477 -0.134691 -0.443110
v -0.083373 -0.115587 -0.425316
v -0.102477 -0.163648 -0.729627
v -0.102477 -0.163648 -0.520899
v 0.102477 -0.163648 -0.729627
v 0.102477 -0.163648 -0.520899
v 0.102477 -0.134691 -0.443110
v 0.102477 -0.171007 -0.499141
v -0.102477 -0.171007 -0.499141
v 0.083373 -0.115587 -0.425316
v 0.083373 -0.264934 -0.425316
v 0.102522 -0.280025 -0.442809
v 0.102477 -0.207094 -0.482800
v 0.102710 -0.410876 -0.483791
v 0.102477 -0.188171 -0.486009
v -0.102477 -0.188171 -0.486009
v -0.102477 -0.207094 -0.482800
v -0.102710 -0.410876 -0.483791
v -0.102522 -0.280025 -0.442809
v -0.102898 -0.390737 -0.359611
v -0.102477 -0.321953 -0.421406
v -0.102898 -0.374545 -0.343419
v -0.083373 -0.303041 -0.405531
v -0.083373 -0.264934 -0.425316
v 0.083373 -0.303041 -0.405531
v 0.102477 -0.321953 -0.421406
v 0.102477 -0.322946 -0.340279
v 0.083373 -0.304020 -0.325577
v -0.083373 -0.304020 -0.325577
v 0.083373 -0.325501 -0.319813
v -0.083373 -0.325501 -0.319813
v -0.102477 -0.322946 -0.340279
v -0.102884 -0.373959 -0.298854
v -0.083373 -0.356643 -0.289142
v 0.083373 -0.356643 -0.289142
v -0.102477 -0.385498 -0.251753
v -0.083373 -0.366835 -0.247525
v 0.083373 -0.366835 -0.247525
v 0.102477 -0.385498 -0.251753
v 0.102884 -0.373959 -0.298854
v 0.102822 -0.371290 -0.195400
v 0.083373 -0.356596 -0.206663
v -0.083373 -0.356596 -0.206663
v 0.102701 -0.348324 -0.170262
v 0.083373 -0.325313 -0.176276
v -0.083373 -0.325313 -0.176276
v -0.102822 -0.371290 -0.195400
v -0.102701 -0.348324 -0.170262
v -0.083373 -0.325313 -0.163064
v 0.083373 -0.325313 -0.163064
v -0.102823 -0.371320 -0.146104
v -0.083373 -0.356455 -0.134281
v -0.102898 -0.368619 -0.170786
v -0.102898 -0.374545 -0.148668
v -0.102898 -0.374545 -0.192905
v 0.102898 -0.374545 -0.148668
v 0.102898 -0.368619 -0.170786
v 0.102898 -0.374545 -0.192905
v 0.102823 -0.371320 -0.146104
v 0.083373 -0.356455 -0.134281
v 0.083373 -0.366835 -0.090871
v 0.102477 -0.384891 -0.089681
v 0.102898 -0.390737 -0.132477
v 0.083373 -0.355983 -0.049820
v 0.102831 -0.371610 -0.039667
v 0.102898 -0.374545 -0.037760
v 0.102898 -0.390737 -0.053952
v -0.102898 -0.390737 -0.053952
v -0.102898 -0.412855 -0.059879
v 0.102898 -0.412855 -0.059879
v 0.102898 -0.412855 -0.126550
v -0.102898 -0.374545 -0.037760
v -0.102898 -0.390737 -0.132477
v -0.102898 -0.412855 -0.126550
v -0.102831 -0.371610 -0.039667
v -0.102477 -0.384891 -0.089681
v -0.083373 -0.366835 -0.090871
v -0.083373 -0.355983 -0.049820
v -0.102701 -0.348344 -0.015960
v -0.083373 -0.325313 -0.021509
v -0.102898 -0.368619 -0.015643
v -0.083373 -0.325313 -0.011128
v -0.102826 -0.371280 0.008474
v -0.083373 -0.355511 0.018126
v -0.102898 -0.374545 0.006476
v -0.102477 -0.385665 0.062341
v -0.083373 -0.367307 0.062480
v -0.102898 -0.390737 0.022667
v 0.102898 -0.374545 0.006476
v 0.102898 -0.368619 -0.015643
v 0.102898 -0.390737 0.022667
v 0.102826 -0.371280 0.008474
v 0.102701 -0.348344 -0.015960
v 0.102477 -0.385665 0.062341
v 0.083373 -0.355511 0.018126
v 0.083373 -0.367307 0.062480
v 0.083373 -0.325313 -0.011128
v 0.083373 -0.325313 -0.021509
v 0.083373 -0.355983 0.102115
v 0.102805 -0.370461 0.115324
v 0.102898 -0.374545 0.119050
v 0.102898 -0.390737 0.102859
v -0.102898 -0.390737 0.102859
v -0.102898 -0.412855 0.096932
v 0.102898 -0.412855 0.096932
v 0.102898 -0.412855 0.028594
v -0.102898 -0.374545 0.119050
v -0.102898 -0.412855 0.028594
v -0.102805 -0.370461 0.115325
v -0.102700 -0.348676 0.139882
v -0.102898 -0.368619 0.141168
v 0.102898 -0.368619 0.141168
v -0.083373 -0.326256 0.130898
v -0.083373 -0.355983 0.102115
v 0.083373 -0.326256 0.130898
v 0.102700 -0.348676 0.139882
v 0.083373 -0.326256 0.145997
v -0.083373 -0.326256 0.145997
v -0.083373 -0.356455 0.179027
v 0.102898 -0.390737 -0.209096
v -0.102898 -0.390737 -0.209096
v -0.102898 -0.412855 -0.215023
v 0.102898 -0.412855 -0.215023
v 0.102898 -0.412855 -0.277065
v 0.102898 -0.390737 -0.282991
v -0.102898 -0.390737 -0.282991
v -0.102898 -0.412855 -0.277065
v -0.102898 -0.374545 -0.299183
v 0.102898 -0.374545 -0.299183
v -0.102898 -0.368618 -0.321301
v 0.102898 -0.368618 -0.321301
v 0.102898 -0.374545 -0.343419
v 0.102898 -0.390737 -0.359611
v 0.102898 -0.374545 0.318431
v -0.102898 -0.374545 0.318431
v 0.012695 -0.321880 0.710384
v 0.000000 -0.316622 0.710384
v -0.012695 -0.321880 0.710384
v -0.017953 -0.334575 0.710384
v -0.012695 -0.347270 0.710384
v 0.000000 -0.352528 0.710384
v 0.012695 -0.347270 0.710384
v 0.017953 -0.334575 0.710384
v 0.012695 -0.321880 0.404542
v 0.000000 -0.316622 0.404542
v -0.012695 -0.321880 0.404542
v -0.017953 -0.334575 0.404542
v -0.012695 -0.347270 0.404542
v 0.000000 -0.352528 0.404542
v 0.012695 -0.347270 0.404542
v 0.017953 -0.334575 0.404542
v -0.165979 0.105593 -1.800357
v -0.183973 0.162299 -1.800357
v 0.183972 0.162299 -1.800357
v 0.165979 0.105593 -1.800357
v 0.183972 0.162299 -1.600956
v 0.165979 0.105593 -1.600956
v 0.224359 0.227713 -1.800357
v 0.224359 0.227713 -1.600956
v 0.153085 0.289715 -1.800357
v 0.183802 0.282889 -1.800357
v -0.153086 0.289715 -1.800357
v -0.165979 0.105593 -1.600956
v -0.183973 0.162299 -1.600956
v -0.224359 0.227713 -1.600956
v -0.224359 0.227713 -1.800357
v -0.183802 0.282889 -1.800357
v -0.153086 0.289715 -1.600956
v -0.183802 0.282889 -1.600956
v 0.153085 0.289715 -1.600956
v -0.126920 0.302798 -1.600956
v 0.126920 0.302798 -1.600956
v -0.126920 0.302798 -1.800357
v 0.126920 0.302798 -1.800357
v 0.183802 0.282889 -1.600956
v 0.257350 0.227713 -1.600956
v 0.237804 0.284273 -1.600956
v 0.237804 0.284274 -1.800357
v 0.272538 0.285164 -1.829262
v 0.272538 0.285164 -1.538619
v 0.237804 0.284273 -1.538619
v 0.257350 0.227713 -1.800357
v 0.273147 0.184486 -1.587920
v 0.271369 0.191341 -1.538619
v 0.332890 0.021003 -1.829262
v 0.332890 0.021003 -1.719524
v 0.328207 0.033969 -1.650294
v 0.294912 0.126156 -1.552390
v 0.314871 0.070894 -1.591605
v 0.325497 0.138866 -1.552390
v 0.345495 0.083621 -1.591605
v 0.301907 0.204032 -1.538619
v 0.363550 0.033745 -1.829262
v 0.358857 0.046707 -1.650294
v 0.363550 0.033745 -1.719524
v 0.237804 0.284274 -1.829262
v -0.068414 0.341976 -1.600956
v 0.068414 0.341976 -1.600956
v 0.068414 0.341977 -1.800357
v -0.068414 0.341977 -1.800357
v -0.000000 0.355784 -1.800357
v -0.000000 0.355784 -1.600956
v -0.257351 0.227713 -1.600956
v -0.237805 0.284273 -1.600956
v -0.237804 0.284274 -1.800357
v -0.272538 0.285164 -1.829262
v -0.272538 0.285164 -1.538619
v -0.237805 0.284273 -1.538619
v -0.257351 0.227713 -1.800357
v -0.271369 0.191341 -1.538619
v -0.273147 0.184486 -1.587920
v -0.332890 0.021003 -1.719524
v -0.332890 0.021003 -1.829262
v -0.328207 0.033969 -1.650294
v -0.294912 0.126156 -1.552390
v -0.314871 0.070894 -1.591605
v -0.325497 0.138866 -1.552390
v -0.345495 0.083621 -1.591605
v -0.301907 0.204032 -1.538619
v -0.363550 0.033745 -1.829262
v -0.363550 0.033745 -1.719524
v -0.358858 0.046707 -1.650294
v -0.237804 0.284274 -1.829262
v -0.126920 0.047007 -1.600956
v 0.126920 0.047007 -1.600956
v -0.126920 0.047007 -1.800357
v 0.126920 0.047007 -1.800357
v -0.108149 0.014015 -1.600956
v 0.108148 0.014015 -1.600956
v 0.108148 0.014015 -1.800357
v -0.108149 0.014015 -1.800357
v -0.101323 -0.021820 -1.800357
v 0.101323 -0.021820 -1.800357
v -0.101323 -0.021820 -1.600956
v 0.101323 -0.021820 -1.600956
v -0.101323 -0.106006 -1.600956
v 0.101323 -0.106006 -1.600956
v -0.101323 -0.106006 -1.800357
v 0.101323 -0.106006 -1.800357
v -0.653454 -0.803862 -1.678529
v -0.638607 -0.763220 -1.678529
v -0.659178 -0.755421 -1.682905
v -0.674025 -0.796062 -1.682905
v -0.674079 -0.796042 -1.703006
v -0.655882 -0.802941 -1.696400
v -0.632883 -0.811661 -1.682905
v -0.637035 -0.810087 -1.700410
v -0.321574 0.040494 -1.682905
v -0.342145 0.048293 -1.678529
v -0.362716 0.056093 -1.682905
v -0.644628 -0.715594 -1.682905
v -0.665242 -0.750975 -1.682688
v -0.683208 -0.768940 -1.695609
v -0.658666 -0.726434 -1.682688
v -0.665242 -0.750975 -1.663155
v -0.658666 -0.726434 -1.663155
v -0.683208 -0.768940 -1.663155
v -0.665242 -0.701893 -1.695609
v -0.665242 -0.701893 -1.663155
v -0.655071 -0.690422 -1.695367
v -0.683208 -0.683927 -1.713737
v -0.683208 -0.683927 -1.663155
v -0.666723 -0.686004 -1.714018
v -0.306056 0.259261 -1.695367
v -0.317709 0.263679 -1.714018
v -0.321801 0.265230 -1.736017
v -0.670815 -0.684452 -1.736018
v -0.690647 -0.681898 -1.735892
v -0.317709 0.263679 -1.758017
v -0.666723 -0.686004 -1.758017
v -0.683208 -0.683927 -1.757814
v -0.707749 -0.677351 -1.806978
v -0.707749 -0.677351 -1.663155
v -0.732290 -0.683927 -1.806978
v -0.683208 -0.683927 -1.806978
v -0.665242 -0.701893 -1.806978
v -0.658666 -0.726434 -1.806978
v -0.665242 -0.750975 -1.806978
v -0.683208 -0.768940 -1.806978
v -0.707749 -0.775516 -1.806978
v -0.732290 -0.768940 -1.806978
v -0.750255 -0.750975 -1.806978
v -0.756831 -0.726434 -1.806978
v -0.750255 -0.701893 -1.806978
v -0.732290 -0.683927 -1.663155
v -0.665242 -0.701893 -1.782727
v -0.658666 -0.726434 -1.789712
v -0.655071 -0.690422 -1.776668
v -0.644628 -0.715594 -1.789130
v -0.659178 -0.755421 -1.789130
v -0.665242 -0.750975 -1.789712
v -0.683208 -0.768940 -1.757814
v -0.683208 -0.768940 -1.782728
v -0.665242 -0.750975 -1.757814
v -0.674025 -0.796062 -1.789130
v -0.653454 -0.803862 -1.793506
v -0.651026 -0.804783 -1.775635
v -0.669874 -0.797637 -1.771626
v -0.321574 0.040494 -1.789130
v -0.632883 -0.811661 -1.789130
v -0.342145 0.048293 -1.793506
v -0.632829 -0.811682 -1.769029
v -0.362716 0.056093 -1.789130
v -0.282433 0.268959 -1.703884
v -0.284244 0.264182 -1.689049
v -0.288617 0.252648 -1.682905
v -0.288617 0.252649 -1.789130
v -0.284244 0.264182 -1.782985
v -0.282433 0.268959 -1.768151
v -0.306056 0.259261 -1.776668
v -0.298239 0.269488 -1.772985
v -0.288113 0.271113 -1.764092
v -0.296161 0.274164 -1.751211
v -0.298987 0.275235 -1.736017
v -0.296161 0.274164 -1.720824
v -0.288113 0.271113 -1.707943
v -0.298239 0.269488 -1.699050
v -0.308836 0.273506 -1.716011
v -0.312557 0.274916 -1.736017
v -0.308836 0.273506 -1.756024
v -0.279415 0.100011 -1.776668
v -0.615444 -0.818273 -1.776668
v -0.296854 0.106623 -1.789130
v -0.296854 0.106623 -1.682905
v -0.293316 0.116088 -1.687939
v -0.291850 0.120009 -1.700092
v -0.291850 0.120009 -1.771943
v -0.293316 0.116088 -1.784096
v -0.278698 0.110546 -1.773651
v -0.284045 0.117049 -1.766365
v -0.284045 0.117049 -1.705670
v -0.275346 0.113751 -1.719593
v -0.272291 0.112593 -1.736017
v -0.275346 0.113751 -1.752442
v -0.278698 0.110546 -1.698384
v -0.267911 0.106456 -1.715651
v -0.264123 0.105020 -1.736017
v -0.267911 0.106456 -1.756384
v -0.263670 0.094042 -1.736017
v -0.267762 0.095593 -1.758017
v -0.603791 -0.822691 -1.758018
v -0.599699 -0.824243 -1.736018
v -0.620159 -0.816486 -1.753578
v -0.616410 -0.817907 -1.733421
v -0.671843 -0.986277 -1.732814
v -0.676468 -0.986277 -1.757683
v -0.692100 -0.986277 -1.776746
v -0.628087 -0.986277 -1.729941
v -0.643571 -0.986277 -1.777109
v -0.695901 -0.986277 -1.813266
v -0.628087 -1.018176 -1.729941
v -0.643571 -1.018176 -1.777109
v -0.695901 -1.018176 -1.813266
v -0.653599 -1.018176 -1.684401
v -0.713270 -1.018176 -1.652692
v -0.791112 -1.018176 -1.643310
v -0.866266 -1.018176 -1.658769
v -0.918596 -1.018176 -1.694926
v -0.934080 -1.018176 -1.742094
v -0.908569 -1.018176 -1.787634
v -0.848897 -1.018176 -1.819343
v -0.771056 -1.018176 -1.828725
v -0.771056 -0.986277 -1.828725
v -0.848897 -0.986277 -1.819343
v -0.737804 -0.986277 -1.779950
v -0.714551 -0.986277 -1.784896
v -0.755630 -0.986277 -1.763231
v -0.908569 -0.986277 -1.787634
v -0.684321 -0.792159 -1.758075
v -0.691464 -0.789450 -1.776668
v -0.690498 -0.789817 -1.738614
v -0.763251 -0.986277 -1.739221
v -0.707209 -0.783481 -1.736018
v -0.703117 -0.785032 -1.758018
v -0.717273 -0.772964 -1.735892
v -0.707749 -0.775516 -1.757814
v -0.750255 -0.750975 -1.663155
v -0.732290 -0.768940 -1.663155
v -0.750255 -0.701893 -1.663155
v -0.756831 -0.726434 -1.663155
v -0.707749 -0.775516 -1.663155
v -0.707749 -0.775516 -1.713738
v -0.703117 -0.785032 -1.714018
v -0.691464 -0.789450 -1.695367
v -0.686749 -0.791238 -1.718458
v -0.758625 -0.986277 -1.714353
v -0.742993 -0.986277 -1.695289
v -0.934080 -0.986277 -1.742094
v -0.918596 -0.986277 -1.694926
v -0.866266 -0.986277 -1.658769
v -0.791112 -0.986277 -1.643310
v -0.713270 -0.986277 -1.652692
v -0.720542 -0.986277 -1.687139
v -0.697289 -0.986277 -1.692086
v -0.679464 -0.986277 -1.708804
v -0.653599 -0.986278 -1.684401
v -0.622587 -0.815565 -1.713960
v -0.615444 -0.818273 -1.695367
v -0.603791 -0.822691 -1.714018
v -0.267762 0.095593 -1.714018
v -0.279415 0.100011 -1.695367
v -0.683208 -0.768940 -1.735892
v -0.665242 -0.750975 -1.735892
v -0.683208 -0.768940 -1.713738
v -0.665242 -0.750975 -1.713738
v -0.282935 0.213330 -1.713637
v -0.286984 0.202356 -1.716771
v -0.289949 0.194323 -1.725334
v -0.291034 0.191383 -1.737031
v -0.289949 0.194323 -1.748728
v -0.286984 0.202356 -1.757291
v -0.282935 0.213330 -1.760425
v -0.278885 0.224304 -1.757291
v -0.275920 0.232337 -1.748728
v -0.274835 0.235277 -1.737031
v -0.275920 0.232337 -1.725334
v -0.278885 0.224304 -1.716771
v -0.341286 0.234855 -1.713637
v -0.345336 0.223881 -1.716771
v -0.337236 0.245829 -1.716771
v -0.334272 0.253862 -1.725334
v -0.333186 0.256802 -1.737031
v -0.334272 0.253862 -1.748728
v -0.337236 0.245829 -1.757291
v -0.341286 0.234855 -1.760425
v -0.345336 0.223881 -1.757291
v -0.348300 0.215848 -1.748728
v -0.349386 0.212908 -1.737031
v -0.348300 0.215848 -1.725334
v -0.405462 0.048494 -1.698208
v -0.412182 0.030283 -1.703409
v -0.409828 0.036663 -1.724420
v -0.405462 0.048494 -1.719197
v -0.416286 0.052400 -1.698208
v -0.423007 0.034189 -1.703409
v -0.398741 0.066705 -1.703409
v -0.409565 0.070611 -1.703409
v -0.401096 0.060325 -1.724420
v -0.384268 0.027230 -1.724420
v -0.379901 0.039061 -1.719197
v -0.375535 0.050892 -1.724420
v -0.399287 0.065226 -1.737031
v -0.373727 0.055793 -1.737031
v -0.392020 0.084916 -1.737031
v -0.393821 0.080036 -1.717620
v -0.401096 0.060325 -1.749642
v -0.375535 0.050892 -1.749642
v -0.405462 0.048494 -1.754866
v -0.379901 0.039061 -1.754866
v -0.405462 0.048494 -1.775854
v -0.398741 0.066705 -1.770653
v -0.393821 0.080036 -1.756442
v -0.409565 0.070611 -1.770653
v -0.404646 0.083943 -1.756442
v -0.402845 0.088822 -1.737031
v -0.404646 0.083943 -1.717620
v -0.416286 0.052400 -1.775854
v -0.423007 0.034189 -1.770653
v -0.427927 0.020858 -1.756442
v -0.429727 0.015979 -1.737031
v -0.427927 0.020858 -1.717620
v -0.412182 0.030283 -1.770653
v -0.409828 0.036663 -1.749642
v -0.417102 0.016952 -1.756442
v -0.411636 0.031762 -1.737031
v -0.384268 0.027230 -1.749642
v -0.386076 0.022329 -1.737031
v -0.418903 0.012072 -1.737031
v -0.417102 0.016952 -1.717620
v 0.653454 -0.803862 -1.678529
v 0.674025 -0.796062 -1.682905
v 0.659178 -0.755421 -1.682905
v 0.638607 -0.763220 -1.678529
v 0.655882 -0.802941 -1.696400
v 0.674079 -0.796042 -1.703006
v 0.632883 -0.811661 -1.682905
v 0.637034 -0.810087 -1.700410
v 0.342144 0.048293 -1.678529
v 0.321573 0.040494 -1.682905
v 0.644628 -0.715594 -1.682905
v 0.362715 0.056093 -1.682905
v 0.683207 -0.768940 -1.695609
v 0.665242 -0.750975 -1.682688
v 0.658666 -0.726434 -1.682688
v 0.665242 -0.750975 -1.663155
v 0.658666 -0.726434 -1.663155
v 0.683207 -0.768940 -1.663155
v 0.665242 -0.701893 -1.663155
v 0.665242 -0.701893 -1.695609
v 0.655070 -0.690422 -1.695367
v 0.683207 -0.683927 -1.663155
v 0.683207 -0.683927 -1.713738
v 0.666723 -0.686004 -1.714018
v 0.306056 0.259261 -1.695367
v 0.317709 0.263679 -1.714018
v 0.670815 -0.684452 -1.736018
v 0.321800 0.265230 -1.736017
v 0.690647 -0.681898 -1.735892
v 0.666723 -0.686004 -1.758018
v 0.317709 0.263679 -1.758017
v 0.683207 -0.683927 -1.757814
v 0.707748 -0.677351 -1.806978
v 0.707748 -0.677351 -1.663155
v 0.732289 -0.683927 -1.806978
v 0.750255 -0.701893 -1.806978
v 0.756831 -0.726434 -1.806978
v 0.750255 -0.750975 -1.806978
v 0.732289 -0.768940 -1.806978
v 0.707748 -0.775516 -1.806978
v 0.683207 -0.768940 -1.806978
v 0.665242 -0.750975 -1.806978
v 0.658666 -0.726434 -1.806978
v 0.665242 -0.701893 -1.806978
v 0.683207 -0.683927 -1.806978
v 0.732290 -0.683927 -1.663155
v 0.665242 -0.701893 -1.782728
v 0.658666 -0.726434 -1.789712
v 0.655070 -0.690422 -1.776668
v 0.644628 -0.715594 -1.789130
v 0.665242 -0.750975 -1.789712
v 0.659177 -0.755421 -1.789130
v 0.683207 -0.768940 -1.757814
v 0.665242 -0.750975 -1.757814
v 0.683207 -0.768940 -1.782728
v 0.674025 -0.796062 -1.789130
v 0.653454 -0.803862 -1.793507
v 0.669873 -0.797637 -1.771626
v 0.651026 -0.804783 -1.775635
v 0.321573 0.040494 -1.789130
v 0.342144 0.048293 -1.793506
v 0.632883 -0.811661 -1.789130
v 0.632829 -0.811682 -1.769029
v 0.362715 0.056093 -1.789130
v 0.282433 0.268959 -1.703884
v 0.282433 0.268959 -1.768151
v 0.284244 0.264182 -1.782985
v 0.288617 0.252649 -1.789130
v 0.288617 0.252648 -1.682905
v 0.284244 0.264182 -1.689049
v 0.306056 0.259261 -1.776668
v 0.298239 0.269488 -1.772985
v 0.288113 0.271113 -1.764092
v 0.288113 0.271113 -1.707943
v 0.296160 0.274164 -1.720824
v 0.298986 0.275235 -1.736017
v 0.296160 0.274164 -1.751211
v 0.298239 0.269488 -1.699050
v 0.308836 0.273506 -1.716011
v 0.312557 0.274916 -1.736017
v 0.308836 0.273506 -1.756024
v 0.615443 -0.818273 -1.776668
v 0.279415 0.100011 -1.776668
v 0.296854 0.106623 -1.789130
v 0.293316 0.116088 -1.784096
v 0.291850 0.120009 -1.771943
v 0.291850 0.120009 -1.700092
v 0.293316 0.116088 -1.687939
v 0.296854 0.106623 -1.682905
v 0.278698 0.110546 -1.773651
v 0.284044 0.117049 -1.766365
v 0.275345 0.113751 -1.752442
v 0.272290 0.112593 -1.736017
v 0.275345 0.113751 -1.719593
v 0.284044 0.117049 -1.705670
v 0.278698 0.110546 -1.698384
v 0.267910 0.106456 -1.715651
v 0.264122 0.105020 -1.736017
v 0.267910 0.106456 -1.756384
v 0.263670 0.094042 -1.736017
v 0.267762 0.095593 -1.758017
v 0.603791 -0.822691 -1.758018
v 0.599699 -0.824243 -1.736018
v 0.620158 -0.816486 -1.753578
v 0.616409 -0.817907 -1.733421
v 0.676468 -0.986277 -1.757683
v 0.671842 -0.986277 -1.732814
v 0.692100 -0.986277 -1.776746
v 0.643571 -0.986277 -1.777109
v 0.628087 -0.986277 -1.729941
v 0.695901 -0.986277 -1.813266
v 0.643571 -1.018176 -1.777109
v 0.628087 -1.018176 -1.729941
v 0.695901 -1.018176 -1.813266
v 0.771056 -1.018176 -1.828725
v 0.848897 -1.018176 -1.819343
v 0.908568 -1.018176 -1.787634
v 0.934080 -1.018176 -1.742094
v 0.918596 -1.018176 -1.694926
v 0.866266 -1.018176 -1.658769
v 0.791111 -1.018176 -1.643310
v 0.713270 -1.018176 -1.652692
v 0.653599 -1.018176 -1.684402
v 0.771056 -0.986277 -1.828725
v 0.848897 -0.986277 -1.819343
v 0.737804 -0.986277 -1.779950
v 0.714551 -0.986277 -1.784896
v 0.755629 -0.986277 -1.763232
v 0.908568 -0.986277 -1.787634
v 0.684321 -0.792159 -1.758075
v 0.691464 -0.789450 -1.776668
v 0.690498 -0.789817 -1.738614
v 0.763250 -0.986277 -1.739221
v 0.707208 -0.783481 -1.736018
v 0.703117 -0.785032 -1.758018
v 0.707748 -0.775516 -1.757814
v 0.717273 -0.772964 -1.735892
v 0.750255 -0.750975 -1.663155
v 0.732290 -0.768940 -1.663155
v 0.707748 -0.775516 -1.663155
v 0.756831 -0.726434 -1.663155
v 0.750255 -0.701893 -1.663155
v 0.707748 -0.775516 -1.713738
v 0.703117 -0.785032 -1.714018
v 0.691464 -0.789450 -1.695367
v 0.686749 -0.791238 -1.718458
v 0.758625 -0.986277 -1.714353
v 0.742993 -0.986277 -1.695290
v 0.918596 -0.986277 -1.694926
v 0.934080 -0.986277 -1.742094
v 0.866266 -0.986277 -1.658769
v 0.791111 -0.986277 -1.643310
v 0.713270 -0.986277 -1.652692
v 0.720542 -0.986277 -1.687139
v 0.697289 -0.986277 -1.692086
v 0.679463 -0.986277 -1.708804
v 0.653599 -0.986278 -1.684402
v 0.622586 -0.815565 -1.713960
v 0.615443 -0.818273 -1.695367
v 0.603791 -0.822691 -1.714018
v 0.267762 0.095593 -1.714018
v 0.279415 0.100011 -1.695367
v 0.683207 -0.768940 -1.735892
v 0.665242 -0.750975 -1.735892
v 0.683207 -0.768940 -1.713738
v 0.665242 -0.750975 -1.713738
v 0.282934 0.213330 -1.713637
v 0.278885 0.224304 -1.716771
v 0.275920 0.232337 -1.725334
v 0.274835 0.235277 -1.737031
v 0.275920 0.232337 -1.748728
v 0.278885 0.224304 -1.757291
v 0.282934 0.213330 -1.760425
v 0.286984 0.202356 -1.757291
v 0.289949 0.194323 -1.748728
v 0.291034 0.191383 -1.737031
v 0.289949 0.194323 -1.725334
v 0.286984 0.202356 -1.716771
v 0.345336 0.223881 -1.716771
v 0.341286 0.234855 -1.713637
v 0.337236 0.245829 -1.716771
v 0.334271 0.253862 -1.725334
v 0.348300 0.215848 -1.725334
v 0.349385 0.212908 -1.737031
v 0.348300 0.215848 -1.748728
v 0.345336 0.223881 -1.757291
v 0.341286 0.234855 -1.760425
v 0.337236 0.245829 -1.757291
v 0.334271 0.253862 -1.748728
v 0.333186 0.256802 -1.737031
v 0.405461 0.048494 -1.698208
v 0.405461 0.048494 -1.719197
v 0.409828 0.036663 -1.724420
v 0.412182 0.030283 -1.703409
v 0.423006 0.034189 -1.703409
v 0.416286 0.052400 -1.698208
v 0.398741 0.066705 -1.703409
v 0.409565 0.070611 -1.703409
v 0.401095 0.060325 -1.724420
v 0.379901 0.039061 -1.719197
v 0.384267 0.027230 -1.724420
v 0.375535 0.050892 -1.724420
v 0.399287 0.065226 -1.737031
v 0.373726 0.055793 -1.737031
v 0.392020 0.084916 -1.737031
v 0.393821 0.080036 -1.717620
v 0.401095 0.060325 -1.749642
v 0.375535 0.050892 -1.749642
v 0.405461 0.048494 -1.754866
v 0.379901 0.039061 -1.754866
v 0.405461 0.048494 -1.775854
v 0.398741 0.066705 -1.770653
v 0.393821 0.080036 -1.756442
v 0.404645 0.083943 -1.756442
v 0.409565 0.070611 -1.770653
v 0.402844 0.088822 -1.737031
v 0.404645 0.083943 -1.717620
v 0.427926 0.020858 -1.717620
v 0.429727 0.015979 -1.737031
v 0.427926 0.020858 -1.756442
v 0.423006 0.034189 -1.770653
v 0.416286 0.052400 -1.775854
v 0.412182 0.030283 -1.770653
v 0.409828 0.036663 -1.749642
v 0.417102 0.016952 -1.756442
v 0.411636 0.031762 -1.737031
v 0.386076 0.022329 -1.737031
v 0.384267 0.027230 -1.749642
v 0.418903 0.012072 -1.737031
v 0.417102 0.016952 -1.717620
v 0.065908 0.228550 0.881498
v 0.082164 0.194752 0.881498
v 0.074129 0.191731 0.881498
v 0.059138 0.223350 0.881498
v -0.065865 0.228613 0.881498
v -0.082154 0.194831 0.881498
v -0.082154 0.194830 2.115503
v -0.065865 0.228613 2.115503
v -0.036605 0.100130 0.881498
v -0.000045 0.091767 0.881498
v -0.000045 0.091766 2.115503
v -0.036605 0.100130 2.115503
v -0.082172 0.157326 0.881498
v -0.082172 0.157326 2.115503
v -0.065916 0.123528 0.881498
v -0.065916 0.123527 2.115503
v -0.036532 0.251983 0.881498
v -0.036532 0.251983 2.115503
v 0.036524 0.100095 0.881498
v 0.036524 0.100094 2.115503
v 0.000037 0.260311 0.881498
v 0.000037 0.260311 2.115503
v 0.065857 0.123464 0.881498
v 0.065857 0.123464 2.115503
v 0.036597 0.251948 0.881498
v 0.036597 0.251947 2.115503
v 0.065908 0.228550 2.115503
v 0.082164 0.194751 2.115503
v 0.082146 0.157247 0.881498
v 0.082146 0.157247 2.115503
v 0.026647 0.173880 0.881498
v 0.017964 0.155413 0.881498
v 0.017964 0.155413 1.014181
v 0.026647 0.173880 1.014181
v -0.019701 0.157176 0.881498
v -0.001233 0.148494 0.881498
v 0.074163 0.159640 0.881498
v 0.066507 0.137612 0.881498
v -0.017938 0.194841 0.881498
v -0.026620 0.176373 0.881498
v 0.001260 0.201760 0.881498
v 0.033648 0.241656 0.881498
v -0.019701 0.157176 1.014181
v -0.001233 0.148493 1.014181
v 0.019727 0.193078 0.881498
v 0.019727 0.193078 1.014181
v 0.001260 0.201760 1.014181
v -0.017938 0.194841 1.014181
v -0.026620 0.176373 1.014181
v 0.000013 0.175127 0.961437
v 0.074163 0.159640 0.861394
v 0.074129 0.191731 0.861394
v 0.066527 0.161928 0.853480
v 0.059310 0.141157 0.853480
v 0.048033 0.146711 0.853480
v 0.054076 0.165660 0.853480
v 0.054224 0.184248 0.881498
v 0.054076 0.165660 0.881498
v 0.041739 0.209985 0.881498
v 0.028535 0.223815 0.881498
v 0.028535 0.223815 0.853480
v 0.041739 0.209985 0.853480
v 0.054224 0.184248 0.853480
v 0.048033 0.146711 0.881498
v 0.059138 0.223350 0.861394
v 0.066507 0.137612 0.861394
v 0.033648 0.241656 0.861394
v 0.031325 0.233551 0.853480
v 0.052562 0.218299 0.853480
v 0.066506 0.188865 0.853480
v -0.094999 0.100357 2.193284
v -0.052755 0.066635 2.193284
v -0.000063 0.054581 2.193284
v 0.052641 0.066584 2.193284
v 0.068866 0.079510 2.193284
v 0.115486 0.142922 2.193284
v 0.118395 0.148955 2.193284
v 0.118421 0.203008 2.193284
v 0.094991 0.251720 2.193284
v 0.070773 0.270989 2.193284
v 0.070773 0.303945 2.193284
v 0.039214 0.317048 2.193284
v 0.039214 0.353180 2.193284
v -0.000150 0.358963 2.193284
v -0.039514 0.354422 2.193284
v -0.039514 0.318290 2.193284
v -0.071073 0.305187 2.193284
v -0.071073 0.272231 2.193284
v -0.094926 0.251811 2.193284
v -0.118403 0.203122 2.193284
v -0.118429 0.149069 2.193284
v 0.094991 0.251720 2.074789
v 0.070773 0.270989 2.074789
v 0.070773 0.303945 2.074789
v -0.094999 0.100357 2.074789
v -0.118429 0.149069 2.074789
v -0.118403 0.203122 2.074789
v -0.094926 0.251812 2.074789
v -0.071073 0.272231 2.074789
v -0.071073 0.305187 2.074789
v -0.039514 0.318290 2.074789
v -0.039514 0.354422 2.074789
v -0.000150 0.358963 2.074789
v 0.039214 0.353180 2.074789
v 0.039214 0.317048 2.074789
v 0.118421 0.203008 2.074789
v 0.118395 0.148955 2.074789
v 0.115486 0.142922 2.074789
v 0.068866 0.079510 2.074789
v 0.052641 0.066584 2.074789
v -0.000063 0.054582 2.074789
v -0.052755 0.066635 2.074789
v 0.147836 0.023028 2.193284
v 0.192391 0.088565 2.193284
v 0.147836 0.023028 2.074789
v 0.163247 0.012005 2.185437
v 0.207513 0.078310 2.185437
v 0.163247 0.012005 2.082635
v 0.192391 0.088565 2.074789
v 0.207513 0.078310 2.082635
v 0.169631 0.007440 2.101577
v 0.214266 0.073102 2.101577
v 0.214266 0.073102 2.166495
v 0.169631 0.007440 2.166495
v 0.192051 0.040421 2.161199
v 0.199682 0.051626 2.157470
v 0.207238 0.062722 2.133855
v 0.205241 0.059789 2.147461
v 0.307539 -0.024945 2.155858
v 0.312716 -0.017344 2.146538
v 0.314576 -0.014612 2.133868
v 0.315300 -0.013550 2.149147
v 0.317548 -0.010248 2.133832
v 0.309042 -0.022738 2.160412
v 0.542939 -0.136229 2.166046
v 0.547701 -0.129235 2.133605
v 0.529686 -0.155695 2.189910
v 0.537824 -0.162266 2.188590
v 0.550762 -0.143266 2.165267
v 0.555402 -0.136451 2.133576
v 0.520057 -0.188359 2.197295
v 0.511494 -0.182415 2.198803
v 0.300453 -0.035351 2.164610
v 0.502220 -0.214554 2.189050
v 0.493236 -0.209231 2.190341
v 0.291833 -0.048009 2.160615
v 0.300433 -0.035380 2.159331
v 0.293302 -0.045852 2.156026
v 0.184392 0.029175 2.157651
v 0.178759 0.020902 2.147774
v 0.288056 -0.053555 2.146829
v 0.176659 0.017820 2.134217
v 0.286101 -0.056426 2.134205
v 0.285492 -0.057320 2.149499
v 0.283129 -0.060790 2.134240
v 0.479806 -0.228957 2.166793
v 0.474801 -0.236308 2.134467
v 0.484194 -0.241027 2.134496
v 0.489094 -0.233831 2.166064
v 0.488835 -0.234212 2.102805
v 0.479563 -0.229314 2.102026
v 0.285377 -0.057488 2.118926
v 0.501772 -0.215212 2.079483
v 0.492816 -0.209848 2.078162
v 0.291635 -0.048300 2.107660
v 0.287961 -0.053694 2.121535
v 0.293138 -0.046093 2.112215
v 0.178657 0.020753 2.120611
v 0.184216 0.028916 2.110603
v 0.191847 0.040122 2.106873
v 0.300244 -0.035658 2.108742
v 0.199505 0.051367 2.110422
v 0.307375 -0.025186 2.112047
v 0.308844 -0.023029 2.107456
v 0.300224 -0.035687 2.103462
v 0.529266 -0.156312 2.077731
v 0.511008 -0.183128 2.069270
v 0.519540 -0.189119 2.070777
v 0.537376 -0.162924 2.079022
v 0.550503 -0.143646 2.102008
v 0.542696 -0.136586 2.101279
v 0.315185 -0.013718 2.118573
v 0.312621 -0.017483 2.121243
v 0.205139 0.059640 2.120298
v 0.557790 -0.146506 2.133516
v 0.553392 -0.152964 2.105395
v 0.541669 -0.170179 2.084949
v 0.553685 -0.152534 2.161776
v 0.554245 -0.156675 2.133431
v 0.550605 -0.162020 2.110506
v 0.550945 -0.161520 2.156518
v 0.541590 -0.175257 2.173582
v 0.542176 -0.169434 2.182603
v 0.528686 -0.194206 2.180049
v 0.526348 -0.192677 2.190417
v 0.515691 -0.213288 2.174187
v 0.510442 -0.216035 2.183124
v 0.506086 -0.227392 2.157566
v 0.498719 -0.233250 2.162677
v 0.494321 -0.239708 2.134557
v 0.502446 -0.232737 2.134641
v 0.505746 -0.227892 2.111554
v 0.498426 -0.233680 2.106297
v 0.515101 -0.214154 2.094490
v 0.509934 -0.216780 2.085469
v 0.525762 -0.193537 2.077656
v 0.528005 -0.195206 2.088024
v 0.541000 -0.176123 2.093885
v 0.091611 0.249027 2.191691
v 0.050870 0.281549 2.191691
v 0.050816 0.281438 2.207068
v 0.091515 0.248950 2.207068
v 0.000052 0.293174 2.191691
v 0.000052 0.293051 2.207068
v 0.000049 0.285385 2.224426
v 0.047487 0.274534 2.224426
v 0.085520 0.244174 2.224426
v -0.047400 0.274579 2.224426
v -0.050723 0.281487 2.207068
v -0.050776 0.281598 2.191691
v -0.091453 0.249038 2.207068
v -0.085462 0.244256 2.224426
v -0.091549 0.249115 2.191691
v -0.114190 0.202159 2.191691
v -0.114070 0.202131 2.207068
v -0.114215 0.150028 2.191691
v -0.114095 0.150056 2.207068
v -0.106597 0.200422 2.224426
v -0.106621 0.151758 2.224426
v -0.091523 0.103127 2.207068
v -0.085528 0.107903 2.224426
v -0.091619 0.103050 2.191691
v -0.050824 0.070639 2.207068
v -0.047495 0.077543 2.224426
v -0.050878 0.070528 2.191691
v -0.000060 0.058903 2.191691
v -0.000060 0.059026 2.207068
v 0.050768 0.070479 2.191691
v 0.050715 0.070590 2.207068
v -0.000057 0.066692 2.224426
v 0.047392 0.077498 2.224426
v 0.085454 0.107821 2.224426
v 0.091445 0.103039 2.207068
v 0.091541 0.102962 2.191691
v 0.106589 0.151655 2.224426
v 0.114062 0.149946 2.207068
v 0.114182 0.149918 2.191691
v 0.114207 0.202048 2.191691
v 0.114087 0.202021 2.207068
v 0.106613 0.200319 2.224426
v 0.089228 0.196360 2.232163
v 0.089209 0.155631 2.232163
v 0.071574 0.233064 2.232163
v 0.071519 0.118944 2.232163
v -0.089236 0.155717 2.232163
v -0.071582 0.119013 2.232163
v -0.039751 0.093604 2.232163
v -0.000048 0.084522 2.232163
v 0.039664 0.093565 2.232163
v 0.039743 0.258473 2.232163
v 0.000040 0.267555 2.232163
v -0.039672 0.258511 2.232163
v -0.071527 0.233133 2.232163
v -0.089217 0.196446 2.232163
v -0.072360 -0.123080 1.526864
v -0.066326 -0.123080 1.534636
v -0.051757 -0.123080 1.541260
v 0.000000 -0.123080 1.541260
v 0.000000 -0.123080 0.798540
v -0.052905 -0.123080 0.798540
v -0.066662 -0.123080 0.804795
v -0.072360 -0.123080 0.819896
v 0.072361 -0.123080 1.526864
v 0.072360 -0.123080 0.819896
v 0.066662 -0.123080 0.804795
v 0.052906 -0.123080 0.798540
v 0.051757 -0.123080 1.541260
v 0.066326 -0.123080 1.534636
v 0.000000 -0.755966 1.558067
v -0.092739 -0.755966 1.558067
v -0.092655 -0.772105 1.559131
v 0.000000 -0.772105 1.559131
v -0.059066 -0.702255 0.792208
v -0.059066 0.054589 0.792208
v 0.000000 0.054589 0.792208
v 0.000000 -0.702255 0.792208
v 0.000000 -0.755846 1.547601
v -0.057783 -0.755846 1.547601
v -0.080786 0.054589 0.813929
v -0.080786 0.054589 1.044152
v -0.072360 0.054589 1.044159
v -0.072360 0.054589 0.819896
v -0.080786 -0.754214 1.524598
v -0.080786 -0.703796 0.813928
v -0.092541 -0.702255 0.778636
v -0.092870 -0.718393 0.779453
v 0.000000 -0.718393 0.779453
v -0.052905 0.054589 0.798540
v 0.000000 0.054589 0.798540
v -0.074049 -0.755368 1.540864
v -0.080786 0.054589 1.526864
v -0.074049 0.077376 1.540864
v -0.057783 0.077376 1.547601
v -0.074424 -0.702706 0.798570
v -0.074424 0.054589 0.798570
v 0.000000 0.077376 1.547601
v -0.066662 0.054589 0.804795
v -0.072360 0.077376 1.526864
v -0.066326 0.077376 1.534636
v -0.080786 0.077376 1.526864
v -0.072360 0.064547 1.054117
v -0.080786 0.064547 1.054110
v -0.080786 0.077376 1.054110
v -0.072360 0.077376 1.054117
v -0.051757 0.077376 1.541260
v -0.074195 0.092895 1.054110
v -0.074195 0.092894 1.526864
v -0.060424 0.110424 1.526864
v -0.060424 0.110424 1.054110
v -0.066457 0.092894 1.526864
v -0.055477 0.106401 1.526864
v -0.055477 0.106401 1.054117
v -0.066457 0.092895 1.054117
v 0.000000 -0.702255 0.778636
v 0.000000 0.077376 1.541260
v 0.092655 -0.772105 1.559131
v 0.092739 -0.755966 1.558067
v 0.059066 -0.702255 0.792208
v 0.059066 0.054589 0.792208
v 0.057783 -0.755846 1.547601
v 0.080786 0.054589 0.813929
v 0.072360 0.054589 0.819896
v 0.072360 0.054589 1.044159
v 0.080786 0.054589 1.044152
v 0.092541 -0.702255 0.778636
v 0.080786 -0.703796 0.813928
v 0.080786 -0.754214 1.524598
v 0.092870 -0.718393 0.779453
v 0.052906 0.054589 0.798540
v 0.074049 -0.755368 1.540864
v 0.080786 0.054589 1.526864
v 0.074049 0.077376 1.540864
v 0.057783 0.077376 1.547601
v 0.074424 -0.702706 0.798570
v 0.074424 0.054589 0.798570
v 0.066662 0.054589 0.804795
v 0.072361 0.077376 1.526864
v 0.066326 0.077376 1.534636
v 0.080786 0.077376 1.526864
v 0.072360 0.064547 1.054117
v 0.072360 0.077376 1.054117
v 0.080786 0.077376 1.054110
v 0.080786 0.064547 1.054110
v 0.051757 0.077376 1.541260
v 0.074195 0.092895 1.054110
v 0.060424 0.110424 1.054110
v 0.060424 0.110424 1.526864
v 0.074195 0.092894 1.526864
v 0.055477 0.106401 1.526864
v 0.066457 0.092894 1.526864
v 0.055477 0.106401 1.054117
v 0.066457 0.092895 1.054117
v 0.197791 -0.053543 0.432221
v 0.176821 -0.101718 0.432221
v 0.162919 -0.087815 0.432221
v 0.143928 -0.082727 0.432221
v 0.122897 0.068586 2.054703
v 0.108698 0.056298 2.073045
v 0.097108 0.046271 0.432221
v 0.108700 -0.053231 2.323356
v 0.108700 0.056868 2.323356
v 0.103624 0.056868 2.364639
v 0.103624 -0.053187 2.364639
v 0.158558 0.099406 2.281080
v 0.158548 0.099413 2.188811
v 0.158548 0.111681 2.188811
v 0.158558 0.111674 2.268250
v 0.108700 0.056297 2.188811
v 0.000000 -0.159393 0.567225
v -0.051582 -0.159393 0.567225
v -0.097108 -0.411593 0.567225
v 0.000000 -0.411593 0.567225
v 0.153865 0.095378 2.073045
v 0.153861 0.095381 2.014704
v 0.197791 -0.187448 0.432221
v 0.197791 -0.053543 0.495694
v 0.197791 -0.187448 0.495694
v 0.052409 0.392656 2.014704
v 0.052409 0.328663 2.014704
v 0.052409 0.328664 0.432222
v 0.052409 0.392656 0.432222
v 0.051582 -0.087904 0.567225
v 0.051582 -0.087904 0.792037
v 0.051582 -0.159393 0.792037
v 0.051582 -0.159393 0.567225
v -0.198285 -0.187448 0.432221
v -0.198285 -0.187448 0.495694
v -0.198285 -0.053543 0.495694
v -0.198285 -0.053543 0.432221
v 0.000000 -0.435429 0.543389
v 0.000000 -0.435429 0.456058
v 0.097108 -0.435429 0.456058
v 0.097108 -0.435429 0.543389
v 0.097108 -0.087904 0.567225
v 0.097108 -0.411593 0.567225
v 0.097108 -0.053543 0.495694
v 0.097108 -0.053543 0.432221
v 0.097108 -0.087904 1.483236
v 0.086820 -0.087904 1.482670
v 0.096523 -0.087904 0.613853
v 0.086820 -0.382944 1.494109
v 0.086820 -0.358296 1.482670
v 0.086820 -0.252094 1.693077
v 0.086820 -0.394383 1.693077
v 0.086820 -0.394383 1.518756
v 0.097108 -0.087904 1.756551
v 0.086820 -0.087904 1.756643
v 0.086820 -0.190160 1.756643
v 0.086820 -0.201896 1.724101
v 0.086820 -0.226123 1.701593
v 0.063126 -0.190160 1.756643
v 0.063126 -0.201896 1.724101
v 0.063126 -0.226123 1.701593
v 0.063126 -0.252094 1.693077
v 0.063126 -0.394383 1.693077
v -0.097108 -0.053543 0.495694
v -0.097108 -0.053543 0.432221
v -0.158532 0.099424 2.014704
v -0.097108 0.046271 0.432221
v -0.097043 0.044285 2.204551
v 0.097108 -0.187448 0.495694
v -0.158557 0.099406 2.182172
v 0.097108 -0.187448 0.432221
v 0.097108 -0.411593 0.432221
v -0.051582 -0.087904 0.567225
v -0.051582 -0.159393 0.792037
v -0.051582 -0.087904 0.792037
v -0.097108 -0.187448 0.495694
v -0.097108 -0.087904 0.567225
v -0.097108 -0.087904 1.451325
v -0.086820 -0.087904 1.482670
v -0.086820 -0.382944 1.494109
v -0.086820 -0.394383 1.518756
v -0.086820 -0.394383 1.693077
v -0.086820 -0.252094 1.693077
v -0.086820 -0.358296 1.482670
v -0.097107 -0.087904 1.756551
v -0.086820 -0.087904 1.756643
v -0.086820 -0.188731 1.756643
v -0.086820 -0.201896 1.724101
v -0.086820 -0.226123 1.701593
v -0.063125 -0.201896 1.724101
v -0.063125 -0.188731 1.756643
v -0.063125 -0.226123 1.701593
v -0.063125 -0.394383 1.693077
v -0.063125 -0.252094 1.693077
v 0.063126 -0.190160 2.058270
v 0.065535 -0.190378 2.142776
v 0.065535 -0.216545 2.142776
v 0.063126 -0.230812 2.063655
v 0.063126 -0.217318 2.362348
v 0.063126 -0.394383 2.363061
v 0.063126 -0.280587 2.061743
v 0.063126 -0.330614 2.047701
v 0.063126 -0.359503 2.023040
v 0.063126 -0.281489 1.716556
v 0.063126 -0.359502 1.724319
v 0.063126 -0.351740 1.716556
v -0.111035 -0.101718 0.495694
v -0.105947 -0.120708 0.495694
v -0.111035 -0.139699 0.495694
v -0.097108 -0.187448 0.432221
v -0.176821 -0.139699 0.432221
v -0.162919 -0.153601 0.432221
v -0.143928 -0.158689 0.432221
v 0.105947 -0.120708 0.495694
v 0.111036 -0.101718 0.495694
v 0.000000 -0.187448 0.432221
v 0.000000 -0.053543 0.432221
v 0.095956 -0.427097 0.558994
v 0.097108 -0.427097 0.440452
v 0.000000 -0.427097 0.440452
v 0.000000 -0.411593 0.432221
v 0.000000 -0.427097 0.558994
v -0.095956 -0.427097 0.558994
v -0.097108 -0.435429 0.543389
v -0.097108 -0.411593 0.432221
v -0.097108 -0.427097 0.440452
v -0.097108 -0.435429 0.456058
v 0.197886 -0.190160 1.756643
v 0.197886 -0.190160 2.361715
v -0.085900 -0.216545 2.391499
v -0.062963 -0.216545 2.415022
v -0.062963 0.056868 2.415022
v -0.085900 0.056868 2.391499
v 0.197886 -0.052856 2.361715
v 0.197886 -0.052856 1.756551
v 0.097108 -0.052856 1.756551
v 0.045792 -0.359503 1.981720
v -0.063125 -0.359502 1.724496
v -0.063125 -0.351562 1.716556
v -0.063125 -0.190160 1.756811
v -0.063125 -0.281489 1.716556
v -0.044412 -0.280587 2.019906
v -0.044236 -0.330614 2.004609
v -0.063125 -0.330614 2.047701
v -0.063125 -0.280587 2.061743
v 0.044236 -0.330614 2.004609
v 0.044413 -0.280587 2.019906
v 0.044353 -0.230812 2.021903
v 0.044862 -0.190160 2.017286
v -0.045006 -0.190160 2.017430
v -0.044353 -0.230812 2.021903
v -0.063125 -0.230812 2.063655
v -0.063125 -0.190160 2.058270
v -0.016493 -0.190160 2.000080
v -0.016234 -0.230812 2.004337
v 0.016401 -0.190160 2.000027
v 0.016234 -0.230812 2.004337
v -0.016256 -0.280587 2.002280
v 0.016256 -0.280587 2.002280
v -0.016191 -0.330614 1.986775
v 0.016192 -0.330614 1.986775
v -0.045791 -0.359503 1.981720
v -0.016761 -0.359503 1.964709
v 0.016761 -0.359503 1.964709
v -0.063125 -0.359503 2.023040
v -0.063092 -0.217318 2.362348
v -0.063092 -0.394383 2.363061
v -0.062592 -0.216545 2.140535
v -0.062592 -0.190378 2.140535
v -0.100626 -0.053187 2.362216
v -0.198285 -0.052733 2.362348
v -0.198285 -0.190160 2.362348
v -0.100626 -0.190378 2.362216
v -0.198285 -0.052732 2.235291
v -0.198285 -0.190160 2.235291
v -0.105700 -0.190378 2.320811
v -0.213578 -0.190160 1.759701
v -0.096647 -0.052732 2.235291
v -0.097107 0.008715 2.235291
v -0.213364 0.008715 2.235291
v -0.213398 0.008715 1.760434
v -0.213364 -0.190160 2.235291
v -0.097107 0.008715 1.760434
v 0.070715 -0.087904 1.482670
v 0.070715 -0.357427 1.482670
v 0.070715 -0.087904 0.825881
v 0.070715 -0.087904 0.792037
v 0.070715 -0.383727 1.493563
v 0.070715 -0.394621 1.519863
v 0.070715 -0.394621 1.539191
v 0.039259 -0.394621 1.597587
v 0.064745 -0.394621 1.545161
v -0.040008 -0.394621 1.544826
v -0.040008 -0.394621 1.597587
v -0.065159 -0.394621 1.544826
v -0.071128 -0.394621 1.538856
v -0.071113 -0.383727 1.493442
v -0.071128 -0.394621 1.519738
v -0.071078 -0.357427 1.482559
v -0.070715 -0.087904 1.482670
v -0.040008 -0.165237 1.544826
v -0.040008 -0.165237 1.597587
v 0.039259 -0.165237 1.597587
v 0.039259 -0.165237 1.545161
v 0.039259 -0.394621 1.545161
v 0.064745 0.123002 1.545161
v 0.070715 0.123002 1.539191
v -0.071128 0.123002 1.519738
v -0.071128 0.123002 1.538856
v -0.065159 0.123002 1.544826
v 0.070715 -0.381365 1.506608
v 0.070715 0.123002 1.519863
v 0.070715 0.047837 1.506608
v 0.070715 0.081701 0.792037
v 0.053466 0.064871 0.793561
v 0.070715 0.129255 0.827997
v 0.000000 -0.087904 0.792037
v 0.000000 -0.159393 0.792037
v 0.037310 0.098459 1.545096
v 0.067276 0.122332 1.621211
v 0.000000 0.046271 0.432221
v 0.000000 0.328664 0.432222
v -0.052409 0.328664 0.432222
v -0.052409 0.392656 0.432222
v 0.120020 0.295706 0.432222
v 0.096479 0.252906 0.432221
v 0.053573 0.287156 0.432221
v 0.053466 0.064871 0.432221
v 0.096405 0.099080 0.432221
v -0.158395 0.099519 0.432222
v -0.120283 0.148647 0.432222
v -0.096487 0.099173 0.432222
v -0.120020 0.295706 0.432222
v -0.053474 0.287207 0.432222
v -0.096413 0.252999 0.432222
v -0.158395 0.220807 0.432222
v -0.120257 0.203547 0.432222
v 0.158396 0.099519 0.432222
v 0.120249 0.148531 0.432221
v -0.000064 0.052680 0.432221
v -0.053581 0.064922 0.432222
v 0.000055 0.299398 0.432222
v 0.158396 0.220807 0.432222
v 0.120275 0.203431 0.432221
v 0.096405 0.099080 0.793561
v 0.120249 0.148531 0.793561
v 0.000055 0.299398 0.793561
v -0.053474 0.287207 0.793561
v -0.053581 0.064922 0.793561
v -0.000064 0.052680 0.793561
v -0.096413 0.252998 0.793561
v -0.120257 0.203547 0.793561
v 0.053573 0.287156 0.793561
v -0.120283 0.148647 0.793561
v -0.096487 0.099172 0.793561
v 0.096479 0.252905 0.793561
v -0.070743 0.078622 0.793561
v -0.067284 0.229746 0.793561
v -0.083924 0.195236 0.793561
v 0.037385 0.253583 0.793561
v 0.000037 0.262126 0.793561
v -0.083942 0.156923 0.793561
v 0.067327 0.229681 0.793561
v 0.120275 0.203431 0.793561
v 0.070715 0.129632 0.792037
v 0.083916 0.156842 0.793561
v -0.037319 0.253619 0.793561
v -0.083942 0.156923 1.543579
v -0.083942 0.156923 2.016815
v -0.067336 0.122396 2.016815
v 0.083934 0.195155 0.793561
v -0.000046 0.089951 1.545097
v -0.000046 0.089951 2.016815
v 0.037310 0.098459 2.016815
v 0.067276 0.122332 2.016815
v 0.037385 0.253582 2.016815
v 0.067328 0.229681 1.612291
v 0.067328 0.229681 2.016815
v -0.037393 0.098495 1.545097
v -0.037393 0.098495 2.016815
v 0.083916 0.156099 1.641283
v 0.083916 0.156842 2.016815
v -0.083924 0.195235 2.016815
v -0.052408 0.392656 2.014704
v -0.052408 0.328663 2.014704
v -0.120020 0.295705 2.014704
v -0.067284 0.229746 2.016815
v -0.037319 0.253619 2.016815
v 0.000037 0.262126 2.016815
v 0.120020 0.295705 2.014704
v 0.083934 0.195154 1.642026
v 0.083934 0.195154 2.016815
v 0.089592 0.095381 2.014704
v 0.089597 0.095378 2.073045
v 0.053593 0.067717 2.014704
v 0.000189 0.055834 2.014704
v 0.000194 0.056868 2.323487
v 0.053598 0.067714 2.312818
v -0.052195 0.066697 2.014704
v -0.094849 0.100039 2.014704
v -0.094844 0.100036 2.189378
v -0.052190 0.066693 2.282219
v 0.068344 0.079046 2.073045
v 0.068344 0.079046 2.189378
v -0.105700 0.056868 2.320811
v 0.101259 0.111115 2.268276
v 0.101259 0.111115 2.189378
v 0.158533 0.099424 2.014704
v -0.158395 0.220806 2.014704
v 0.037040 0.056868 2.431304
v 0.000194 0.056868 2.436424
v -0.100626 0.056868 2.362216
v 0.065950 0.056868 2.416538
v 0.088894 0.056868 2.393567
v 0.103624 -0.190378 2.364639
v 0.088894 -0.216545 2.393567
v 0.103624 -0.216545 2.364639
v -0.105700 -0.216545 2.320811
v -0.100626 -0.216545 2.362216
v 0.037040 -0.216545 2.431304
v 0.065950 -0.216545 2.416538
v -0.034062 0.056868 2.430483
v -0.105700 -0.053187 2.320811
v 0.000194 -0.216545 2.436424
v -0.034062 -0.216545 2.430483
v -0.102177 0.051032 2.275012
v -0.097043 0.046382 2.235755
v 0.158396 0.220806 2.014704
v 0.070578 0.410192 2.014704
v 0.070578 0.410192 0.432222
v 0.052409 0.427728 0.432222
v 0.052409 0.427728 2.014704
v 0.132012 0.272300 0.845587
v 0.132012 0.272299 1.599846
v 0.158396 0.220806 1.653787
v 0.158458 0.149715 1.653787
v 0.135662 0.265176 1.626321
v 0.144536 0.247856 1.645783
v 0.145379 0.246212 0.816274
v 0.135927 0.264659 0.824860
v 0.158396 0.220807 0.816274
v 0.158428 0.111625 0.852677
v 0.158423 0.122289 0.826937
v 0.158416 0.148030 0.816274
v 0.158480 0.122751 1.642617
v 0.158488 0.111584 1.615653
v 0.083916 0.156842 0.825517
v 0.083934 0.195155 0.825517
v 0.067328 0.229681 0.825517
v -0.070743 0.129314 0.793561
v -0.070715 -0.087904 0.792037
v -0.162919 -0.153601 0.495694
v -0.143928 -0.158690 0.495694
v 0.111036 -0.101718 0.432221
v 0.124938 -0.087815 0.432221
v 0.124938 -0.087815 0.495694
v 0.181910 -0.120708 0.432221
v 0.176821 -0.139699 0.432221
v 0.176821 -0.139699 0.495694
v 0.181910 -0.120708 0.495694
v -0.124938 -0.153601 0.495694
v -0.124938 -0.153601 0.432221
v 0.143928 -0.082727 0.495694
v 0.162919 -0.153601 0.432221
v 0.162919 -0.153601 0.495694
v -0.111035 -0.139699 0.432221
v -0.143928 -0.082727 0.495694
v -0.162919 -0.087815 0.495694
v -0.162919 -0.087815 0.432221
v -0.143928 -0.082727 0.432221
v 0.143928 -0.158689 0.432221
v 0.143928 -0.158690 0.495694
v -0.105947 -0.120708 0.432221
v -0.176821 -0.101718 0.495694
v -0.176821 -0.101718 0.432221
v 0.124938 -0.153601 0.432221
v 0.124938 -0.153601 0.495694
v -0.111035 -0.101718 0.432221
v -0.181910 -0.120708 0.495694
v -0.181910 -0.120708 0.432221
v 0.111036 -0.139699 0.432221
v 0.111036 -0.139699 0.495694
v -0.124938 -0.087815 0.495694
v -0.124938 -0.087815 0.432221
v 0.162919 -0.087815 0.495694
v -0.176821 -0.139699 0.495694
v 0.105947 -0.120708 0.432221
v 0.176821 -0.101718 0.495694
v 0.108644 -0.216545 2.323052
v 0.108644 -0.190378 2.323052
v 0.106108 -0.216545 2.253874
v 0.106108 -0.190378 2.253874
v -0.103165 -0.190378 2.251633
v 0.094691 -0.216545 2.190891
v 0.094691 -0.190378 2.190891
v -0.103165 -0.216545 2.251633
v -0.091747 -0.190378 2.188650
v -0.091747 -0.216545 2.188650
v -0.052408 0.427728 2.014704
v -0.052409 0.427728 0.432222
v -0.070578 0.410192 2.014704
v -0.070578 0.410192 0.432222
v -0.015842 -0.184786 1.861980
v -0.015842 -0.218538 1.869318
v -0.015842 -0.216710 1.909028
v -0.015842 -0.169497 1.908566
v 0.015793 -0.184786 1.861980
v 0.015793 -0.218538 1.869318
v 0.015793 -0.169497 1.908566
v 0.015793 -0.216710 1.909028
v 0.015793 -0.259395 1.900081
v 0.015793 -0.253414 1.870201
v -0.015842 -0.253414 1.870201
v 0.015793 -0.294881 1.884419
v 0.015793 -0.287630 1.863393
v -0.015842 -0.287630 1.863393
v -0.015842 -0.259395 1.900081
v -0.015842 -0.294881 1.884419
v -0.015842 -0.326650 1.862163
v 0.015793 -0.326650 1.862163
v -0.015842 -0.316090 1.851030
v -0.015842 -0.335513 1.838182
v -0.015842 -0.340755 1.848819
v 0.015793 -0.340755 1.848819
v 0.015793 -0.316090 1.851030
v 0.015793 -0.335513 1.838182
v -0.015842 -0.347302 1.841645
v 0.015793 -0.347302 1.841645
v 0.015793 -0.347302 1.828066
v -0.015842 -0.347302 1.828066
v -0.039567 -0.473847 1.590012
v 0.039519 -0.473847 1.590012
v 0.039519 -0.468154 1.614671
v -0.039567 -0.468154 1.614671
v 0.039519 -0.276526 1.544457
v -0.039567 -0.276526 1.544457
v -0.039567 -0.239703 1.561929
v -0.039567 -0.239703 1.544457
v 0.039519 -0.239703 1.544457
v 0.039519 -0.239703 1.561929
v -0.171187 0.137054 2.014375
v -0.158589 0.098545 2.014375
v -0.158589 0.098545 2.138837
v -0.171187 0.137054 2.138837
v -0.095530 0.099935 2.138837
v -0.112171 0.130787 2.138837
v -0.120509 0.168507 2.138837
v -0.147112 0.187169 2.138837
v -0.140759 0.218933 2.138837
v -0.162329 0.233481 2.138837
v -0.171149 0.215188 2.138837
v -0.095530 0.099935 2.074403
v 0.052935 0.065973 2.014375
v -0.000063 0.053903 2.014375
v -0.053049 0.066024 2.014375
v -0.095530 0.099935 2.014375
v -0.171149 0.215188 2.014375
v -0.137214 0.285568 2.014375
v -0.076103 0.334255 2.014375
v 0.000081 0.351605 2.014375
v 0.076247 0.334181 2.014375
v 0.131137 0.293669 2.014375
v 0.166570 0.293669 2.014375
v 0.175940 0.284299 2.014375
v 0.175940 0.095891 2.014375
v 0.092738 0.095292 2.014375
v -0.112171 0.130787 2.074403
v 0.052935 0.065973 2.074403
v 0.092738 0.095292 2.074403
v 0.175940 0.095891 2.074403
v 0.175940 0.284299 2.074403
v 0.166570 0.293669 2.074403
v 0.131137 0.293669 2.074403
v 0.076247 0.334181 2.074403
v 0.000081 0.351605 2.074403
v -0.076103 0.334255 2.074403
v -0.137214 0.285568 2.074403
v -0.162329 0.233481 2.074403
v -0.140759 0.218933 2.074403
v -0.147112 0.187169 2.074403
v -0.120509 0.168507 2.074403
v -0.053049 0.066024 2.074403
v -0.000063 0.053903 2.074403
v 0.056070 -0.515536 2.176290
v 0.093428 -0.440286 2.188182
v 0.104289 -0.468808 2.231733
v 0.081682 -0.518771 2.203763
v 0.088490 -0.542300 2.227468
v 0.053882 -0.556009 2.207603
v 0.112148 -0.509432 2.266956
v 0.094006 -0.357676 2.270920
v 0.107574 -0.409012 2.301423
v 0.121457 -0.457812 2.325000
v 0.124633 -0.954595 2.575845
v 0.117733 -0.978865 2.524292
v 0.090032 -0.918184 2.414233
v 0.119324 -0.433446 2.392073
v 0.120736 -0.917182 2.649429
v 0.105638 -0.385537 2.379463
v 0.108536 -0.416554 2.448066
v 0.110784 -0.884842 2.715885
v 0.100727 -0.377566 2.429336
v 0.094594 -0.339569 2.378022
v 0.093701 -0.332289 2.417919
v 0.090093 -0.270774 2.379998
v 0.090093 -0.262568 2.414846
v 0.090093 -0.277577 2.279076
v 0.090093 -0.230949 2.282063
v 0.090093 -0.230949 2.382896
v 0.090093 -0.230949 2.422233
v 0.059325 -0.230949 2.477844
v 0.058602 -0.275527 2.462146
v 0.062464 -0.336738 2.460852
v 0.020674 -0.230949 2.491904
v 0.020175 -0.277090 2.480178
v 0.021611 -0.338266 2.479541
v 0.021104 -0.376048 2.494712
v 0.070526 -0.374644 2.477017
v 0.077148 -0.413672 2.498970
v 0.024266 -0.421590 2.524669
v 0.076460 -0.861704 2.763388
v 0.028053 -0.851164 2.786717
v -0.021104 -0.376048 2.494712
v -0.024265 -0.421590 2.524669
v -0.028052 -0.851164 2.786717
v -0.076460 -0.861704 2.763388
v -0.077148 -0.413672 2.498970
v -0.070526 -0.374644 2.477017
v -0.025114 -0.877551 2.792901
v 0.025114 -0.877551 2.792901
v -0.071403 -0.888509 2.770051
v 0.000000 -0.917324 2.710159
v 0.071404 -0.888509 2.770051
v 0.103033 -0.909961 2.725377
v 0.112563 -0.940958 2.660861
v 0.018466 -0.997750 2.542773
v 0.117490 -0.977680 2.584438
v 0.000000 -0.996490 2.545415
v 0.041754 -1.004288 2.529145
v 0.025772 -0.991448 2.505273
v 0.000000 -0.991415 2.505922
v -0.112562 -0.940958 2.660861
v -0.018465 -0.997750 2.542773
v -0.025771 -0.991448 2.505273
v -0.041754 -1.004288 2.529145
v -0.117489 -0.977680 2.584438
v -0.120736 -0.917182 2.649429
v -0.124632 -0.954595 2.575845
v -0.103033 -0.909961 2.725377
v -0.110784 -0.884842 2.715885
v -0.119323 -0.433446 2.392073
v -0.121456 -0.457812 2.325000
v -0.108536 -0.416554 2.448066
v -0.100727 -0.377566 2.429336
v -0.105638 -0.385537 2.379463
v -0.093701 -0.332289 2.417919
v -0.062464 -0.336738 2.460852
v -0.094594 -0.339569 2.378022
v -0.058602 -0.275527 2.462146
v -0.090093 -0.262568 2.414846
v -0.090093 -0.270774 2.379998
v -0.090093 -0.230949 2.422233
v -0.090093 -0.230949 2.382896
v -0.059324 -0.230949 2.477844
v -0.090093 -0.230949 2.282063
v -0.090093 -0.277577 2.279076
v -0.094005 -0.357676 2.270920
v 0.090093 -0.230163 2.181229
v -0.090093 -0.230163 2.181229
v -0.090093 -0.317989 2.185592
v 0.090093 -0.317989 2.185592
v 0.088027 -0.241832 2.149015
v 0.087904 -0.322449 2.149848
v -0.088027 -0.241832 2.149015
v 0.083072 -0.263923 2.124155
v -0.083071 -0.263923 2.124155
v 0.080974 -0.331147 2.122955
v -0.080973 -0.331147 2.122955
v -0.087903 -0.322449 2.149848
v -0.079155 -0.418717 2.122947
v -0.084486 -0.434042 2.150574
v -0.093427 -0.440286 2.188182
v -0.107574 -0.409012 2.301423
v -0.104288 -0.468808 2.231733
v -0.112148 -0.509432 2.266956
v -0.117732 -0.978865 2.524292
v -0.090032 -0.918184 2.414233
v -0.088489 -0.542300 2.227468
v -0.081681 -0.518771 2.203763
v -0.056069 -0.515536 2.176290
v -0.053882 -0.556009 2.207603
v -0.053476 -0.939821 2.385388
v -0.084807 -0.972882 2.420215
v -0.054336 -0.971101 2.396943
v -0.106344 -1.001870 2.475450
v 0.000000 -0.947330 2.380120
v 0.000000 -0.979162 2.390896
v 0.000000 -0.559654 2.198235
v 0.053476 -0.939821 2.385388
v 0.054337 -0.971101 2.396943
v 0.000000 -1.011452 2.385644
v -0.050115 -1.010880 2.387645
v 0.050115 -1.010880 2.387645
v 0.072556 -1.015126 2.396689
v 0.084807 -0.972882 2.420215
v 0.051374 -1.040768 2.384722
v 0.000000 -1.042002 2.383099
v 0.068152 -1.040719 2.389374
v 0.052989 -1.060655 2.411833
v 0.068842 -1.059395 2.414440
v 0.000000 -1.062567 2.407908
v -0.052988 -1.060655 2.411833
v -0.051373 -1.040768 2.384722
v -0.072555 -1.015126 2.396689
v -0.068152 -1.040719 2.389374
v -0.068842 -1.059395 2.414440
v -0.018506 -1.047024 2.440233
v -0.041782 -1.040471 2.453847
v -0.025771 -1.013827 2.458769
v 0.000000 -1.048296 2.437605
v 0.000000 -1.013778 2.458875
v -0.025714 -1.003745 2.453947
v -0.025714 -0.981366 2.500451
v -0.058334 -1.018370 2.499822
v -0.056877 -1.030378 2.474835
v -0.086229 -1.041216 2.452251
v -0.075392 -1.054047 2.425562
v -0.101563 -1.023050 2.490038
v -0.109129 -1.000365 2.537240
v -0.091895 -1.018616 2.437737
v -0.076943 -1.033122 2.405072
v 0.025772 -1.013827 2.458769
v 0.025715 -1.003745 2.453947
v 0.018506 -1.047024 2.440233
v 0.025715 -0.981366 2.500451
v 0.058334 -1.018370 2.499822
v 0.056877 -1.030378 2.474835
v 0.041783 -1.040471 2.453847
v 0.086229 -1.041216 2.452251
v 0.075393 -1.054047 2.425562
v 0.101563 -1.023050 2.490038
v 0.109129 -1.000365 2.537240
v 0.106344 -1.001870 2.475450
v 0.091895 -1.018616 2.437737
v 0.076943 -1.033122 2.405072
v 0.000000 -0.523779 2.175283
v 0.000000 -0.498985 2.122988
v 0.053975 -0.491168 2.122979
v -0.053974 -0.491168 2.122979
v 0.079155 -0.418717 2.122947
v 0.084486 -0.434042 2.150574
v -0.020674 -0.230949 2.491904
v -0.020174 -0.277090 2.480178
v -0.021611 -0.338266 2.479541
v 0.044466 -0.773186 3.777361
v 0.044466 -0.533386 3.777361
v 0.000000 -0.533386 3.791809
v 0.000000 -0.773186 3.791809
v 0.000000 -0.805468 3.769173
v 0.031161 -0.805468 3.759048
v -0.044465 -0.533386 3.777361
v -0.044465 -0.773186 3.777361
v -0.031160 -0.805468 3.759048
v 0.037130 -0.521516 3.767264
v 0.000000 -0.521516 3.779329
v -0.037130 -0.521516 3.767264
v -0.071947 -0.533386 3.739536
v -0.060077 -0.521516 3.735679
v -0.071947 -0.773186 3.739536
v -0.025813 -0.521516 3.751688
v -0.041767 -0.521516 3.729730
v 0.000000 -0.521516 3.760076
v -0.041767 -0.521516 3.702588
v -0.060077 -0.521516 3.696639
v -0.071947 -0.533386 3.692782
v -0.025813 -0.521516 3.680629
v -0.037130 -0.521516 3.665055
v -0.044465 -0.533386 3.654957
v 0.000000 -0.521516 3.672242
v 0.000000 -0.521516 3.652990
v 0.000000 -0.533386 3.640510
v 0.025814 -0.521516 3.680629
v 0.037130 -0.521516 3.665055
v 0.044466 -0.533386 3.654957
v 0.041768 -0.521516 3.702588
v 0.060078 -0.521516 3.696639
v 0.071948 -0.533386 3.692782
v 0.041768 -0.521516 3.729730
v 0.060078 -0.521516 3.735679
v 0.071948 -0.533386 3.739536
v 0.025814 -0.521516 3.751688
v 0.041768 -0.465607 3.729731
v 0.025814 -0.465607 3.751689
v 0.041768 -0.465607 3.702588
v 0.025814 -0.465607 3.680630
v 0.025814 -0.351213 3.716160
v 0.025814 -0.234825 3.751689
v 0.025814 -0.329620 3.738557
v 0.025814 -0.276970 3.738557
v 0.000000 -0.234825 3.760076
v 0.025814 -0.344888 3.732233
v -0.025813 -0.329620 3.738557
v -0.025813 -0.344888 3.732233
v -0.025813 -0.276970 3.738557
v 0.025814 -0.261702 3.732233
v -0.025813 -0.261702 3.732233
v -0.025813 -0.465607 3.751689
v -0.025813 -0.234825 3.751689
v -0.025813 -0.255377 3.716160
v 0.025814 -0.255377 3.716160
v -0.025813 -0.234825 3.680630
v -0.025813 -0.261702 3.700086
v 0.025814 -0.261702 3.700086
v 0.025814 -0.234825 3.680630
v 0.000000 -0.234825 3.672243
v 0.025814 -0.276970 3.693762
v 0.025814 -0.329620 3.693762
v -0.025813 -0.276970 3.693762
v -0.025813 -0.329620 3.693762
v -0.025813 -0.465607 3.680630
v -0.025813 -0.344888 3.700086
v 0.025814 -0.344888 3.700086
v -0.041767 -0.465607 3.729731
v -0.041767 -0.465607 3.702588
v -0.025813 -0.351213 3.716160
v 0.071948 -0.773186 3.739536
v 0.071948 -0.773186 3.692782
v 0.050419 -0.805468 3.732541
v 0.050419 -0.805468 3.699777
v 0.031161 -0.953219 3.759048
v 0.050419 -0.953219 3.732541
v 0.050419 -0.953219 3.699777
v 0.054357 -0.970264 3.733821
v 0.033595 -0.970264 3.762398
v 0.054357 -0.970264 3.698498
v 0.040881 -0.980699 3.772425
v 0.066146 -0.980699 3.737651
v 0.066146 -0.980699 3.694666
v 0.040881 -0.980699 3.659892
v 0.033595 -0.970264 3.669920
v 0.031161 -0.953219 3.673270
v 0.000000 -0.980699 3.646609
v 0.000000 -0.970264 3.659005
v 0.000000 -0.953219 3.663146
v 0.031161 -0.805468 3.673270
v 0.000000 -0.805468 3.663146
v 0.044466 -0.773186 3.654957
v 0.000000 -0.773186 3.640509
v -0.044465 -0.773186 3.654957
v -0.031160 -0.805468 3.673270
v -0.071947 -0.773186 3.692782
v -0.050419 -0.805468 3.699777
v -0.031160 -0.953219 3.673270
v -0.050419 -0.953219 3.699777
v -0.033594 -0.970264 3.669920
v -0.054356 -0.970264 3.698498
v -0.040880 -0.980699 3.659892
v -0.066145 -0.980699 3.694666
v -0.066145 -0.980699 3.737651
v -0.054356 -0.970264 3.733821
v -0.050419 -0.953219 3.732541
v -0.040880 -0.980699 3.772425
v -0.033594 -0.970264 3.762398
v -0.031160 -0.953219 3.759048
v -0.050419 -0.805468 3.732541
v 0.000000 -0.953219 3.769173
v 0.000000 -0.970264 3.773313
v 0.000000 -0.980699 3.785709
v 0.000000 -0.985644 3.804427
v 0.051883 -0.985644 3.787569
v -0.051882 -0.985644 3.787569
v 0.000000 -0.992456 3.809457
v 0.054840 -0.992456 3.791639
v -0.054839 -0.992456 3.791639
v -0.088732 -0.992456 3.744989
v -0.083948 -0.985644 3.743435
v -0.088732 -0.992456 3.687327
v -0.083948 -0.985644 3.688882
v -0.054839 -0.992456 3.640678
v -0.051882 -0.985644 3.644749
v 0.000000 -0.992456 3.622859
v 0.000000 -0.985644 3.627891
v 0.054840 -0.992456 3.640678
v 0.051883 -0.985644 3.644749
v 0.088733 -0.992456 3.687327
v 0.083948 -0.985644 3.688882
v 0.088733 -0.992456 3.744989
v 0.083948 -0.985644 3.743435
v 0.000000 -1.017667 3.716158
v 0.000000 -0.302715 3.721181
v -0.006012 -0.302715 3.717710
v -0.006012 -0.302715 3.710768
v 0.000000 -0.302715 3.707297
v 0.006012 -0.302715 3.710768
v 0.006012 -0.302715 3.717710
v 0.000000 -0.244662 3.721181
v -0.006012 -0.244662 3.717710
v 0.006012 -0.244662 3.717710
v 0.006012 -0.244662 3.710768
v 0.000000 -0.244662 3.707297
v -0.006012 -0.244662 3.710768
v -0.017914 -0.236456 3.724582
v 0.000000 -0.236456 3.734925
v 0.000000 -0.226311 3.734925
v -0.017914 -0.226311 3.724582
v -0.017914 -0.236456 3.703896
v 0.000000 -0.236456 3.693553
v 0.017915 -0.236456 3.703896
v 0.017915 -0.236456 3.724582
v 0.017915 -0.226311 3.724582
v 0.000000 -0.220742 3.728494
v -0.012345 -0.220742 3.721366
v 0.012346 -0.220742 3.721366
v 0.017915 -0.226311 3.703896
v 0.012346 -0.220742 3.707111
v 0.000000 -0.226311 3.693553
v 0.000000 -0.220742 3.699983
v -0.017914 -0.226311 3.703896
v -0.012345 -0.220742 3.707111
v 0.043867 0.396603 4.033537
v 0.094818 0.379456 4.033537
v 0.090841 0.372601 4.024819
v 0.042027 0.389470 4.024819
v 0.043867 0.396603 4.117977
v 0.094818 0.379456 4.117977
v -0.043866 0.396603 4.117977
v -0.043866 0.396603 4.033537
v -0.042026 0.389470 4.024819
v -0.090840 0.372601 4.024819
v -0.094817 0.379456 4.033537
v -0.094817 0.379456 4.117977
v -0.042026 0.386316 3.872255
v -0.090840 0.369986 3.872255
v 0.042027 0.386316 3.872255
v 0.090841 0.369986 3.872255
v 0.126575 0.325372 3.872255
v -0.126574 0.325372 3.872255
v 0.126575 0.326515 4.024819
v 0.132116 0.332607 4.033537
v 0.139655 0.263560 4.024819
v 0.139655 0.264428 3.872255
v 0.145769 0.268611 4.033537
v 0.132116 0.332607 4.117211
v 0.145769 0.268611 4.110744
v 0.118184 0.322504 4.136730
v 0.130229 0.266041 4.130263
v 0.086774 0.361956 4.137495
v 0.130229 0.178344 4.115750
v 0.145769 0.180036 4.096232
v 0.145769 0.180036 4.033537
v 0.145769 0.054881 4.033537
v 0.145769 0.054881 4.083222
v 0.130229 0.054429 4.102741
v 0.139655 0.053307 4.024819
v 0.139655 0.176426 4.024819
v 0.139655 0.060892 3.872255
v 0.139655 0.180078 3.872255
v -0.139654 0.060892 3.872255
v -0.139654 0.180078 3.872255
v -0.139654 0.264428 3.872255
v -0.139654 0.053307 4.024819
v -0.139654 0.176426 4.024819
v -0.139654 0.263560 4.024819
v -0.126574 0.326515 4.024819
v -0.132116 0.332607 4.033537
v -0.145768 0.268611 4.033537
v -0.145768 0.180036 4.033537
v -0.145768 0.268611 4.110744
v -0.132116 0.332607 4.117211
v -0.145768 0.180036 4.096232
v -0.145768 0.054881 4.033537
v -0.145768 0.054881 4.083222
v -0.130228 0.178344 4.115750
v -0.130228 0.054429 4.102741
v -0.130228 0.266041 4.130263
v -0.118183 0.322504 4.136730
v -0.086773 0.361956 4.137495
v -0.041820 0.377085 4.137495
v 0.041821 0.377085 4.137495
v -0.130228 -0.051377 4.102091
v 0.130229 -0.051377 4.102091
v -0.145768 -0.051984 4.082572
v 0.145769 -0.051984 4.082572
v 0.130229 -0.157183 4.106727
v 0.145769 -0.158849 4.087208
v -0.130228 -0.157183 4.106727
v 0.114407 -0.272775 4.118180
v 0.129517 -0.277576 4.098662
v -0.114406 -0.272775 4.118180
v -0.145768 -0.158849 4.087208
v -0.129517 -0.277576 4.098662
v -0.110088 -0.412426 4.113602
v -0.094307 -0.405142 4.133121
v 0.094308 -0.405142 4.133121
v -0.080525 -0.486141 4.120210
v -0.064965 -0.478082 4.139728
v 0.064966 -0.478082 4.139728
v 0.110089 -0.412426 4.113602
v 0.080526 -0.486141 4.120210
v 0.031837 -0.514333 4.140646
v 0.043482 -0.526676 4.121128
v -0.031836 -0.514333 4.140646
v 0.000000 -0.526930 4.140646
v 0.000000 -0.543880 4.121128
v -0.043481 -0.526676 4.121128
v -0.043481 -0.526676 4.033537
v 0.000000 -0.543880 4.033537
v -0.080525 -0.486141 4.033537
v -0.041657 -0.520540 4.024819
v 0.000000 -0.537464 4.024819
v -0.077148 -0.480664 4.024819
v -0.035713 -0.495059 3.933379
v 0.000000 -0.515880 3.933379
v -0.066140 -0.446002 3.933379
v -0.035713 -0.495059 3.872254
v 0.000000 -0.510277 3.872254
v -0.066140 -0.446002 3.872255
v -0.052265 -0.455570 3.872255
v -0.026537 -0.455570 3.872255
v -0.052265 -0.455570 3.714919
v -0.026537 -0.455570 3.714919
v -0.052265 -0.216220 3.872255
v -0.052265 -0.277196 3.836312
v -0.105471 -0.337313 3.872255
v -0.052265 -0.305596 3.787163
v -0.052265 -0.305596 3.714919
v -0.052265 -0.315458 3.678112
v -0.052265 -0.342401 3.651169
v -0.052265 -0.380583 3.641307
v -0.052265 -0.418764 3.651169
v -0.052265 -0.445707 3.678112
v -0.026537 -0.445707 3.678112
v -0.026537 -0.418764 3.651169
v -0.026537 -0.315458 3.678112
v -0.026537 -0.305596 3.714919
v -0.026537 -0.305596 3.787163
v -0.026537 -0.380583 3.641307
v -0.026537 -0.342401 3.651169
v -0.026537 -0.277196 3.836312
v -0.026537 -0.216220 3.872255
v -0.131105 -0.208687 3.872255
v 0.000000 -0.208687 3.872255
v 0.026538 -0.216220 3.872255
v 0.026538 -0.455570 3.872255
v 0.052266 -0.216220 3.872255
v 0.131106 -0.208687 3.872255
v 0.052266 -0.277196 3.836312
v 0.026538 -0.277196 3.836312
v 0.052266 -0.305596 3.787163
v 0.026538 -0.305596 3.787163
v 0.052266 -0.305596 3.714919
v 0.026538 -0.305596 3.714919
v 0.026538 -0.315458 3.678112
v 0.026538 -0.342401 3.651169
v 0.026538 -0.380583 3.641307
v 0.026538 -0.418764 3.651169
v 0.026538 -0.445707 3.678112
v 0.026538 -0.455570 3.714919
v 0.052266 -0.315458 3.678112
v 0.052266 -0.342401 3.651169
v 0.052266 -0.380583 3.641307
v 0.052266 -0.418764 3.651169
v 0.052266 -0.445707 3.678112
v 0.052266 -0.455570 3.714919
v 0.052266 -0.455570 3.872255
v 0.035714 -0.495059 3.872254
v 0.066140 -0.446002 3.872255
v 0.105471 -0.337313 3.872255
v 0.066140 -0.446002 3.933379
v 0.035714 -0.495059 3.933379
v 0.105471 -0.337313 3.933379
v 0.041658 -0.520540 4.024819
v 0.077149 -0.480664 4.024819
v 0.105472 -0.406849 4.024819
v 0.080526 -0.486141 4.033537
v 0.043482 -0.526676 4.033537
v 0.110089 -0.412426 4.033537
v 0.129517 -0.277576 4.033537
v 0.124085 -0.273741 4.024819
v 0.145769 -0.158849 4.033537
v 0.139655 -0.156946 4.024819
v 0.145769 -0.051984 4.033537
v 0.139655 -0.051819 4.024819
v 0.139655 -0.032527 3.944081
v 0.131106 -0.208687 3.944081
v 0.157018 -0.057838 3.933379
v 0.157018 -0.057838 3.872255
v 0.139655 -0.032527 3.872255
v 0.154192 -0.183688 3.933379
v -0.139654 -0.032527 3.872255
v 0.154192 -0.183688 3.872255
v -0.139654 -0.032527 3.941264
v -0.157017 -0.057838 3.933379
v -0.157017 -0.057838 3.872255
v -0.154191 -0.183688 3.872255
v -0.131105 -0.208687 3.941264
v -0.154191 -0.183688 3.933379
v -0.124084 -0.255709 3.872255
v -0.124084 -0.273741 4.024819
v -0.105471 -0.337313 3.933379
v -0.105471 -0.406849 4.024819
v -0.129517 -0.277576 4.033537
v -0.110088 -0.412426 4.033537
v -0.145768 -0.158849 4.033537
v -0.139654 -0.156946 4.024819
v -0.145768 -0.051984 4.033537
v -0.139654 -0.051819 4.024819
v -0.182756 -0.175149 3.933379
v -0.182756 -0.175149 3.872255
v -0.182756 -0.066377 3.933379
v -0.202565 -0.151820 3.933379
v -0.202565 -0.151820 3.872255
v -0.202565 -0.089706 3.933379
v -0.182756 -0.066377 3.872255
v -0.202565 -0.089706 3.872255
v -0.212248 -0.120763 3.933379
v -0.212248 -0.120763 3.872255
v 0.124085 -0.255709 3.872255
v 0.182757 -0.066377 3.872255
v 0.182757 -0.175149 3.872255
v 0.182757 -0.175149 3.933379
v 0.202566 -0.151820 3.872255
v 0.202566 -0.151820 3.933379
v 0.202566 -0.089706 3.872255
v 0.202566 -0.089706 3.933379
v 0.182757 -0.066377 3.933379
v 0.212248 -0.120763 3.933379
v 0.212248 -0.120763 3.872255
v -0.040171 0.378274 3.879962
v -0.036612 0.337729 3.880010
v -0.040606 0.343939 3.358407
v -0.040359 0.378483 3.358403
v -0.098081 0.287245 3.406590
v -0.091360 0.284540 3.880012
v -0.102716 0.160766 3.879236
v -0.101580 0.163258 3.392624
v -0.101472 0.126165 3.410190
v -0.101057 -0.039718 3.481609
v -0.101058 0.031154 3.410738
v -0.101201 -0.039839 3.879963
v -0.131190 -0.039843 3.879962
v -0.131337 -0.039718 3.481610
v -0.129675 0.177853 3.879961
v -0.130922 0.126163 3.410191
v -0.131337 0.031152 3.410739
v -0.131470 -0.004483 3.420308
v -0.131469 -0.030151 3.445977
v -0.100926 -0.030150 3.445975
v -0.100926 -0.004482 3.420306
v -0.130748 0.163118 3.392627
v -0.130915 0.180680 3.355665
v -0.101406 0.180772 3.355693
v -0.129713 0.260546 3.368384
v -0.129712 0.260551 3.879963
v -0.117360 0.319518 3.879963
v -0.117322 0.319470 3.293419
v -0.118397 0.320136 2.948461
v -0.131096 0.260730 2.948627
v -0.130692 0.214054 3.173098
v -0.131833 0.215398 2.948061
v -0.130683 0.203089 3.184724
v -0.131554 0.181192 3.193623
v -0.101682 0.203177 3.184736
v -0.101621 0.214173 3.173131
v -0.100471 0.213034 2.947941
v -0.101059 0.255511 2.948915
v -0.092243 0.301599 2.949289
v -0.067493 0.318818 3.263791
v -0.062128 0.323854 3.291644
v -0.069771 0.323826 2.948085
v -0.085845 0.360931 2.947921
v -0.085674 0.359953 3.264041
v -0.080166 0.366473 3.290488
v -0.045457 0.339340 3.332892
v -0.047879 0.375962 3.334668
v -0.082632 0.360804 3.879951
v -0.100825 0.188185 3.185688
v -0.131564 0.188184 3.185684
v -0.100795 0.181242 3.193610
v 0.176763 -0.067689 3.568259
v 0.175213 0.246116 3.568180
v 0.175214 0.246116 3.870853
v 0.176764 -0.067689 3.870650
v 0.198985 -0.090070 3.870650
v 0.198985 -0.090070 3.568259
v 0.146329 -0.059417 3.568259
v 0.143958 0.239098 3.567903
v 0.176384 -0.173220 3.568259
v 0.145891 -0.181274 3.568259
v 0.198766 -0.150999 3.568259
v 0.157110 0.289822 3.548352
v 0.135634 0.262239 3.545102
v 0.157110 0.289822 3.870853
v 0.143839 0.239793 3.870853
v 0.133073 0.265785 3.870853
v 0.146329 -0.059417 3.870650
v 0.115835 -0.067470 3.568259
v 0.115835 -0.067470 3.870650
v 0.093453 -0.089691 3.568259
v 0.093453 -0.089691 3.870650
v 0.115456 -0.173001 3.568259
v 0.093235 -0.150620 3.568259
v 0.085181 -0.120126 3.568259
v 0.085181 -0.120126 3.870650
v 0.093235 -0.150620 3.870650
v 0.115456 -0.173001 3.870650
v 0.145891 -0.181274 3.870650
v 0.176384 -0.173220 3.870650
v 0.198766 -0.150999 3.870650
v 0.207038 -0.120564 3.870650
v 0.207038 -0.120564 3.568259
v 0.113403 0.307926 3.870853
v 0.107156 0.276520 3.870853
v 0.109509 0.275864 3.515157
v 0.113403 0.307926 3.515157
v -0.034693 0.307926 3.870853
v -0.034693 0.307926 3.448513
v -0.028446 0.276520 3.870853
v -0.078399 0.289822 3.429912
v -0.078399 0.289822 3.870853
v -0.054362 0.265785 3.870853
v -0.052362 0.267490 3.441254
v -0.026426 0.276801 3.451896
v -0.065097 0.239869 3.870853
v -0.065024 0.240221 3.429556
v -0.096503 0.246116 3.421884
v -0.096503 0.246116 3.870853
v -0.096503 -0.059163 3.870853
v -0.095950 -0.059416 3.421651
v -0.065515 -0.067689 3.421651
v -0.088479 -0.090070 3.421664
v -0.110492 -0.067811 3.421782
v -0.110283 -0.067933 3.870853
v -0.141412 -0.059290 3.421782
v -0.141689 -0.059163 3.870853
v -0.088479 -0.090070 3.316376
v -0.110700 -0.067689 3.316376
v -0.141135 -0.059416 3.316376
v -0.080426 -0.120564 3.421664
v -0.080426 -0.120564 3.316376
v -0.065097 -0.067933 3.870853
v -0.088479 -0.090070 3.870617
v -0.080426 -0.120564 3.870617
v -0.088698 -0.150999 3.421664
v -0.088698 -0.150999 3.870617
v -0.088698 -0.150999 3.316376
v -0.111079 -0.173220 3.316376
v -0.111079 -0.173220 3.421664
v -0.111079 -0.173220 3.870617
v -0.141573 -0.181273 3.421664
v -0.141573 -0.181274 3.870617
v -0.141573 -0.181273 3.316376
v -0.172008 -0.173001 3.316376
v -0.172008 -0.173001 3.421664
v -0.172008 -0.173001 3.870617
v -0.194229 -0.150620 3.421664
v -0.194229 -0.150620 3.870617
v -0.194229 -0.150620 3.316376
v -0.202283 -0.120126 3.316376
v -0.202283 -0.120126 3.421664
v -0.202283 -0.120126 3.870617
v -0.194010 -0.089691 3.421664
v -0.194010 -0.089691 3.870617
v -0.194010 -0.089691 3.316376
v -0.171629 -0.067470 3.870617
v -0.171629 -0.067470 3.421664
v -0.171629 -0.067470 3.316376
v -0.183520 -0.095798 3.304650
v -0.165597 -0.078004 3.304650
v -0.141179 -0.071555 3.304650
v -0.116807 -0.078179 3.304650
v -0.099013 -0.096102 3.304650
v -0.092564 -0.120520 3.304650
v -0.099189 -0.144892 3.304650
v -0.117111 -0.162686 3.304650
v -0.141529 -0.169135 3.304650
v -0.165901 -0.162510 3.304650
v -0.183695 -0.144588 3.304650
v -0.190144 -0.120170 3.304650
v 0.162919 -0.087816 1.602910
v 0.176821 -0.101718 1.602910
v 0.181910 -0.120709 1.602910
v 0.176821 -0.139699 1.602910
v 0.162919 -0.153601 1.602910
v 0.143928 -0.158690 1.602910
v 0.124938 -0.153601 1.602910
v 0.111036 -0.139699 1.602910
v 0.105947 -0.120709 1.602910
v 0.111036 -0.101718 1.602910
v 0.124938 -0.087816 1.602910
v 0.143928 -0.082727 1.602910
v 0.143929 -0.083295 3.844203
v 0.162636 -0.088308 3.844203
v 0.125221 -0.088308 3.844203
v 0.111527 -0.102002 3.844203
v 0.106514 -0.120709 3.844203
v 0.111527 -0.139417 3.844203
v 0.125221 -0.153111 3.844203
v 0.143929 -0.158124 3.844203
v 0.162636 -0.153111 3.844203
v 0.176330 -0.139417 3.844203
v 0.181343 -0.120709 3.844203
v 0.176330 -0.102002 3.844203
v -0.162919 -0.087816 1.602910
v -0.143928 -0.082727 1.602910
v -0.124937 -0.087816 1.602910
v -0.111035 -0.101718 1.602910
v -0.105947 -0.120709 1.602910
v -0.111035 -0.139699 1.602910
v -0.124937 -0.153601 1.602910
v -0.143928 -0.158690 1.602910
v -0.162919 -0.153601 1.602910
v -0.176821 -0.139699 1.602910
v -0.181910 -0.120709 1.602910
v -0.176821 -0.101718 1.602910
v -0.162635 -0.088308 3.844203
v -0.143928 -0.083295 3.844203
v -0.125221 -0.088308 3.844203
v -0.111526 -0.102002 3.844203
v -0.106514 -0.120709 3.844203
v -0.111526 -0.139417 3.844203
v -0.125221 -0.153111 3.844203
v -0.143928 -0.158124 3.844203
v -0.162635 -0.153111 3.844203
v -0.176330 -0.139417 3.844203
v -0.181342 -0.120709 3.844203
v -0.176330 -0.102002 3.844203
v -0.022882 -0.467671 0.708924
v -0.021093 -0.462132 0.706522
v -0.021443 -0.463144 0.698444
v -0.023271 -0.467530 0.701152
v 0.003819 -0.471593 0.707027
v 0.003362 -0.465743 0.704744
v -0.025039 -0.473076 0.706522
v 0.003899 -0.477361 0.704507
v -0.046425 -0.453668 0.703050
v -0.050509 -0.457880 0.700767
v -0.025679 -0.472845 0.698097
v -0.042683 -0.449277 0.700530
v -0.026301 -0.475182 0.700725
v 0.002981 -0.466911 0.697341
v -0.021111 -0.459565 0.692953
v 0.002406 -0.463100 0.691224
v -0.044035 -0.450019 0.693972
v -0.043507 -0.448846 0.688934
v -0.022373 -0.461671 0.687156
v 0.002063 -0.465409 0.685377
v -0.047591 -0.453058 0.686651
v -0.024531 -0.467076 0.684755
v 0.002143 -0.471177 0.682857
v -0.051334 -0.457449 0.690428
v -0.026319 -0.472614 0.687156
v 0.002600 -0.477027 0.685140
v -0.052543 -0.459446 0.695018
v -0.026691 -0.475041 0.692953
v 0.003166 -0.479530 0.690889
v 0.002989 -0.477167 0.694169
v 0.032477 -0.472228 0.689064
v 0.031404 -0.470153 0.692385
v 0.031015 -0.470013 0.683355
v 0.003555 -0.479670 0.698661
v 0.032866 -0.472368 0.696836
v 0.032283 -0.470223 0.702727
v 0.029997 -0.464976 0.705348
v 0.055790 -0.452747 0.701377
v 0.051663 -0.448826 0.704066
v 0.057166 -0.454385 0.695456
v 0.027346 -0.459700 0.703164
v 0.047204 -0.444919 0.701949
v 0.027462 -0.460778 0.695984
v 0.047745 -0.445725 0.694940
v 0.025494 -0.457345 0.689683
v 0.044634 -0.443174 0.688493
v 0.026077 -0.459489 0.683793
v 0.046011 -0.444812 0.682572
v 0.028364 -0.464737 0.681172
v 0.050138 -0.448733 0.679883
v 0.054597 -0.452640 0.682000
v 0.056777 -0.454244 0.687685
v 0.069753 -0.427550 0.681207
v 0.072363 -0.428317 0.686885
v 0.064146 -0.425601 0.679112
v 0.054987 -0.452780 0.691030
v 0.070143 -0.427691 0.690236
v 0.072753 -0.428457 0.694656
v 0.070836 -0.427592 0.700590
v 0.077248 -0.398531 0.694485
v 0.075128 -0.398586 0.700412
v 0.074561 -0.398704 0.690052
v 0.065516 -0.425601 0.703305
v 0.069442 -0.398835 0.703105
v 0.059908 -0.423652 0.701209
v 0.063522 -0.399134 0.700984
v 0.060738 -0.424042 0.694306
v 0.064460 -0.399030 0.694115
v 0.056909 -0.422745 0.687760
v 0.060445 -0.399166 0.687522
v 0.058825 -0.423611 0.681826
v 0.062566 -0.399111 0.681594
v 0.068251 -0.398862 0.678902
v 0.074171 -0.398563 0.681022
v 0.061825 -0.372585 0.679211
v 0.067175 -0.370090 0.681400
v 0.056659 -0.375043 0.681838
v 0.076858 -0.398391 0.686713
v 0.069575 -0.369021 0.687121
v 0.067565 -0.370231 0.690430
v 0.069964 -0.369162 0.694894
v 0.051618 -0.344677 0.687974
v 0.050216 -0.346605 0.691239
v 0.052007 -0.344818 0.695746
v 0.068007 -0.370144 0.700796
v 0.050556 -0.346594 0.701609
v 0.062841 -0.372602 0.703422
v 0.046713 -0.350893 0.704136
v 0.057491 -0.375096 0.701234
v 0.042729 -0.355197 0.701846
v 0.058339 -0.374494 0.694333
v 0.043305 -0.354169 0.694864
v 0.054702 -0.376025 0.687740
v 0.040549 -0.356843 0.688309
v 0.042000 -0.355067 0.682446
v 0.045843 -0.350768 0.679920
v 0.020818 -0.342225 0.683253
v 0.022734 -0.336733 0.680844
v 0.020137 -0.344541 0.689067
v 0.049827 -0.346465 0.682209
v 0.024763 -0.331282 0.683253
v 0.025717 -0.329065 0.689067
v 0.025153 -0.331422 0.692282
v -0.004188 -0.324558 0.690161
v -0.003814 -0.326992 0.693327
v -0.004204 -0.326852 0.684298
v 0.026106 -0.329205 0.696839
v -0.003798 -0.324699 0.697933
v 0.025426 -0.331521 0.702654
v -0.003560 -0.327218 0.703697
v 0.023510 -0.337013 0.705062
v -0.003239 -0.333073 0.705987
v 0.021481 -0.342464 0.702654
v -0.003023 -0.338836 0.703460
v 0.021642 -0.341148 0.695564
v -0.003355 -0.337411 0.696264
v -0.003429 -0.340989 0.689826
v -0.003667 -0.338470 0.684061
v -0.026565 -0.346726 0.690394
v -0.027730 -0.344372 0.684673
v -0.027885 -0.343527 0.696793
v -0.003988 -0.332614 0.681771
v -0.030258 -0.339038 0.682485
v -0.032668 -0.333848 0.685111
v -0.033548 -0.331843 0.691014
v -0.056299 -0.351204 0.685494
v -0.057897 -0.349809 0.691422
v -0.052081 -0.355024 0.682802
v -0.032278 -0.333988 0.694140
v -0.055909 -0.351344 0.694524
v -0.033158 -0.331984 0.698785
v -0.057507 -0.349949 0.699194
v -0.031993 -0.334338 0.704507
v -0.055548 -0.351797 0.704884
v -0.029466 -0.339672 0.706695
v -0.051181 -0.355804 0.707005
v -0.027056 -0.344862 0.704069
v -0.046962 -0.359624 0.704313
v -0.048217 -0.358562 0.697009
v -0.045754 -0.360879 0.690613
v -0.061260 -0.380227 0.696815
v -0.058077 -0.381290 0.690375
v -0.059716 -0.380874 0.704081
v -0.047713 -0.359031 0.684923
v -0.060576 -0.380215 0.684697
v -0.066137 -0.378138 0.682602
v -0.071504 -0.376275 0.685316
v -0.070291 -0.404859 0.681840
v -0.075970 -0.405245 0.684529
v -0.064365 -0.404697 0.683957
v -0.073531 -0.375719 0.691250
v -0.078075 -0.405627 0.690450
v -0.071114 -0.376416 0.694345
v -0.075581 -0.405385 0.693559
v -0.073142 -0.375859 0.699022
v -0.077686 -0.405768 0.698222
v -0.070643 -0.376935 0.704700
v -0.074984 -0.405923 0.703906
v -0.065082 -0.379012 0.706795
v -0.069057 -0.405760 0.706024
v -0.063378 -0.405375 0.703334
v -0.065031 -0.405222 0.696178
v -0.057395 -0.429395 0.702114
v -0.058960 -0.429740 0.695132
v -0.062504 -0.431977 0.704735
v -0.061662 -0.404852 0.689642
v -0.055967 -0.427976 0.688451
v -0.058506 -0.428748 0.682742
v -0.063914 -0.431119 0.680559
v -0.043896 -0.448706 0.681162
v -0.047981 -0.452918 0.678879
v -0.041863 -0.447140 0.686911
v -0.069023 -0.433700 0.683180
v -0.051723 -0.457309 0.681399
v -0.070841 -0.434980 0.689070
v -0.052932 -0.459306 0.687246
v -0.068634 -0.433841 0.692209
v -0.070451 -0.435120 0.696842
v -0.067912 -0.434348 0.702551
v -0.089706 0.369295 1.613302
v -0.089706 0.456178 1.605978
v -0.089706 0.449998 1.593470
v -0.089706 0.408014 1.573149
v -0.055016 0.457643 1.609882
v -0.089706 0.441343 1.556403
v -0.089706 0.435978 1.517221
v -0.089706 0.435978 1.360911
v -0.089706 0.408014 1.269133
v -0.089706 0.440997 1.336532
v -0.089706 0.448167 1.315739
v -0.089706 0.461074 1.292261
v -0.063080 0.461074 1.292496
v -0.063080 0.461074 1.039686
v -0.089706 0.461074 1.039686
v -0.089706 0.370729 1.231847
v -0.089706 0.408014 1.094896
v -0.089706 0.370729 1.112822
v -0.089706 0.408014 1.039686
v -0.047719 0.435978 1.360911
v -0.047719 0.440997 1.336532
v -0.089706 0.369295 1.745390
v -0.089706 0.459796 1.745390
v -0.089706 0.459796 1.621955
v -0.055476 0.470201 1.745390
v -0.055476 0.500527 1.745613
v -0.055476 0.500527 1.645769
v -0.055476 0.470201 1.638573
v -0.047719 0.435978 1.517221
v -0.047719 0.441343 1.556403
v -0.047719 0.448167 1.315739
v -0.035639 0.452283 1.339894
v -0.035639 0.458973 1.320541
v -0.047719 0.449998 1.593470
v -0.035639 0.470199 1.304774
v -0.047719 0.461074 1.298530
v -0.035639 0.464646 1.589147
v -0.035639 0.456231 1.555683
v -0.035639 0.447264 1.360911
v -0.035639 0.472523 1.607299
v -0.035639 0.448705 1.517221
v -0.059597 0.457681 1.303057
v -0.048868 0.477548 1.280012
v -0.089706 0.457823 1.302865
v -0.055476 0.502456 1.039686
v -0.055476 0.505741 1.254396
v -0.055476 0.533432 1.162589
v -0.055476 0.533432 1.039686
v -0.035639 0.485168 1.288197
v -0.035639 0.510728 1.273472
v -0.048996 0.505281 1.263452
v -0.035639 0.552710 1.257336
v -0.047719 0.542160 1.247996
v -0.027233 0.562523 1.240007
v -0.047719 0.562100 1.228959
v -0.055476 0.471479 1.039686
v -0.055476 0.475970 1.274086
v -0.055476 0.533432 1.238537
v -0.055476 0.551922 1.222187
v -0.055476 0.551922 1.164997
v -0.047719 0.562100 1.165565
v -0.062680 0.543518 1.153368
v -0.062680 0.543518 1.039686
v -0.145520 0.607949 1.153368
v -0.145520 0.607949 1.039686
v -0.146138 0.717789 1.153369
v -0.146138 0.717789 1.039686
v -0.150855 0.707651 1.039686
v -0.150855 0.707651 1.153368
v -0.097595 0.756896 1.153369
v -0.097595 0.756896 1.039686
v -0.150855 0.618858 1.153368
v -0.150855 0.618858 1.039686
v -0.055840 0.571521 1.154087
v -0.063264 0.559009 1.153519
v -0.035639 0.552710 1.574615
v -0.027233 0.562523 1.574615
v -0.050290 0.474652 1.627622
v -0.035639 0.486581 1.616280
v -0.050563 0.500748 1.633921
v -0.035639 0.503505 1.618154
v -0.035639 0.559134 1.600947
v -0.027233 0.567165 1.595309
v -0.035975 0.568885 1.618236
v -0.030042 0.576916 1.612598
v -0.055476 0.535451 1.646382
v -0.055476 0.535451 1.746305
v -0.062046 0.543404 1.746305
v -0.062046 0.543404 1.646322
v -0.063080 0.459796 1.622027
v -0.063080 0.459796 1.745390
v -0.054380 0.540181 1.637123
v -0.060358 0.546411 1.637264
v -0.146193 0.717239 1.646202
v -0.146193 0.717239 1.746305
v -0.097306 0.757002 1.746305
v -0.097306 0.757002 1.646189
v -0.137021 0.604418 1.637465
v -0.150567 0.618532 1.646245
v -0.150567 0.618532 1.746305
v -0.150567 0.707796 1.746305
v -0.150567 0.707796 1.646220
v -0.077616 0.772610 1.646179
v -0.077616 0.772610 1.746305
v -0.054203 0.784977 1.746305
v -0.054203 0.784977 1.646173
v -0.077904 0.772505 1.153369
v -0.077904 0.772505 1.039686
v -0.054491 0.784871 1.153369
v -0.054492 0.784871 1.039686
v -0.027741 0.793108 1.153369
v -0.027741 0.793108 1.039686
v 0.000000 0.796037 1.153369
v 0.000000 0.796037 1.039686
v -0.145240 0.607685 1.746305
v -0.145240 0.607685 1.646278
v -0.143646 0.616142 1.636513
v -0.027453 0.793213 1.746305
v -0.027453 0.793213 1.646169
v 0.000000 0.796143 1.746305
v 0.000000 0.796143 1.646168
v 0.027453 0.793213 1.646169
v 0.027453 0.793213 1.746305
v 0.089706 0.456178 1.605978
v 0.089706 0.369295 1.613302
v 0.089706 0.408014 1.573149
v 0.089706 0.449998 1.593470
v 0.089706 0.441343 1.556403
v 0.089706 0.435978 1.517221
v 0.089706 0.408014 1.269133
v 0.089706 0.435978 1.360911
v 0.089706 0.440997 1.336532
v 0.089706 0.448167 1.315739
v 0.089706 0.461074 1.292261
v 0.089706 0.461074 1.039686
v 0.063080 0.461074 1.039686
v 0.063080 0.461074 1.292496
v 0.089706 0.370729 1.231847
v 0.089706 0.370729 1.112822
v 0.089706 0.408014 1.094896
v 0.089706 0.408014 1.039686
v 0.047719 0.440997 1.336532
v 0.047719 0.435978 1.360911
v 0.089706 0.369295 1.745390
v 0.089706 0.459796 1.621955
v 0.089706 0.459796 1.745390
v 0.055476 0.470201 1.745390
v 0.055476 0.470201 1.638573
v 0.055476 0.500527 1.645769
v 0.055476 0.500527 1.745613
v 0.047719 0.435978 1.517221
v 0.035975 0.568885 1.618236
v 0.054380 0.540181 1.637123
v 0.050563 0.500748 1.633921
v 0.047719 0.441343 1.556403
v 0.047719 0.448167 1.315739
v 0.035639 0.458973 1.320541
v 0.035639 0.452283 1.339894
v 0.047719 0.449998 1.593470
v 0.047719 0.461074 1.298530
v 0.035639 0.470199 1.304774
v 0.035639 0.456231 1.555683
v 0.035639 0.464646 1.589147
v 0.035639 0.447264 1.360911
v 0.047719 0.459796 1.613302
v 0.035639 0.472523 1.607299
v 0.035639 0.448705 1.517221
v 0.059597 0.457681 1.303057
v 0.048868 0.477548 1.280012
v 0.089706 0.457823 1.302865
v 0.055476 0.502456 1.039686
v 0.055476 0.533432 1.039686
v 0.055476 0.533432 1.162589
v 0.055476 0.505741 1.254396
v 0.035639 0.485168 1.288197
v 0.048996 0.505281 1.263452
v 0.035639 0.510728 1.273472
v 0.047719 0.542160 1.247996
v 0.035639 0.552710 1.257336
v 0.047719 0.562100 1.228959
v 0.027233 0.562523 1.240007
v 0.055476 0.471479 1.039686
v 0.055476 0.475970 1.274086
v 0.055476 0.533432 1.238537
v 0.055476 0.551922 1.164997
v 0.055476 0.551922 1.222187
v 0.047719 0.562100 1.165565
v 0.062680 0.543518 1.039686
v 0.062680 0.543518 1.153368
v 0.145520 0.607949 1.039686
v 0.145520 0.607949 1.153368
v 0.146138 0.717789 1.153369
v 0.150855 0.707651 1.153368
v 0.150855 0.707651 1.039686
v 0.146138 0.717789 1.039686
v 0.097595 0.756896 1.039686
v 0.097595 0.756896 1.153369
v 0.150855 0.618858 1.153368
v 0.150855 0.618858 1.039686
v 0.063264 0.559009 1.153519
v 0.055840 0.571521 1.154087
v 0.027233 0.562523 1.574615
v 0.035639 0.552710 1.574615
v 0.035639 0.486581 1.616280
v 0.050290 0.474652 1.627622
v 0.035639 0.503505 1.618154
v 0.027233 0.567165 1.595309
v 0.035639 0.559134 1.600947
v 0.030042 0.576916 1.612598
v 0.055476 0.535451 1.646382
v 0.062046 0.543404 1.646322
v 0.062046 0.543404 1.746305
v 0.055476 0.535451 1.746305
v 0.063080 0.459796 1.745390
v 0.063080 0.459796 1.622027
v 0.060358 0.546411 1.637264
v 0.146193 0.717239 1.646202
v 0.097307 0.757002 1.646188
v 0.097307 0.757002 1.746305
v 0.146193 0.717239 1.746305
v 0.137021 0.604418 1.637465
v 0.150567 0.618532 1.646245
v 0.150567 0.707796 1.646220
v 0.150567 0.707796 1.746305
v 0.150567 0.618532 1.746305
v 0.077616 0.772610 1.646179
v 0.054204 0.784977 1.646173
v 0.054204 0.784977 1.746305
v 0.077616 0.772610 1.746305
v 0.077904 0.772505 1.039686
v 0.077904 0.772505 1.153369
v 0.054492 0.784871 1.039686
v 0.054492 0.784871 1.153369
v 0.027741 0.793108 1.039686
v 0.027741 0.793108 1.153369
v 0.145240 0.607685 1.646278
v 0.145240 0.607685 1.746305
v 0.143646 0.616142 1.636513
v -0.075415 0.763558 1.636797
v -0.094081 0.748366 1.636754
v -0.140391 0.710230 1.636703
v -0.144215 0.700899 1.636633
v -0.053115 0.775608 1.636828
v -0.027568 0.783636 1.636847
v 0.000000 0.786566 1.637970
v 0.094081 0.748366 1.636754
v 0.075415 0.763558 1.636796
v 0.144216 0.700899 1.636633
v 0.140391 0.710230 1.636703
v 0.053116 0.775608 1.636828
v 0.027568 0.783636 1.636847
v 0.047491 0.772844 2.432567
v 0.000000 0.782290 2.432567
v 0.000000 0.762164 2.432567
v 0.039789 0.754250 2.432567
v 0.047491 0.772844 1.995962
v 0.000000 0.782291 1.995962
v -0.047490 0.772844 2.432567
v -0.039788 0.754250 2.432567
v -0.047490 0.772844 1.995962
v -0.039788 0.754250 2.406710
v 0.000000 0.762164 2.406710
v 0.039789 0.754250 2.406710
v 0.000000 0.732330 2.419700
v 0.028372 0.726686 2.419700
v -0.028371 0.726686 2.419700
v 0.073520 0.731712 2.406710
v 0.052424 0.710615 2.419700
v 0.073520 0.731712 2.432567
v -0.052423 0.710615 2.419700
v -0.068494 0.686563 2.419700
v -0.074138 0.658192 2.419700
v -0.068494 0.629821 2.419700
v -0.052423 0.605769 2.419700
v -0.028371 0.589698 2.419700
v 0.000000 0.584054 2.419700
v 0.028372 0.589698 2.419700
v 0.052424 0.605769 2.419700
v 0.068495 0.629821 2.419700
v 0.074138 0.658192 2.419700
v 0.068495 0.686563 2.419700
v 0.096058 0.697980 2.406710
v 0.103973 0.658192 2.406710
v 0.096058 0.618403 2.406710
v 0.073520 0.584672 2.406710
v 0.039789 0.562134 2.406710
v 0.000000 0.554219 2.406710
v -0.039788 0.562134 2.406710
v -0.073519 0.584672 2.406710
v -0.096058 0.618403 2.406710
v -0.103972 0.658192 2.406710
v -0.096058 0.697980 2.406710
v -0.073519 0.731712 2.406710
v -0.073519 0.731712 2.432567
v -0.096058 0.697980 2.432567
v -0.087751 0.745943 2.432567
v -0.114652 0.705682 2.432567
v -0.087751 0.745943 1.995962
v -0.114652 0.705682 1.995962
v -0.062292 0.720485 1.856391
v -0.081389 0.691905 1.856391
v -0.033712 0.739581 1.856391
v -0.062292 0.720485 0.954014
v -0.081389 0.691905 0.954014
v -0.033712 0.739582 0.954014
v -0.096219 0.754412 0.692800
v -0.125716 0.710266 0.692800
v -0.052073 0.783909 0.692800
v -0.070435 0.828237 0.431585
v -0.130146 0.788339 0.431585
v -0.170044 0.728627 0.431585
v -0.088095 0.658193 0.954014
v -0.136075 0.658193 0.692800
v -0.184054 0.658193 0.431585
v -0.125716 0.606119 0.692800
v -0.170044 0.587758 0.431585
v -0.081389 0.624480 0.954014
v -0.096219 0.561973 0.692800
v -0.130146 0.528047 0.431585
v -0.062292 0.595900 0.954014
v -0.052073 0.532476 0.692800
v -0.070435 0.488149 0.431585
v -0.033712 0.576803 0.954014
v 0.000000 0.522118 0.692800
v 0.000000 0.474138 0.431585
v 0.000000 0.570098 0.954014
v 0.052074 0.532476 0.692800
v 0.070435 0.488149 0.431585
v 0.033713 0.576803 0.954014
v 0.096219 0.561973 0.692800
v 0.130146 0.528047 0.431585
v 0.062293 0.595900 0.954014
v 0.081389 0.624480 0.954014
v 0.125717 0.606119 0.692800
v 0.170044 0.587758 0.431585
v 0.136075 0.658193 0.692800
v 0.184054 0.658193 0.431585
v 0.088095 0.658193 0.954014
v 0.125717 0.710266 0.692800
v 0.170044 0.728627 0.431585
v 0.081389 0.691905 0.954014
v 0.096219 0.754412 0.692800
v 0.130146 0.788339 0.431585
v 0.062293 0.720485 0.954014
v 0.052074 0.783909 0.692800
v 0.070435 0.828237 0.431585
v 0.033713 0.739582 0.954014
v 0.000000 0.794267 0.692800
v 0.000000 0.842247 0.431585
v 0.000000 0.746287 0.954014
v 0.070435 0.828237 -0.148726
v -0.000000 0.842247 -0.148726
v -0.070435 0.828237 -0.148726
v 0.063925 0.812523 -0.148726
v -0.000000 0.825238 -0.148726
v -0.063925 0.812523 -0.148726
v 0.063925 0.812523 -0.073456
v -0.000000 0.825238 -0.073456
v -0.063925 0.812523 -0.073456
v -0.043475 0.763151 -0.107319
v -0.000000 0.771799 -0.107319
v 0.043475 0.763151 -0.107319
v -0.080331 0.738524 -0.107319
v -0.118119 0.776312 -0.073456
v -0.118119 0.776312 -0.148726
v -0.104958 0.701668 -0.107319
v -0.154330 0.722118 -0.073456
v -0.154330 0.722118 -0.148726
v -0.170044 0.728628 -0.148726
v -0.130146 0.788339 -0.148726
v -0.184054 0.658193 -0.148726
v -0.167045 0.658193 -0.148726
v -0.170044 0.587758 -0.148726
v -0.154330 0.594268 -0.148726
v -0.167045 0.658193 -0.073456
v -0.154330 0.594267 -0.073456
v -0.113606 0.658193 -0.107319
v -0.104958 0.614718 -0.107319
v -0.080331 0.577862 -0.107319
v -0.118119 0.540074 -0.073456
v -0.118119 0.540074 -0.148727
v -0.043475 0.553235 -0.107319
v -0.063925 0.503863 -0.073456
v -0.063925 0.503863 -0.148727
v -0.070435 0.488149 -0.148727
v -0.130146 0.528047 -0.148727
v -0.000000 0.474139 -0.148727
v -0.000000 0.491148 -0.148727
v 0.070435 0.488149 -0.148727
v 0.063925 0.503863 -0.148727
v -0.000000 0.491148 -0.073456
v 0.063925 0.503863 -0.073456
v -0.000000 0.544587 -0.107319
v 0.043475 0.553235 -0.107319
v 0.080331 0.577861 -0.107319
v 0.118119 0.540074 -0.073456
v 0.118119 0.540074 -0.148727
v 0.104958 0.614718 -0.107319
v 0.154330 0.594267 -0.073456
v 0.154330 0.594268 -0.148727
v 0.170044 0.587758 -0.148727
v 0.130146 0.528047 -0.148727
v 0.184054 0.658193 -0.148726
v 0.167045 0.658193 -0.148726
v 0.170044 0.728628 -0.148726
v 0.154330 0.722118 -0.148726
v 0.167045 0.658193 -0.073456
v 0.154330 0.722118 -0.073456
v 0.113606 0.658193 -0.107319
v 0.104958 0.701668 -0.107319
v 0.080331 0.738524 -0.107319
v 0.118119 0.776312 -0.073456
v 0.118119 0.776312 -0.148726
v 0.130146 0.788339 -0.148726
v 0.000000 0.746287 1.856391
v 0.033713 0.739581 1.856391
v 0.062293 0.720485 1.856391
v 0.087751 0.745943 1.995962
v 0.087751 0.745943 2.432567
v 0.114652 0.705682 1.995961
v 0.081389 0.691905 1.856391
v 0.114652 0.705682 2.432567
v 0.096058 0.697980 2.432567
v 0.124099 0.658192 2.432567
v 0.103973 0.658192 2.432567
v 0.114652 0.610702 2.432567
v 0.096058 0.618403 2.432567
v 0.073520 0.584672 2.432567
v 0.087751 0.570441 2.432567
v 0.114652 0.610702 1.995961
v 0.124099 0.658192 1.995961
v 0.087751 0.570441 1.995961
v 0.081389 0.624480 1.856391
v 0.088095 0.658192 1.856391
v 0.062293 0.595900 1.856391
v 0.033713 0.576803 1.856391
v 0.047491 0.543540 1.995961
v 0.000000 0.570097 1.856391
v 0.000000 0.534094 1.995961
v 0.047491 0.543540 2.432567
v 0.000000 0.534093 2.432567
v 0.039789 0.562134 2.432567
v 0.000000 0.554219 2.432567
v -0.039788 0.562134 2.432567
v -0.047490 0.543540 2.432567
v -0.073519 0.584672 2.432567
v -0.087751 0.570441 2.432567
v -0.047490 0.543540 1.995961
v -0.087751 0.570441 1.995961
v -0.033712 0.576803 1.856391
v -0.062292 0.595900 1.856391
v -0.081389 0.624480 1.856391
v -0.114652 0.610702 1.995961
v -0.088095 0.658192 1.856391
v -0.124098 0.658192 1.995962
v -0.114652 0.610702 2.432567
v -0.124098 0.658192 2.432567
v -0.096058 0.618403 2.432567
v -0.103972 0.658192 2.432567
v 0.108433 0.626263 1.330405
v 0.098208 0.627823 1.325891
v 0.106759 0.668271 1.325889
v 0.108433 0.710279 1.330405
v 0.112947 0.668271 1.332076
v 0.098208 0.708719 1.325891
v 0.000000 0.774347 1.325718
v 0.040671 0.766272 1.325718
v 0.075148 0.743238 1.325718
v 0.075148 0.593304 1.325718
v 0.040671 0.570269 1.325718
v 0.000000 0.562195 1.325718
v -0.040671 0.570269 1.325718
v -0.075148 0.593304 1.325718
v -0.098208 0.627823 1.325891
v -0.106759 0.668271 1.325889
v -0.098208 0.708719 1.325891
v -0.075148 0.743238 1.325718
v -0.040671 0.766272 1.325718
v 0.083874 0.589158 1.330297
v 0.043794 0.562293 1.330317
v 0.000000 0.553870 1.330458
v -0.043794 0.562293 1.330317
v -0.083874 0.589158 1.330297
v -0.108433 0.626263 1.330405
v -0.112946 0.668271 1.332076
v -0.108433 0.710279 1.330405
v -0.112944 0.627823 1.340627
v -0.108540 0.589158 1.354964
v -0.113117 0.593304 1.363687
v -0.108515 0.562258 1.395119
v -0.113117 0.570269 1.398164
v -0.078670 0.553356 1.386258
v -0.052561 0.553356 1.360155
v 0.092806 0.553356 1.457286
v 0.078681 0.553356 1.491397
v 0.052577 0.553356 1.517505
v 0.018469 0.553356 1.531637
v -0.018469 0.553356 1.531637
v -0.052577 0.553356 1.517505
v -0.078680 0.553356 1.491397
v -0.092806 0.553356 1.457286
v -0.092802 0.553356 1.420366
v -0.018451 0.553356 1.346029
v 0.018451 0.553356 1.346029
v 0.052562 0.553356 1.360155
v 0.078670 0.553356 1.386258
v 0.092802 0.553356 1.420366
v -0.108377 0.553870 1.438836
v -0.113117 0.562195 1.438835
v -0.108518 0.562293 1.482629
v -0.113117 0.570269 1.479506
v -0.108538 0.589158 1.522710
v -0.113117 0.593304 1.513983
v -0.083871 0.589158 1.547376
v 0.000000 0.553870 1.547213
v -0.043716 0.562258 1.547350
v -0.098208 0.627823 1.551779
v -0.108430 0.626263 1.547268
v -0.075148 0.593304 1.551952
v -0.040671 0.570269 1.551952
v 0.040671 0.766272 1.551953
v 0.000000 0.774347 1.551953
v -0.040671 0.766272 1.551953
v -0.075148 0.743237 1.551953
v -0.098208 0.708719 1.551780
v -0.106759 0.668271 1.551782
v 0.000000 0.562195 1.551952
v 0.040671 0.570269 1.551952
v 0.075148 0.593304 1.551952
v 0.098208 0.627823 1.551779
v 0.106759 0.668271 1.551782
v 0.098208 0.708719 1.551779
v 0.075148 0.743237 1.551953
v -0.108430 0.710279 1.547268
v -0.112946 0.668271 1.545594
v -0.083871 0.747383 1.547376
v -0.043716 0.774283 1.547350
v 0.000000 0.782678 1.547201
v 0.043717 0.774283 1.547350
v 0.083872 0.747383 1.547376
v 0.108430 0.710279 1.547268
v 0.108430 0.626263 1.547268
v 0.112947 0.668271 1.545594
v 0.112944 0.708719 1.537043
v 0.108538 0.747383 1.522710
v 0.113118 0.743238 1.513983
v 0.108518 0.774248 1.482629
v 0.113118 0.766272 1.479506
v 0.078395 0.790041 1.491822
v 0.052150 0.790041 1.517789
v 0.069626 0.794991 1.485858
v 0.046331 0.794991 1.508924
v 0.082321 0.794991 1.455634
v 0.092705 0.790041 1.457789
v 0.108366 0.782678 1.438836
v 0.015983 0.794991 1.521319
v 0.017966 0.790041 1.531736
v -0.015983 0.794991 1.521319
v -0.017966 0.790041 1.531736
v -0.046331 0.794991 1.508924
v -0.052150 0.790041 1.517789
v -0.069626 0.794991 1.485858
v -0.078394 0.790041 1.491822
v -0.108538 0.747383 1.522710
v -0.082321 0.794991 1.455634
v -0.092704 0.790041 1.457789
v -0.108366 0.782678 1.438836
v -0.108518 0.774248 1.482629
v -0.113117 0.766272 1.479507
v -0.113117 0.743238 1.513984
v -0.112944 0.708719 1.537043
v -0.159790 0.743238 1.513984
v -0.159567 0.708719 1.537043
v -0.159790 0.766272 1.479507
v -0.159801 0.753809 1.524581
v -0.159548 0.714423 1.550892
v -0.159801 0.780093 1.485242
v -0.209242 0.753809 1.524581
v -0.208931 0.714423 1.550892
v -0.209242 0.780093 1.485242
v -0.222409 0.750236 1.521008
v -0.222098 0.712461 1.546235
v -0.222409 0.775424 1.483309
v -0.208935 0.668271 1.560650
v -0.159551 0.668271 1.560650
v -0.222102 0.668271 1.555596
v -0.208931 0.622119 1.550892
v -0.159548 0.622119 1.550892
v -0.222098 0.624080 1.546235
v -0.209242 0.582732 1.524581
v -0.159801 0.582732 1.524581
v -0.222409 0.586305 1.521008
v -0.209242 0.556449 1.485242
v -0.159801 0.556449 1.485242
v -0.222409 0.561118 1.483309
v -0.209242 0.547236 1.438835
v -0.159801 0.547236 1.438835
v -0.222409 0.552290 1.438835
v -0.209242 0.556449 1.392429
v -0.159801 0.556449 1.392429
v -0.222409 0.561118 1.394361
v -0.209242 0.582732 1.353089
v -0.159801 0.582732 1.353089
v -0.222409 0.586305 1.356663
v -0.208931 0.622119 1.326778
v -0.159548 0.622119 1.326778
v -0.222098 0.624080 1.331435
v -0.208935 0.668271 1.317021
v -0.159551 0.668271 1.317021
v -0.222102 0.668271 1.322074
v -0.208931 0.714423 1.326778
v -0.159548 0.714423 1.326778
v -0.222098 0.712461 1.331435
v -0.209242 0.753809 1.353090
v -0.159801 0.753809 1.353090
v -0.222409 0.750236 1.356663
v -0.209242 0.780093 1.392429
v -0.159801 0.780093 1.392429
v -0.222409 0.775424 1.394361
v -0.209242 0.789305 1.438836
v -0.159801 0.789305 1.438836
v -0.222409 0.784252 1.438836
v -0.235576 0.780093 1.392429
v -0.235576 0.789305 1.438836
v -0.235576 0.780093 1.485242
v -0.235576 0.753809 1.524581
v -0.248742 0.789305 1.438836
v -0.248742 0.780093 1.485242
v -0.248742 0.753809 1.524581
v -0.248431 0.714423 1.550892
v -0.235265 0.714423 1.550892
v -0.248435 0.668271 1.560650
v -0.235269 0.668271 1.560650
v -0.248431 0.622119 1.550892
v -0.235265 0.622119 1.550892
v -0.248742 0.582732 1.524581
v -0.235576 0.582732 1.524581
v -0.248742 0.556449 1.485242
v -0.235576 0.556449 1.485242
v -0.248742 0.547236 1.438835
v -0.235576 0.547236 1.438835
v -0.248742 0.556449 1.392429
v -0.235576 0.556449 1.392429
v -0.248742 0.582732 1.353089
v -0.235576 0.582732 1.353089
v -0.248431 0.622119 1.326778
v -0.235265 0.622119 1.326778
v -0.248435 0.668271 1.317021
v -0.235269 0.668271 1.317021
v -0.248431 0.714423 1.326778
v -0.235265 0.714423 1.326778
v -0.248742 0.753809 1.353090
v -0.235576 0.753809 1.353090
v -0.248742 0.780093 1.392429
v -0.159790 0.766272 1.398164
v -0.159790 0.774347 1.438836
v -0.113117 0.766272 1.398164
v -0.113117 0.774347 1.438836
v -0.108515 0.774283 1.395119
v -0.108540 0.747383 1.354964
v -0.113117 0.743238 1.363687
v -0.159790 0.743238 1.363687
v -0.112944 0.708719 1.340627
v -0.159567 0.708719 1.340627
v -0.159570 0.668271 1.332076
v -0.159567 0.627823 1.340627
v -0.159790 0.593304 1.363687
v -0.159790 0.570269 1.398164
v -0.159790 0.562195 1.438835
v -0.159790 0.570269 1.479506
v -0.159790 0.593304 1.513983
v -0.159567 0.627823 1.537043
v -0.112944 0.627823 1.537043
v -0.159570 0.668271 1.545594
v -0.083874 0.747383 1.330298
v -0.043794 0.774248 1.330317
v 0.000000 0.782678 1.330469
v 0.043794 0.774248 1.330317
v 0.083874 0.747383 1.330297
v 0.052987 0.790041 1.360441
v 0.108541 0.747383 1.354964
v 0.078954 0.790041 1.386686
v 0.113118 0.766272 1.398164
v 0.113118 0.743238 1.363687
v 0.108515 0.774283 1.395119
v 0.112944 0.708719 1.340627
v 0.070088 0.794991 1.392504
v 0.082483 0.794991 1.422852
v 0.092901 0.790041 1.420869
v 0.047023 0.794991 1.369209
v 0.113118 0.774347 1.438835
v 0.159790 0.774347 1.438835
v 0.159790 0.766272 1.398164
v 0.159790 0.766272 1.479506
v 0.159802 0.789305 1.438835
v 0.159802 0.780093 1.392429
v 0.159802 0.780093 1.485242
v 0.209243 0.789305 1.438835
v 0.209243 0.780093 1.392429
v 0.209243 0.780093 1.485242
v 0.222409 0.784252 1.438835
v 0.222409 0.775424 1.394361
v 0.222409 0.775424 1.483309
v 0.159802 0.753809 1.353090
v 0.209243 0.753809 1.353090
v 0.222409 0.750236 1.356663
v 0.159548 0.714423 1.326778
v 0.208932 0.714423 1.326778
v 0.222098 0.712461 1.331435
v 0.159551 0.668271 1.317021
v 0.208936 0.668271 1.317021
v 0.222102 0.668271 1.322074
v 0.159548 0.622119 1.326778
v 0.208931 0.622119 1.326778
v 0.222098 0.624080 1.331435
v 0.159802 0.582732 1.353089
v 0.209243 0.582732 1.353089
v 0.222409 0.586305 1.356663
v 0.159802 0.556449 1.392429
v 0.209243 0.556449 1.392429
v 0.222409 0.561118 1.394361
v 0.159802 0.547236 1.438835
v 0.209243 0.547236 1.438835
v 0.222409 0.552290 1.438835
v 0.159802 0.556449 1.485242
v 0.209243 0.556449 1.485242
v 0.222409 0.561118 1.483309
v 0.159802 0.582732 1.524581
v 0.209243 0.582732 1.524581
v 0.222409 0.586305 1.521008
v 0.159548 0.622119 1.550892
v 0.208932 0.622119 1.550892
v 0.222098 0.624080 1.546235
v 0.159551 0.668271 1.560650
v 0.208936 0.668271 1.560650
v 0.222102 0.668271 1.555596
v 0.159548 0.714423 1.550892
v 0.208932 0.714423 1.550892
v 0.222098 0.712461 1.546235
v 0.159802 0.753809 1.524581
v 0.209243 0.753809 1.524581
v 0.222409 0.750236 1.521008
v 0.235265 0.714423 1.550892
v 0.235576 0.753809 1.524581
v 0.235576 0.780093 1.485242
v 0.235576 0.789305 1.438835
v 0.248743 0.780093 1.485242
v 0.248743 0.789305 1.438835
v 0.248743 0.753809 1.524581
v 0.235576 0.780093 1.392429
v 0.248743 0.780093 1.392429
v 0.235576 0.753809 1.353090
v 0.248743 0.753809 1.353090
v 0.235265 0.714423 1.326778
v 0.248431 0.714423 1.326778
v 0.235269 0.668271 1.317021
v 0.248435 0.668271 1.317021
v 0.235265 0.622119 1.326778
v 0.248431 0.622119 1.326778
v 0.235576 0.582732 1.353089
v 0.248743 0.582732 1.353089
v 0.235576 0.556449 1.392429
v 0.248743 0.556449 1.392429
v 0.235576 0.547236 1.438835
v 0.248743 0.547236 1.438835
v 0.235576 0.556449 1.485242
v 0.248743 0.556449 1.485242
v 0.235576 0.582732 1.524581
v 0.248743 0.582732 1.524581
v 0.235265 0.622119 1.550892
v 0.248431 0.622119 1.550892
v 0.235269 0.668271 1.560650
v 0.248436 0.668271 1.560650
v 0.248431 0.714423 1.550892
v 0.159790 0.743238 1.513983
v 0.159568 0.708719 1.537043
v 0.159571 0.668271 1.545594
v 0.159568 0.627823 1.537043
v 0.112944 0.627823 1.537043
v 0.159790 0.593304 1.513983
v 0.113118 0.593304 1.513983
v 0.108538 0.589158 1.522710
v 0.113118 0.570269 1.479506
v 0.108518 0.562293 1.482629
v 0.159790 0.570269 1.479506
v 0.113118 0.562195 1.438835
v 0.108378 0.553870 1.438836
v 0.159790 0.562195 1.438835
v 0.159790 0.570269 1.398164
v 0.113118 0.570269 1.398164
v 0.159790 0.593304 1.363687
v 0.113118 0.593304 1.363687
v 0.108515 0.562258 1.395119
v 0.108541 0.589158 1.354964
v 0.112944 0.627823 1.340627
v 0.159568 0.627823 1.340627
v 0.159571 0.668271 1.332076
v 0.159568 0.708719 1.340627
v 0.159790 0.743238 1.363687
v 0.083872 0.589158 1.547376
v 0.043717 0.562258 1.547350
v 0.082483 0.835802 1.422852
v 0.082321 0.835802 1.455634
v 0.070088 0.835802 1.392504
v 0.095990 0.835802 1.420119
v 0.095801 0.835802 1.458269
v 0.081565 0.835802 1.384801
v 0.097060 0.855729 1.419914
v 0.096866 0.855733 1.458488
v 0.082476 0.855725 1.384201
v 0.073504 0.869648 1.390155
v 0.086505 0.869648 1.421982
v 0.086337 0.869648 1.456362
v 0.054723 0.835802 1.357692
v 0.055335 0.855722 1.356787
v 0.049314 0.869648 1.365726
v 0.019605 0.835802 1.342929
v 0.019820 0.855722 1.341859
v 0.017677 0.869648 1.352426
v -0.019605 0.835802 1.342929
v -0.019819 0.855722 1.341859
v -0.017677 0.869648 1.352426
v -0.054723 0.835802 1.357692
v -0.055335 0.855722 1.356787
v -0.049313 0.869648 1.365726
v -0.081565 0.835802 1.384801
v -0.082476 0.855725 1.384201
v -0.073504 0.869648 1.390155
v -0.095990 0.835802 1.420119
v -0.097059 0.855729 1.419914
v -0.086505 0.869648 1.421982
v -0.095801 0.835802 1.458269
v -0.096866 0.855733 1.458488
v -0.086337 0.869648 1.456362
v -0.081027 0.835802 1.493442
v -0.081926 0.855737 1.494051
v -0.073025 0.869648 1.488062
v -0.053918 0.835802 1.520285
v -0.054515 0.855740 1.521189
v -0.048594 0.869648 1.512255
v -0.018545 0.835802 1.534720
v -0.018755 0.855739 1.535784
v -0.016703 0.869648 1.525268
v 0.018545 0.835802 1.534720
v 0.018755 0.855739 1.535784
v 0.016704 0.869648 1.525268
v 0.053918 0.835802 1.520285
v 0.054515 0.855740 1.521189
v 0.048594 0.869648 1.512255
v 0.081028 0.835802 1.493442
v 0.081926 0.855737 1.494051
v 0.073025 0.869648 1.488062
v 0.081926 0.883559 1.494051
v 0.054515 0.883556 1.521189
v 0.096866 0.883563 1.458488
v 0.097060 0.883567 1.419914
v 0.095801 0.902543 1.458269
v 0.081028 0.902543 1.493442
v 0.095990 0.902543 1.420119
v 0.082476 0.883571 1.384201
v 0.081565 0.902543 1.384801
v 0.055335 0.883574 1.356787
v 0.054723 0.902543 1.357692
v 0.019820 0.883573 1.341859
v 0.019605 0.902543 1.342929
v -0.019819 0.883573 1.341859
v -0.019605 0.902543 1.342929
v -0.055335 0.883574 1.356787
v -0.054723 0.902543 1.357692
v -0.082476 0.883571 1.384201
v -0.081565 0.902543 1.384801
v -0.097059 0.883567 1.419914
v -0.095990 0.902543 1.420119
v -0.096866 0.883563 1.458488
v -0.095801 0.902543 1.458269
v -0.081926 0.883559 1.494051
v -0.081027 0.902543 1.493442
v -0.054515 0.883556 1.521189
v -0.053918 0.902543 1.520285
v -0.018755 0.883556 1.535784
v -0.018545 0.902543 1.534720
v 0.018755 0.883556 1.535784
v 0.018545 0.902543 1.534720
v 0.053918 0.902543 1.520285
v 0.069626 0.835802 1.485858
v 0.046331 0.835802 1.508924
v 0.015983 0.835802 1.521319
v -0.015983 0.835802 1.521319
v -0.046331 0.835802 1.508924
v -0.069626 0.835802 1.485858
v -0.082321 0.835802 1.455634
v -0.082483 0.835802 1.422852
v -0.082483 0.794991 1.422852
v -0.092901 0.790041 1.420869
v -0.070088 0.794991 1.392504
v -0.078954 0.790041 1.386686
v -0.070088 0.835802 1.392504
v -0.047023 0.794991 1.369209
v -0.052987 0.790041 1.360441
v -0.047023 0.835802 1.369209
v -0.016799 0.835802 1.356514
v -0.016799 0.794991 1.356514
v 0.016799 0.835802 1.356514
v 0.016799 0.794991 1.356514
v 0.047023 0.835802 1.369209
v 0.018954 0.790041 1.346131
v -0.018953 0.790041 1.346131
vn 0.6986 0.7155 0.0001
vn 0.8339 0.5519 -0.0000
vn 0.8331 0.5531 0.0014
vn 0.3416 0.8179 0.4630
vn 0.3413 0.8180 0.4630
vn 0.6284 0.6258 0.4620
vn 0.6281 0.6260 0.4623
vn -0.0000 0.8862 0.4632
vn -0.0000 0.8863 0.4631
vn 0.8284 0.3506 0.4369
vn 0.9176 -0.0000 0.3975
vn 0.9176 -0.0000 0.3974
vn -0.0000 1.0000 -0.0000
vn 0.3847 0.9231 -0.0000
vn 0.3428 0.9394 -0.0000
vn 0.8322 0.5545 0.0001
vn 0.9240 0.3823 0.0001
vn 0.6611 0.7503 -0.0000
vn 0.9247 0.3806 -0.0000
vn 0.9195 0.3932 0.0001
vn 1.0000 -0.0000 -0.0000
vn 0.6864 0.7272 -0.0000
vn 0.6865 0.7271 -0.0000
vn 0.3848 0.9230 -0.0000
vn 0.3631 0.9318 -0.0000
vn 0.6999 0.7143 -0.0000
vn 0.6354 0.7722 -0.0000
vn 0.3588 0.9334 -0.0000
vn 0.3586 0.9335 -0.0000
vn 0.9240 0.3823 -0.0001
vn 0.9238 0.3830 -0.0001
vn 0.6607 0.7507 -0.0000
vn 0.9242 0.3820 0.0001
vn 0.9238 0.3829 -0.0001
vn 0.9246 0.3810 0.0001
vn 0.6604 0.7509 -0.0000
vn 0.8322 0.5545 -0.0001
vn 0.6352 0.7723 -0.0000
vn 0.8322 0.5545 0.0002
vn -0.6847 -0.7288 -0.0002
vn -0.8308 -0.5565 -0.0022
vn -0.9153 -0.4028 -0.0003
vn 0.3499 0.8936 -0.2813
vn 0.3919 0.9200 -0.0000
vn 0.6847 0.7288 -0.0002
vn 0.6541 0.6698 -0.3514
vn -0.8528 0.3590 -0.3792
vn -0.9153 0.4028 -0.0003
vn -0.6847 0.7288 -0.0002
vn -0.6541 0.6698 -0.3515
vn -0.0000 -0.9688 -0.2480
vn -0.0000 -1.0000 -0.0000
vn -0.3919 -0.9200 -0.0000
vn -0.3498 -0.8936 -0.2813
vn 0.0002 0.0002 -1.0000
vn -0.0001 -0.0003 -1.0000
vn -0.0000 -0.0004 -1.0000
vn -0.8312 -0.5559 0.0015
vn -0.6619 -0.7496 -0.0000
vn -0.9206 -0.3905 0.0007
vn -0.0000 0.0004 1.0000
vn -0.0002 -0.0004 1.0000
vn -0.0000 0.0003 1.0000
vn -0.0000 0.0004 -1.0000
vn -0.0000 -0.0000 -1.0000
vn -0.0000 0.0002 -1.0000
vn -0.6302 -0.7764 -0.0000
vn -0.3667 -0.9303 -0.0000
vn 0.0002 -0.9999 0.0147
vn -0.3664 -0.9305 -0.0000
vn -0.3873 -0.9217 0.0226
vn -0.9206 -0.3906 -0.0007
vn -0.9203 -0.3912 -0.0007
vn -0.9207 -0.3902 0.0007
vn -0.6615 -0.7500 -0.0000
vn -1.0000 -0.0000 -0.0000
vn -0.9211 -0.3893 0.0007
vn -0.6612 -0.7502 -0.0000
vn -0.8313 -0.5559 -0.0015
vn -0.8312 -0.5560 0.0015
vn -0.6303 -0.7764 -0.0000
vn -0.8313 -0.5559 -0.0016
vn -0.8313 -0.5558 0.0016
vn -0.6706 -0.7404 0.0459
vn -0.6211 -0.7834 0.0209
vn -0.4327 -0.9003 0.0475
vn -0.5090 -0.8607 0.0045
vn -0.3165 -0.9486 0.0037
vn 0.0331 -0.9994 0.0037
vn 0.0330 -0.9994 0.0045
vn 0.9093 -0.4161 0.0041
vn 0.9092 -0.4163 0.0041
vn 0.9995 0.0329 0.0038
vn 0.9994 0.0329 0.0045
vn -0.9092 0.4163 0.0042
vn -0.9094 0.4158 0.0042
vn -0.9995 -0.0329 0.0038
vn -0.9995 -0.0328 0.0045
vn 0.1288 -0.2323 -0.9641
vn 0.1288 -0.2324 -0.9640
vn 0.0002 -0.0000 -1.0000
vn 0.1147 -0.2084 -0.9713
vn -0.0000 -0.0000 1.0000
vn 0.1147 -0.2084 0.9713
vn 0.1147 -0.2083 -0.9713
vn 0.1147 -0.2082 -0.9713
vn 0.5091 0.8607 0.0049
vn 0.3165 0.9486 0.0041
vn -0.0331 0.9994 0.0042
vn -0.0330 0.9994 0.0049
vn 0.4101 -0.5787 0.7049
vn 0.6370 -0.7709 -0.0000
vn 0.4118 -0.5810 -0.7021
vn 0.6368 -0.7710 0.0002
vn 0.4110 -0.5808 0.7027
vn 0.4110 -0.5808 -0.7027
vn 0.4093 -0.5767 0.7070
vn 0.1114 -0.2024 0.9729
vn 0.4110 -0.5807 -0.7028
vn 0.4109 -0.5807 -0.7028
vn 0.4077 -0.5728 0.7112
vn 0.4076 -0.5728 0.7112
vn 0.1082 -0.1967 0.9745
vn 0.1083 -0.1966 0.9745
vn 0.1130 -0.2053 0.9722
vn -0.8574 -0.5039 0.1044
vn -0.9861 0.0002 0.1664
vn -0.9861 -0.0006 0.1664
vn 0.0002 -0.9989 0.0470
vn -0.7158 -0.6984 -0.0000
vn -0.7157 -0.6984 -0.0000
vn -0.0001 -0.0000 1.0000
vn -0.0000 -0.0003 1.0000
vn -0.0001 -0.0000 -1.0000
vn 0.3499 -0.8936 -0.2813
vn 0.3919 -0.9200 -0.0000
vn -0.6986 0.7155 0.0001
vn -0.8331 0.5531 0.0014
vn -0.8339 0.5519 0.0001
vn -0.6284 0.6258 0.4620
vn -0.3417 0.8179 0.4630
vn -0.6281 0.6260 0.4623
vn -0.9176 -0.0000 0.3975
vn -0.8284 0.3506 0.4369
vn -0.8284 0.3506 0.4370
vn -0.9176 -0.0000 0.3974
vn -0.3843 0.9232 -0.0000
vn -0.3428 0.9394 -0.0000
vn -0.8322 0.5545 0.0001
vn -0.6611 0.7503 -0.0000
vn -0.9240 0.3823 0.0001
vn -0.9195 0.3932 -0.0000
vn -0.9247 0.3806 -0.0000
vn -0.6864 0.7272 -0.0000
vn -0.6865 0.7271 -0.0000
vn -0.6999 0.7143 -0.0000
vn -0.3631 0.9318 -0.0000
vn -0.3851 0.9229 -0.0000
vn -0.6354 0.7722 -0.0000
vn -0.3588 0.9334 -0.0000
vn -0.3586 0.9335 -0.0000
vn -0.9240 0.3823 -0.0001
vn -0.9238 0.3830 -0.0001
vn -0.9242 0.3820 0.0001
vn -0.6607 0.7507 -0.0000
vn -0.9238 0.3829 -0.0001
vn -0.9246 0.3810 0.0001
vn -0.6604 0.7509 -0.0000
vn -0.8339 0.5519 -0.0000
vn -0.8322 0.5545 -0.0001
vn -0.6353 0.7723 -0.0000
vn -0.8322 0.5545 0.0002
vn 0.6847 -0.7288 -0.0006
vn 0.9153 -0.4028 -0.0003
vn 0.8308 -0.5565 -0.0022
vn -0.8528 -0.3590 -0.3792
vn -0.9248 -0.0000 -0.3804
vn 0.9153 0.4028 -0.0003
vn 0.8528 0.3590 -0.3792
vn 0.9248 -0.0000 -0.3804
vn 0.8528 -0.3590 -0.3792
vn -0.0002 0.0002 -1.0000
vn 0.0001 -0.0003 -1.0000
vn 0.8312 -0.5559 0.0015
vn 0.9206 -0.3905 0.0007
vn 0.6619 -0.7496 -0.0000
vn -0.0001 0.0003 1.0000
vn 0.0002 -0.0004 1.0000
vn 0.6302 -0.7764 -0.0000
vn 0.3667 -0.9303 -0.0000
vn 0.3664 -0.9305 -0.0000
vn 0.3880 -0.9214 0.0226
vn 0.9206 -0.3906 -0.0007
vn 0.9203 -0.3912 -0.0007
vn 0.6615 -0.7500 -0.0000
vn 0.9207 -0.3902 0.0007
vn 0.9211 -0.3893 0.0007
vn 0.6612 -0.7502 -0.0000
vn 0.8313 -0.5558 -0.0016
vn 0.8311 -0.5561 0.0015
vn 0.6303 -0.7764 -0.0000
vn 0.8313 -0.5559 -0.0016
vn 0.8313 -0.5558 0.0016
vn 0.6714 -0.7397 0.0459
vn 0.4340 -0.8997 0.0476
vn 0.6213 -0.7833 0.0205
vn 0.5552 -0.8317 0.0040
vn 0.7237 -0.6902 0.0035
vn -0.8798 -0.4753 0.0032
vn -0.8798 -0.4753 0.0048
vn -0.6911 -0.7228 0.0037
vn -0.0002 -0.0000 -1.0000
vn -0.1288 -0.2324 -0.9640
vn -0.1288 -0.2323 -0.9641
vn -0.1147 -0.2084 -0.9713
vn -0.1147 -0.2084 0.9713
vn -0.1147 -0.2082 -0.9713
vn -0.1147 -0.2083 -0.9713
vn 0.8798 0.4753 0.0033
vn 0.8798 0.4753 0.0051
vn -0.6370 -0.7709 -0.0000
vn -0.4101 -0.5787 0.7049
vn -0.4118 -0.5810 -0.7021
vn -0.6368 -0.7710 0.0011
vn -0.6368 -0.7710 0.0002
vn -0.4110 -0.5808 0.7027
vn -0.4110 -0.5808 -0.7027
vn -0.4093 -0.5767 0.7070
vn -0.1114 -0.2024 0.9729
vn -0.4110 -0.5807 -0.7028
vn -0.4109 -0.5807 -0.7028
vn -0.4076 -0.5728 0.7112
vn -0.4077 -0.5728 0.7111
vn -0.1082 -0.1967 0.9745
vn -0.1082 -0.1966 0.9745
vn -0.1130 -0.2053 0.9722
vn 0.8584 -0.5020 0.1051
vn 0.8585 -0.5020 0.1052
vn 0.9861 0.0008 0.1664
vn 0.9861 0.0006 0.1664
vn 0.7157 -0.6984 -0.0000
vn 0.0001 -0.0000 -1.0000
vn -0.6541 -0.6698 -0.3514
vn 0.6986 -0.7155 0.0001
vn 0.8331 -0.5531 0.0014
vn 0.8339 -0.5519 0.0007
vn 0.6284 -0.6258 0.4620
vn 0.3414 -0.8180 0.4630
vn 0.3415 -0.8179 0.4630
vn 0.6284 -0.6259 0.4619
vn -0.0000 -0.8863 0.4631
vn -0.0000 -0.8862 0.4632
vn 0.8284 -0.3506 0.4369
vn 0.3847 -0.9231 -0.0000
vn 0.3428 -0.9394 -0.0000
vn 0.8322 -0.5545 0.0001
vn 0.6611 -0.7503 -0.0000
vn 0.9240 -0.3823 0.0001
vn 0.9195 -0.3932 -0.0000
vn 0.9244 -0.3815 -0.0000
vn 0.6864 -0.7272 -0.0000
vn 0.6865 -0.7271 -0.0000
vn 0.6999 -0.7143 -0.0000
vn 0.3631 -0.9318 -0.0000
vn 0.3843 -0.9232 -0.0000
vn 0.6354 -0.7722 -0.0000
vn 0.3588 -0.9334 -0.0000
vn 0.3586 -0.9335 -0.0000
vn 0.9240 -0.3823 -0.0001
vn 0.9238 -0.3830 -0.0001
vn 0.9242 -0.3820 0.0001
vn 0.6607 -0.7507 -0.0000
vn 0.9238 -0.3829 -0.0001
vn 0.9246 -0.3810 0.0001
vn 0.6604 -0.7509 -0.0000
vn 0.8339 -0.5519 -0.0000
vn 0.8322 -0.5545 -0.0001
vn 0.6355 -0.7721 -0.0000
vn 0.8322 -0.5545 0.0002
vn -0.8310 0.5562 -0.0024
vn -0.3499 0.8936 -0.2813
vn -0.3919 0.9200 -0.0000
vn -0.0000 0.9688 -0.2480
vn 0.6541 -0.6698 -0.3515
vn 0.0002 -0.0002 -1.0000
vn -0.0000 0.0005 -1.0000
vn -0.0001 0.0003 -1.0000
vn -0.8313 0.5558 0.0016
vn -0.9206 0.3905 0.0007
vn -0.6619 0.7496 -0.0000
vn -0.0000 -0.0004 1.0000
vn 0.0001 -0.0003 1.0000
vn -0.0002 0.0004 1.0000
vn -0.0000 -0.0002 -1.0000
vn -0.6302 0.7764 -0.0000
vn -0.3667 0.9303 -0.0000
vn -0.3664 0.9305 -0.0000
vn -0.0002 0.9999 0.0147
vn -0.3880 0.9214 0.0226
vn -0.9206 0.3906 -0.0007
vn -0.9203 0.3912 -0.0007
vn -0.6615 0.7500 -0.0000
vn -0.9207 0.3902 0.0007
vn -0.9211 0.3893 0.0007
vn -0.6612 0.7502 -0.0000
vn -0.8313 0.5558 -0.0016
vn -0.6303 0.7764 -0.0000
vn -0.6212 0.7834 0.0205
vn -0.6714 0.7397 0.0460
vn -0.8585 0.5020 0.1052
vn -0.8584 0.5020 0.1051
vn -0.4340 0.8997 0.0476
vn 0.6911 0.7228 0.0040
vn 0.1288 0.2324 -0.9640
vn 0.1288 0.2324 -0.9641
vn 0.1147 0.2084 -0.9713
vn 0.1147 0.2084 0.9713
vn 0.1147 0.2082 -0.9713
vn 0.1147 0.2083 -0.9713
vn 0.3600 -0.9330 0.0037
vn 0.6370 0.7709 -0.0000
vn 0.4101 0.5787 0.7049
vn 0.4118 0.5810 -0.7021
vn 0.6368 0.7710 0.0002
vn 0.4110 0.5808 0.7027
vn 0.4110 0.5808 -0.7027
vn 0.4093 0.5767 0.7070
vn 0.1114 0.2024 0.9729
vn 0.4110 0.5807 -0.7028
vn 0.4109 0.5807 -0.7028
vn 0.4076 0.5728 0.7112
vn 0.4077 0.5728 0.7112
vn 0.1082 0.1967 0.9745
vn 0.1082 0.1966 0.9745
vn 0.1130 0.2053 0.9721
vn 0.1130 0.2053 0.9722
vn -0.0001 0.9989 0.0470
vn -0.7157 0.6984 -0.0000
vn -0.6986 -0.7155 0.0001
vn -0.8339 -0.5519 0.0007
vn -0.8331 -0.5531 0.0014
vn -0.3412 -0.8180 0.4630
vn -0.3408 -0.8182 0.4630
vn -0.6281 -0.6262 0.4619
vn -0.6283 -0.6259 0.4620
vn -0.8284 -0.3506 0.4369
vn -0.3843 -0.9232 -0.0000
vn -0.3428 -0.9394 -0.0000
vn -0.8322 -0.5545 0.0001
vn -0.9240 -0.3823 0.0001
vn -0.6611 -0.7503 -0.0000
vn -0.9244 -0.3815 -0.0000
vn -0.9195 -0.3932 0.0001
vn -0.6864 -0.7272 -0.0000
vn -0.6865 -0.7271 -0.0000
vn -0.3631 -0.9318 -0.0000
vn -0.6999 -0.7143 -0.0000
vn -0.6354 -0.7722 -0.0000
vn -0.3588 -0.9334 -0.0000
vn -0.3586 -0.9335 -0.0000
vn -0.9240 -0.3823 -0.0001
vn -0.9238 -0.3830 -0.0001
vn -0.6607 -0.7507 -0.0000
vn -0.9242 -0.3820 0.0001
vn -0.9238 -0.3829 -0.0001
vn -0.9246 -0.3810 0.0001
vn -0.6604 -0.7509 -0.0000
vn -0.8339 -0.5519 -0.0000
vn -0.8322 -0.5545 -0.0001
vn -0.6355 -0.7721 -0.0000
vn -0.8322 -0.5545 0.0002
vn 0.8310 0.5562 -0.0024
vn -0.0002 -0.0002 -1.0000
vn 0.0001 0.0003 -1.0000
vn 0.8313 0.5558 0.0016
vn 0.6619 0.7496 -0.0000
vn 0.9206 0.3905 0.0007
vn 0.0002 0.0004 1.0000
vn -0.0001 -0.0003 1.0000
vn 0.6302 0.7764 -0.0000
vn 0.3667 0.9303 -0.0000
vn 0.3777 0.9259 -0.0000
vn 0.4020 0.9154 0.0222
vn 0.9206 0.3906 -0.0007
vn 0.9203 0.3912 -0.0007
vn 0.9207 0.3902 0.0007
vn 0.6615 0.7500 -0.0000
vn 0.9211 0.3893 0.0007
vn 0.6612 0.7502 -0.0000
vn 0.8313 0.5558 -0.0016
vn 0.6303 0.7764 -0.0000
vn 0.8314 0.5557 -0.0016
vn 0.6904 0.7234 0.0007
vn 0.6211 0.7834 0.0208
vn 0.6913 0.7225 -0.0007
vn 0.6706 0.7404 0.0459
vn 0.4327 0.9003 0.0475
vn -0.5553 0.8316 0.0043
vn -0.7236 0.6902 0.0038
vn -0.3600 0.9330 0.0041
vn -0.1288 0.2324 -0.9641
vn -0.1288 0.2324 -0.9640
vn -0.1147 0.2084 -0.9713
vn -0.1147 0.2084 0.9713
vn -0.1147 0.2083 -0.9713
vn -0.1147 0.2082 -0.9713
vn -0.4101 0.5787 0.7049
vn -0.6370 0.7709 -0.0000
vn -0.4118 0.5810 -0.7021
vn -0.6368 0.7710 0.0007
vn -0.6368 0.7710 0.0010
vn -0.4110 0.5808 0.7027
vn -0.4110 0.5808 -0.7027
vn -0.4093 0.5767 0.7070
vn -0.1114 0.2024 0.9729
vn -0.4110 0.5807 -0.7028
vn -0.4109 0.5807 -0.7028
vn -0.4077 0.5728 0.7112
vn -0.4076 0.5728 0.7112
vn -0.1082 0.1967 0.9745
vn -0.1083 0.1966 0.9745
vn -0.1130 0.2053 0.9721
vn -0.1130 0.2053 0.9722
vn 0.8574 0.5039 0.1044
vn 0.7157 0.6984 -0.0000
vn 0.7078 0.7064 -0.0000
vn 0.3851 0.9229 -0.0000
vn -0.3833 -0.9181 -0.1005
vn -0.3852 -0.9228 -0.0000
vn -0.7078 -0.7064 -0.0000
vn -0.7042 -0.7028 -0.1003
vn -0.0001 -0.9949 -0.1006
vn -0.9950 -0.0000 -0.1000
vn -0.9194 0.3803 -0.1001
vn -0.9199 -0.3792 -0.1001
vn 0.3833 -0.9182 -0.1004
vn 0.9199 -0.3792 -0.1001
vn 0.7036 -0.7035 -0.1003
vn 0.9950 -0.0000 -0.1000
vn 0.9199 0.3792 -0.1001
vn -0.7036 0.7035 -0.1003
vn -0.3833 0.9182 -0.1004
vn -0.0000 0.9949 -0.1006
vn 0.3814 0.9189 -0.1005
vn 0.7043 0.7028 -0.1003
vn 0.3852 0.9228 -0.0000
vn -0.3854 -0.9227 -0.0000
vn -0.3855 -0.9227 -0.0000
vn 0.0036 0.0088 1.0000
vn 0.0038 0.0088 1.0000
vn 0.0068 0.0072 1.0000
vn 0.0076 0.0065 0.9999
vn -0.0000 0.0094 1.0000
vn -0.3853 -0.9228 -0.0000
vn -0.0810 -0.0808 -0.9934
vn -0.0440 -0.1056 -0.9934
vn -0.0000 -0.1143 -0.9934
vn -0.7079 -0.7064 -0.0000
vn 0.0219 0.0221 0.9995
vn 0.0101 0.0285 0.9995
vn 0.0155 0.0255 0.9996
vn -0.0000 0.0292 0.9996
vn -0.4979 -0.8672 -0.0000
vn 0.0024 -1.0000 -0.0000
vn -0.8648 -0.5020 -0.0000
vn -0.8648 -0.5021 -0.0000
vn 0.0274 0.0133 0.9995
vn 0.0273 0.0134 0.9995
vn -1.0000 -0.0024 -0.0000
vn 0.0311 -0.0002 0.9995
vn 0.0312 0.0001 0.9995
vn 0.0667 0.0382 0.9970
vn 0.0664 0.0384 0.9971
vn 0.0386 0.0671 0.9970
vn 0.0387 0.0672 0.9970
vn 0.0761 0.0002 0.9971
vn 0.0760 -0.0000 0.9971
vn 0.9350 -0.0000 0.3545
vn 0.9953 -0.0000 0.0963
vn 0.8795 0.4730 0.0528
vn 0.6734 0.6690 0.3147
vn 0.4757 0.8791 0.0309
vn -0.0000 0.9397 0.3420
vn -0.0004 0.9988 0.0496
vn 0.6691 -0.6648 0.3323
vn 0.8773 -0.4719 0.0871
vn -0.0000 -0.9313 0.3643
vn -0.0000 -0.9926 0.1215
vn 0.4737 -0.8756 0.0945
vn 0.0654 -0.0376 0.9972
vn 0.0653 -0.0376 0.9972
vn 0.0375 -0.0650 0.9972
vn 0.0376 -0.0648 0.9972
vn -0.8672 0.4979 -0.0000
vn -0.5020 0.8648 -0.0000
vn -0.5021 0.8648 -0.0000
vn -0.0002 -0.0749 0.9972
vn -0.0008 -0.0749 0.9972
vn -0.0024 1.0000 -0.0000
vn -0.0000 -0.0319 0.9995
vn -0.0001 -0.0320 0.9995
vn 0.0141 -0.0287 0.9995
vn 0.0141 -0.0286 0.9995
vn 0.0235 -0.0234 0.9995
vn 0.0267 -0.0169 0.9995
vn -0.3858 0.9226 -0.0000
vn -0.3857 0.9226 -0.0000
vn -0.7078 0.7064 -0.0000
vn -0.3850 0.9229 -0.0000
vn -0.7079 0.7064 -0.0000
vn -0.0436 0.1048 -0.9935
vn -0.0437 0.1047 -0.9935
vn -0.0805 0.0802 -0.9935
vn -0.0804 0.0803 -0.9935
vn -0.0000 0.1133 -0.9936
vn -0.3849 0.9229 -0.0000
vn 0.0097 -0.0094 0.9999
vn 0.0094 -0.0099 0.9999
vn 0.0053 -0.0133 0.9999
vn 0.0056 -0.0132 0.9999
vn -0.0000 -0.0146 0.9999
vn 0.7078 -0.7064 -0.0000
vn 0.3852 -0.9228 -0.0000
vn 0.9244 -0.3814 -0.0000
vn -0.9247 0.3808 -0.0000
vn 0.0114 0.0003 0.9999
vn 0.0116 -0.0049 0.9999
vn 0.0116 -0.0045 0.9999
vn -0.9246 0.3809 -0.0000
vn -0.9246 0.3810 -0.0000
vn -0.1053 0.0435 -0.9935
vn -0.1054 0.0434 -0.9935
vn -0.1142 -0.0001 -0.9935
vn -0.1142 0.0001 -0.9935
vn -0.9244 0.3815 -0.0000
vn -0.9244 0.3814 -0.0000
vn 0.0305 -0.0120 0.9995
vn -0.9246 -0.3809 -0.0000
vn -0.9245 -0.3812 -0.0000
vn -0.1057 -0.0436 -0.9934
vn -0.9247 -0.3807 -0.0000
vn -0.9247 -0.3806 -0.0000
vn 0.0097 0.0042 0.9999
vn -0.9247 -0.3808 -0.0000
vn 0.9247 0.3807 -0.0000
vn -0.0059 -0.0130 0.9999
vn -0.0056 -0.0132 0.9999
vn 0.3849 0.9229 -0.0000
vn 0.3850 0.9229 -0.0000
vn -0.0094 -0.0099 0.9999
vn -0.0097 -0.0094 0.9999
vn 0.0804 0.0803 -0.9935
vn 0.0805 0.0802 -0.9935
vn 0.0437 0.1047 -0.9935
vn 0.0436 0.1048 -0.9935
vn 0.7079 0.7064 -0.0000
vn 0.3858 0.9226 -0.0000
vn -0.0234 -0.0233 0.9995
vn -0.0118 -0.0309 0.9995
vn -0.0171 -0.0266 0.9995
vn 0.4979 0.8672 -0.0000
vn 0.8648 0.5020 -0.0000
vn 0.8648 0.5021 -0.0000
vn -0.0284 -0.0137 0.9995
vn -0.0284 -0.0138 0.9995
vn 1.0000 0.0024 -0.0000
vn -0.0312 -0.0001 0.9995
vn -0.0311 0.0002 0.9995
vn -0.0766 -0.0003 0.9971
vn -0.0766 0.0004 0.9971
vn -0.0658 -0.0377 0.9971
vn -0.0659 -0.0376 0.9971
vn -0.0380 -0.0649 0.9972
vn -0.0379 -0.0650 0.9972
vn -0.9351 -0.0000 0.3543
vn -0.9954 0.0001 0.0957
vn -0.8774 -0.4719 0.0864
vn -0.6691 -0.6648 0.3321
vn -0.4738 -0.8756 0.0941
vn -0.6734 0.6690 0.3146
vn -0.8795 0.4730 0.0522
vn -0.4756 0.8791 0.0305
vn -0.0668 0.0390 0.9970
vn -0.0671 0.0383 0.9970
vn -0.0387 0.0675 0.9970
vn -0.0384 0.0676 0.9970
vn 0.5020 -0.8648 -0.0000
vn 0.5021 -0.8648 -0.0000
vn 0.8672 -0.4979 -0.0000
vn -0.0273 0.0133 0.9995
vn -0.0273 0.0132 0.9995
vn -0.0156 0.0253 0.9996
vn -0.0219 0.0220 0.9995
vn -0.0113 0.0282 0.9995
vn 0.3855 -0.9227 -0.0000
vn 0.9246 -0.3809 -0.0000
vn 0.3853 -0.9228 -0.0000
vn 0.7079 -0.7064 -0.0000
vn 0.0440 -0.1056 -0.9934
vn 0.0810 -0.0808 -0.9934
vn 0.1057 -0.0436 -0.9934
vn 0.9247 -0.3806 -0.0000
vn -0.0069 0.0071 1.0000
vn -0.0072 0.0069 1.0000
vn -0.0038 0.0088 1.0000
vn -0.0036 0.0088 1.0000
vn -0.0097 0.0042 0.9999
vn -0.0096 0.0043 0.9999
vn 0.3854 -0.9227 -0.0000
vn 0.9247 -0.3808 -0.0000
vn -0.3852 0.9229 -0.0000
vn -0.9247 0.3807 -0.0000
vn -0.9244 -0.3814 -0.0000
vn 0.9247 0.3808 -0.0000
vn -0.0116 -0.0045 0.9999
vn -0.0116 -0.0049 0.9999
vn -0.0114 0.0003 0.9999
vn 0.9246 0.3810 -0.0000
vn 0.1142 0.0001 -0.9935
vn 0.1142 -0.0001 -0.9935
vn 0.1054 0.0434 -0.9935
vn 0.1053 0.0435 -0.9935
vn 0.9245 0.3811 -0.0000
vn 0.9244 0.3815 -0.0000
vn 0.9244 0.3814 -0.0000
vn 0.0001 0.0778 0.9970
vn -0.0002 0.0777 0.9970
vn 0.0001 0.0008 1.0000
vn -0.0000 0.0014 1.0000
vn -0.0001 0.0008 1.0000
vn 0.3854 0.9227 -0.0000
vn 0.3854 0.9228 -0.0000
vn 0.0001 -0.0008 -1.0000
vn -0.0000 -0.0014 -1.0000
vn -0.0001 -0.0007 -1.0000
vn -0.3854 0.9228 -0.0000
vn -0.3854 0.9227 -0.0000
vn -0.5564 -0.8309 -0.0000
vn -0.0000 0.0099 1.0000
vn 0.0010 0.0100 0.9999
vn -0.0010 -0.0101 -0.9999
vn -0.0000 -0.0101 -0.9999
vn 0.0010 -0.0101 -0.9999
vn 0.5564 -0.8309 -0.0000
vn -0.0010 0.0100 0.9999
vn -0.9246 -0.3808 -0.0000
vn -0.9246 -0.3810 -0.0000
vn -0.9245 0.3811 -0.0000
vn 0.9246 -0.3808 -0.0000
vn -1.0000 -0.0028 0.0030
vn -1.0000 0.0002 -0.0000
vn -1.0000 -0.0029 0.0030
vn -0.0000 -0.7071 0.7071
vn -1.0000 -0.0028 0.0031
vn -0.9982 -0.0430 0.0427
vn -0.0000 -0.7071 -0.7071
vn 0.7071 -0.7071 -0.0000
vn 0.9972 -0.0748 -0.0000
vn 1.0000 0.0002 -0.0000
vn 1.0000 0.0001 -0.0000
vn -0.9972 -0.0748 -0.0000
vn -0.7071 -0.7071 -0.0000
vn -0.0000 0.5878 0.8090
vn -0.0000 -0.5878 0.8090
vn -0.0000 -0.9511 0.3090
vn -0.0000 -0.9511 -0.3090
vn -0.0000 -0.5878 -0.8090
vn -0.0000 0.5878 -0.8090
vn -0.0000 0.9511 -0.3090
vn -0.0000 0.9511 0.3090
vn 1.0000 0.0014 0.0048
vn 1.0000 0.0005 0.0046
vn 1.0000 -0.0003 0.0062
vn 1.0000 0.0015 0.0049
vn -0.0000 -0.5000 -0.8660
vn 1.0000 -0.0075 0.0049
vn -0.0000 0.5000 -0.8660
vn -1.0000 -0.0003 0.0062
vn -1.0000 0.0005 0.0046
vn -1.0000 0.0014 0.0048
vn -1.0000 0.0015 0.0049
vn -1.0000 -0.0075 0.0049
vn -0.7596 0.6504 0.0003
vn -0.7595 0.6506 0.0002
vn -0.7595 0.6505 0.0002
vn -0.7071 -0.0000 0.7071
vn -1.0000 0.0045 0.0003
vn -1.0000 -0.0037 0.0011
vn -0.9999 -0.0110 0.0043
vn -0.7489 -0.6627 0.0026
vn -0.7577 -0.6526 0.0004
vn -0.7173 -0.6968 0.0035
vn -0.7173 -0.6967 0.0035
vn -1.0000 -0.0069 0.0002
vn -0.9999 -0.0104 -0.0000
vn -1.0000 -0.0068 -0.0001
vn -0.9999 -0.0145 0.0001
vn -0.0000 0.8660 0.5000
vn -0.0000 0.8660 -0.5000
vn 1.0000 -0.0037 0.0011
vn 1.0000 -0.0068 -0.0001
vn 0.9999 -0.0145 0.0001
vn 0.9999 -0.0104 0.0043
vn 0.7577 -0.6526 0.0004
vn 0.7489 -0.6627 0.0026
vn 0.7489 -0.6626 0.0026
vn 0.7173 -0.6968 0.0035
vn 0.7173 -0.6967 0.0035
vn 0.9999 -0.0104 -0.0000
vn 1.0000 -0.0069 0.0002
vn 1.0000 0.0045 0.0003
vn 0.5889 0.0004 0.8082
vn 0.5892 0.0005 -0.8080
vn 0.5893 0.0005 -0.8080
vn 0.7595 0.6505 0.0002
vn 0.7595 0.6505 0.0003
vn 0.7071 0.7071 -0.0000
vn -0.5893 0.0005 -0.8079
vn -0.5892 0.0005 -0.8080
vn -0.7071 0.7071 -0.0000
vn -0.5889 0.0004 0.8082
vn 0.7071 -0.0000 0.7071
vn -0.7071 0.3614 -0.6077
vn -0.7071 0.3614 -0.6078
vn -0.0000 0.5112 -0.8595
vn -0.7071 0.7022 -0.0827
vn -0.0000 0.9931 -0.1170
vn 0.7071 0.3614 -0.6077
vn 0.7071 0.3614 -0.6078
vn 0.7071 0.7022 -0.0827
vn 0.7071 0.1925 -0.6804
vn 0.7215 0.4220 -0.5489
vn -0.0000 0.2722 -0.9622
vn 0.7123 0.6045 -0.3567
vn -0.0000 0.7348 -0.6783
vn -0.0000 0.8612 -0.5083
vn -0.7215 0.4220 -0.5489
vn -0.7123 0.6045 -0.3567
vn -0.7123 0.6044 -0.3568
vn -0.7071 0.1925 -0.6804
vn -0.6847 0.7288 -0.0037
vn -0.6846 0.7289 -0.0035
vn -0.0000 0.9534 -0.3017
vn -0.9999 0.0140 -0.0080
vn -0.9999 0.0142 -0.0076
vn -0.9998 0.0223 0.0002
vn -1.0000 0.0095 -0.0021
vn -0.9999 0.0118 -0.0028
vn -1.0000 0.0093 -0.0022
vn -0.0000 -0.8660 0.5000
vn -0.0000 -0.5000 0.8660
vn 0.9999 0.0142 -0.0076
vn 1.0000 0.0093 -0.0022
vn 0.9999 0.0118 -0.0028
vn 0.9999 0.0140 -0.0080
vn 0.9998 0.0223 0.0002
vn 1.0000 0.0095 -0.0021
vn 0.6846 0.7289 -0.0035
vn 0.6847 0.7288 -0.0037
vn 0.6887 0.6566 0.3075
vn 0.6888 0.6566 0.3075
vn 0.9999 0.0106 0.0066
vn 1.0000 0.0092 0.0020
vn -0.0000 -0.8660 -0.5000
vn -1.0000 0.0092 0.0020
vn -0.9999 0.0106 0.0066
vn -0.0000 0.5000 0.8660
vn 0.9999 -0.0137 -0.0000
vn -0.9999 -0.0137 -0.0000
vn -1.0000 -0.0070 -0.0002
vn -1.0000 -0.0069 0.0001
vn 1.0000 -0.0070 -0.0002
vn 1.0000 -0.0069 0.0001
vn 0.9999 -0.0137 0.0001
vn 0.7035 -0.7107 -0.0000
vn 1.0000 -0.0099 -0.0000
vn 1.0000 -0.0070 0.0001
vn -0.9999 -0.0137 0.0001
vn -1.0000 -0.0070 0.0001
vn -0.7035 -0.7107 -0.0000
vn -0.7044 -0.7098 -0.0001
vn -0.7047 -0.7095 -0.0002
vn -1.0000 -0.0070 -0.0001
vn -1.0000 -0.0071 0.0002
vn -0.9999 -0.0106 -0.0004
vn -0.9999 -0.0137 -0.0001
vn 0.9999 -0.0137 -0.0001
vn 1.0000 -0.0071 0.0002
vn 0.9999 -0.0106 -0.0004
vn -1.0000 -0.0076 -0.0013
vn -1.0000 -0.0013 -0.0018
vn -1.0000 -0.0028 -0.0014
vn -0.7368 -0.4841 -0.4719
vn -0.7369 -0.4841 -0.4719
vn -0.7368 -0.4842 -0.4719
vn -0.7053 -0.7089 -0.0003
vn -0.7054 -0.7088 -0.0003
vn -1.0000 -0.0007 -0.0008
vn -1.0000 -0.0005 -0.0006
vn -1.0000 -0.0012 -0.0012
vn -1.0000 -0.0019 -0.0016
vn -1.0000 -0.0001 -0.0017
vn -1.0000 -0.0008 -0.0017
vn -0.0000 0.7766 -0.6300
vn -0.0000 0.9967 -0.0810
vn -0.0000 0.7485 0.6631
vn -0.0003 0.7485 0.6631
vn 1.0000 -0.0001 -0.0017
vn 1.0000 -0.0013 -0.0018
vn 1.0000 -0.0019 -0.0016
vn 1.0000 -0.0008 -0.0017
vn 1.0000 -0.0019 -0.0013
vn 1.0000 -0.0012 -0.0012
vn 0.7368 -0.4841 -0.4719
vn 0.7369 -0.4841 -0.4719
vn 0.7048 -0.7094 -0.0002
vn 0.7046 -0.7096 -0.0002
vn 0.7053 -0.7089 -0.0003
vn 0.7054 -0.7088 -0.0003
vn 1.0000 -0.0075 -0.0013
vn 1.0000 -0.0005 -0.0006
vn 1.0000 -0.0009 -0.0011
vn 0.6645 0.0002 -0.7473
vn 0.6646 0.0002 -0.7472
vn -0.0000 -0.0520 0.9986
vn -0.0000 -0.6478 0.7618
vn -0.0000 0.6813 0.7320
vn 0.0001 0.6813 0.7320
vn -0.6646 0.0002 -0.7472
vn -0.6645 0.0002 -0.7473
vn -1.0000 0.0003 -0.0001
vn 0.0001 -0.9981 0.0616
vn -0.0000 -0.9981 0.0616
vn -0.0000 -0.9995 -0.0321
vn -0.0001 -0.9995 -0.0321
vn 1.0000 0.0003 -0.0001
vn -0.0000 -0.8181 -0.5751
vn -0.0000 -0.8181 -0.5750
vn 0.6785 0.0009 0.7346
vn 0.6784 0.0009 0.7347
vn 0.7085 0.0777 0.7014
vn 0.7086 0.0779 0.7013
vn 1.0000 0.0015 -0.0006
vn 1.0000 0.0015 0.0006
vn 1.0000 0.0007 0.0009
vn -0.0000 -0.4125 -0.9110
vn -0.0000 -0.0100 -1.0000
vn -1.0000 0.0016 0.0006
vn -1.0000 0.0015 -0.0006
vn -1.0000 0.0007 0.0009
vn -0.0005 0.0559 -0.9984
vn -0.0000 0.0559 -0.9984
vn -1.0000 0.0025 -0.0021
vn -1.0000 0.0056 -0.0016
vn -1.0000 0.0040 -0.0005
vn -0.7086 0.0779 0.7013
vn -0.7635 0.2952 0.5744
vn -0.7635 0.2951 0.5744
vn -0.7085 0.0777 0.7014
vn -0.6784 0.0009 0.7347
vn -0.6785 0.0009 0.7346
vn -0.0001 0.1052 0.9945
vn -0.0000 0.1052 0.9945
vn -0.0000 0.4608 0.8875
vn 0.7635 0.2952 0.5744
vn 0.7071 0.7071 0.0087
vn -0.0000 0.9999 0.0122
vn 0.7071 0.1833 0.6829
vn 0.6601 0.4532 0.5991
vn -0.0000 0.5691 0.8223
vn -0.0000 0.2592 0.9658
vn -0.7071 0.1833 0.6829
vn -0.6601 0.4532 0.5991
vn -0.7071 0.7071 0.0087
vn -0.6890 0.6086 0.3936
vn -0.0000 0.7017 0.7125
vn -0.6941 0.7198 -0.0101
vn -0.0000 1.0000 -0.0006
vn -0.0000 0.9713 0.2379
vn 0.6941 0.7198 -0.0101
vn 0.6940 0.7199 -0.0100
vn 0.6890 0.6086 0.3936
vn 0.6963 0.6375 -0.3298
vn 0.6963 0.6374 -0.3298
vn -0.0000 0.9700 -0.2431
vn 0.7314 0.5359 -0.4216
vn 0.7314 0.5358 -0.4219
vn -0.0000 0.6968 -0.7173
vn -0.6964 0.6374 -0.3297
vn -0.6963 0.6375 -0.3298
vn -0.7314 0.5358 -0.4219
vn -0.7315 0.5359 -0.4216
vn -0.7657 0.6432 -0.0000
vn -0.7189 0.4868 0.4962
vn -0.7041 0.6317 0.3244
vn -0.7041 0.6317 0.3243
vn -0.9999 0.0106 0.0064
vn -0.9999 0.0105 0.0068
vn -0.9999 0.0110 -0.0000
vn -0.9999 0.0111 -0.0001
vn -0.9999 0.0107 -0.0072
vn 0.9999 0.0110 -0.0000
vn 0.9999 0.0105 0.0068
vn 0.9999 0.0106 0.0064
vn 0.9999 0.0111 -0.0001
vn 0.9999 0.0107 -0.0072
vn 0.7041 0.6317 0.3243
vn 0.7041 0.6317 0.3244
vn 0.7189 0.4868 0.4962
vn 0.7657 0.6432 -0.0000
vn 0.6834 0.7301 -0.0009
vn 0.6834 0.7301 -0.0008
vn 0.9997 0.0228 0.0001
vn 1.0000 0.0092 0.0019
vn 0.7012 0.6252 -0.3427
vn 0.9999 0.0111 -0.0073
vn 0.9999 0.0111 -0.0080
vn 1.0000 0.0094 -0.0021
vn -1.0000 0.0094 -0.0021
vn -1.0000 0.0092 0.0019
vn -0.9999 0.0111 -0.0080
vn -0.9999 0.0111 -0.0073
vn -0.9997 0.0228 0.0001
vn -0.6834 0.7301 -0.0006
vn -0.6834 0.7301 -0.0008
vn -0.7012 0.6252 -0.3427
vn -0.7014 0.4957 -0.5122
vn -0.9999 0.0110 0.0001
vn -0.7660 0.6428 -0.0000
vn -0.6979 0.5098 0.5030
vn -0.6982 0.6340 0.3325
vn -0.9999 0.0109 0.0080
vn -0.9999 0.0109 0.0076
vn -0.6895 0.7243 -0.0011
vn -0.6895 0.7243 -0.0010
vn -1.0000 0.0095 0.0019
vn -0.9997 0.0231 -0.0002
vn 0.9999 0.0111 -0.0000
vn 0.9999 0.0109 0.0075
vn 0.9999 0.0109 0.0081
vn 0.9999 0.0110 0.0001
vn 0.9997 0.0231 -0.0002
vn 1.0000 0.0095 0.0020
vn 0.6982 0.6340 0.3325
vn 0.6895 0.7243 -0.0011
vn 0.6895 0.7243 -0.0012
vn 0.6979 0.5098 0.5030
vn 0.7660 0.6428 -0.0000
vn 0.7014 0.4957 -0.5122
vn -0.0000 0.6958 0.7182
vn -0.0000 0.6783 -0.7348
vn -0.0000 0.9668 -0.2556
vn -0.0000 1.0000 -0.0057
vn 0.7127 0.6182 -0.3315
vn 0.7128 0.6179 -0.3318
vn 0.9999 0.0107 -0.0077
vn -1.0000 0.0094 -0.0020
vn -0.9999 0.0107 -0.0077
vn -0.9999 0.0114 -0.0005
vn -0.9999 0.0114 -0.0001
vn -0.7128 0.6179 -0.3318
vn -0.8116 0.5841 0.0020
vn -0.7523 0.5270 -0.3954
vn -0.7127 0.6181 -0.3317
vn -0.0000 0.6956 -0.7184
vn -0.0000 0.8578 -0.5141
vn -0.0000 0.9615 -0.2747
vn 0.7523 0.5270 -0.3954
vn 0.8116 0.5842 0.0019
vn 0.7329 0.5601 0.3862
vn -0.0000 0.8845 0.4666
vn -0.0000 0.7380 0.6748
vn -0.0000 0.8844 0.4667
vn -0.6887 0.6566 0.3075
vn -0.6887 0.6566 0.3074
vn -0.7329 0.5601 0.3862
vn -0.0000 0.9731 0.2302
vn 0.9999 0.0114 -0.0001
vn 0.9999 0.0114 -0.0005
vn -0.0000 0.9664 0.2570
vn -0.0000 0.9726 0.2326
vn -0.0000 0.6787 0.7344
vn 0.9997 0.0243 -0.0009
vn 1.0000 0.0094 -0.0020
vn 1.0000 0.0096 0.0018
vn -0.9997 0.0243 -0.0009
vn -1.0000 0.0096 0.0018
vn -0.9999 0.0112 0.0068
vn -0.9999 0.0111 0.0063
vn -1.0000 0.0086 0.0002
vn -1.0000 0.0085 -0.0000
vn 0.9999 0.0111 0.0065
vn 1.0000 0.0086 0.0002
vn 1.0000 0.0085 -0.0000
vn 1.0000 0.0056 -0.0016
vn 1.0000 0.0039 -0.0004
vn 1.0000 0.0025 -0.0021
vn -0.0000 -0.7161 -0.6980
vn 1.0000 0.0065 -0.0017
vn 1.0000 0.0087 -0.0021
vn -1.0000 0.0065 -0.0017
vn -1.0000 0.0087 -0.0021
vn 0.8963 -0.4435 -0.0000
vn 0.9022 -0.4313 -0.0000
vn 0.6652 -0.7466 -0.0000
vn 0.6653 -0.7466 -0.0000
vn -0.9022 -0.4313 -0.0000
vn -0.8963 -0.4435 -0.0000
vn -0.6652 -0.7466 -0.0001
vn -0.6653 -0.7466 -0.0000
vn -0.5252 0.8510 -0.0000
vn -0.3304 0.9438 -0.0000
vn -0.0641 0.9979 -0.0000
vn 0.3304 0.9438 -0.0000
vn 0.5252 0.8510 -0.0000
vn 0.0641 0.9979 -0.0000
vn -0.0256 0.9997 -0.0000
vn -0.9452 -0.3266 -0.0000
vn -0.9396 -0.3422 0.0013
vn -0.9419 -0.3357 0.0093
vn -0.9393 -0.3432 0.0021
vn -0.9401 -0.3407 0.0135
vn -0.9395 -0.3426 -0.0027
vn -0.9394 -0.3429 -0.0024
vn -0.9393 -0.3432 -0.0000
vn -0.9388 -0.3443 0.0021
vn -0.9389 -0.3439 0.0105
vn -0.9386 -0.3449 0.0056
vn 0.2714 -0.6530 0.7071
vn 0.1469 -0.3535 0.9238
vn 0.2714 -0.6531 0.7070
vn 0.0326 -0.0785 0.9964
vn 0.9403 0.3404 -0.0000
vn 0.3546 -0.8532 0.3826
vn 0.3545 -0.8531 0.3828
vn 0.3826 -0.9207 0.0767
vn 0.3838 -0.9234 -0.0000
vn -0.9411 -0.3373 -0.0236
vn 0.0256 0.9997 -0.0000
vn 0.9452 -0.3266 -0.0000
vn 0.9419 -0.3357 0.0093
vn 0.9396 -0.3422 0.0013
vn 0.9393 -0.3432 0.0021
vn 0.9401 -0.3407 0.0135
vn 0.9394 -0.3429 -0.0024
vn 0.9395 -0.3426 -0.0027
vn 0.9393 -0.3431 -0.0002
vn 0.9388 -0.3443 0.0021
vn 0.9390 -0.3438 0.0108
vn 0.9386 -0.3449 0.0056
vn -0.1469 -0.3535 0.9238
vn -0.2714 -0.6530 0.7071
vn -0.2714 -0.6531 0.7070
vn -0.0326 -0.0785 0.9964
vn -0.9403 0.3404 -0.0000
vn -0.3545 -0.8531 0.3827
vn -0.3546 -0.8532 0.3826
vn -0.3826 -0.9207 0.0767
vn -0.3838 -0.9234 -0.0000
vn 0.9411 -0.3373 -0.0236
vn -0.8455 -0.5339 -0.0000
vn 0.8455 -0.5339 -0.0000
vn 0.9373 -0.3486 -0.0000
vn -0.9373 -0.3486 -0.0000
vn -0.9984 -0.0568 -0.0000
vn 0.9984 -0.0568 -0.0000
vn -0.3367 0.0980 0.9365
vn 0.1662 -0.0630 0.9841
vn -0.2400 0.0653 0.9686
vn -0.3545 -0.9350 -0.0000
vn 0.3606 -0.1319 0.9234
vn 0.3641 -0.1326 0.9219
vn 0.0069 -0.0025 1.0000
vn -0.3695 0.1380 0.9189
vn -0.3841 0.1410 0.9125
vn -0.3378 0.0618 0.9392
vn -0.5792 0.1176 0.8067
vn -0.1885 0.2114 0.9591
vn 0.9993 0.0380 -0.0000
vn 0.8464 -0.5325 -0.0000
vn 0.4458 -0.8951 -0.0000
vn 0.8337 0.5523 -0.0000
vn 0.8336 0.5523 -0.0000
vn -0.6754 0.2556 0.6918
vn -0.2972 0.5198 0.8009
vn 0.4933 0.8699 0.0003
vn 0.5552 0.8317 -0.0000
vn -0.8616 0.3307 0.3851
vn -0.0502 0.9375 0.3444
vn -0.6714 0.2523 0.6968
vn -0.8652 0.3236 0.3832
vn -0.9325 0.3612 0.0001
vn -0.9368 0.3499 -0.0000
vn 0.1267 0.9919 0.0001
vn -0.8609 0.3325 -0.3850
vn -0.8652 0.3236 -0.3832
vn -0.0246 0.9507 -0.3091
vn 0.2580 0.9661 -0.0000
vn 0.4817 0.8763 -0.0002
vn -0.0575 0.9983 -0.0001
vn -0.0561 0.9984 0.0001
vn -0.5000 0.8660 -0.0000
vn 0.5451 0.8384 -0.0000
vn 0.8266 0.5628 -0.0000
vn 0.8265 0.5629 -0.0000
vn 0.9997 0.0246 -0.0000
vn -0.6733 0.2580 -0.6929
vn -0.1216 0.6107 -0.7825
vn -0.3645 0.1371 -0.9211
vn -0.0103 0.1996 -0.9798
vn -0.1556 0.0192 -0.9876
vn -0.1710 0.0455 -0.9842
vn 0.8535 -0.5211 -0.0000
vn 0.8535 -0.5210 -0.0000
vn 0.4344 -0.9007 -0.0000
vn -0.3079 0.0427 -0.9505
vn -0.5383 0.0055 -0.8427
vn -0.3545 -0.9351 -0.0000
vn 0.0044 -0.0017 -1.0000
vn 0.3640 -0.1331 -0.9219
vn 0.3607 -0.1318 -0.9233
vn -0.3823 0.1388 -0.9136
vn 0.3545 0.9350 -0.0000
vn 0.9356 -0.3531 -0.0003
vn 0.9357 -0.3529 -0.0000
vn 0.9357 -0.3528 -0.0000
vn 0.9357 -0.3529 0.0001
vn 0.9357 -0.3529 -0.0001
vn -0.6714 0.2522 -0.6968
vn -0.5051 0.2332 -0.8310
vn -0.1748 0.7473 -0.6411
vn -0.2610 0.8136 -0.5195
vn 0.3179 0.9464 -0.0573
vn 0.2619 0.9609 -0.0894
vn 0.2619 0.9609 0.0894
vn 0.3179 0.9464 0.0573
vn 0.2254 0.9727 -0.0555
vn 0.2151 0.9766 -0.0000
vn 0.2254 0.9727 0.0555
vn -0.2610 0.8136 0.5195
vn -0.1748 0.7473 0.6411
vn -0.3831 0.8809 0.2778
vn -0.4348 0.9005 -0.0000
vn -0.3832 0.8809 -0.2778
vn -0.5052 0.2332 0.8309
vn 0.6639 -0.2429 -0.7073
vn 0.6630 -0.2380 -0.7098
vn 0.5488 -0.1134 -0.8282
vn -0.9367 0.3501 -0.0000
vn 0.7307 0.4498 -0.5136
vn 0.6248 0.4633 -0.6285
vn 0.4197 0.9051 -0.0680
vn 0.3806 0.9238 -0.0424
vn 0.4457 0.8942 -0.0413
vn 0.3806 0.9238 0.0425
vn 0.4197 0.9051 0.0679
vn 0.4457 0.8942 0.0413
vn 0.4534 0.8913 -0.0000
vn 0.6248 0.4632 0.6285
vn 0.7307 0.4498 0.5136
vn 0.8676 0.4141 0.2752
vn 0.9187 0.3949 -0.0000
vn 0.8676 0.4141 -0.2752
vn 0.9406 -0.3395 -0.0000
vn 0.8692 -0.3134 -0.3825
vn 0.9391 -0.3436 -0.0000
vn 0.8676 -0.3175 -0.3826
vn 0.8636 -0.2751 -0.4225
vn 0.8634 -0.2750 -0.4230
vn 0.9487 -0.3102 0.0618
vn 0.5533 -0.1526 -0.8189
vn 0.5531 -0.1526 -0.8190
vn 0.7756 -0.0000 -0.6312
vn 0.9942 -0.0000 0.1075
vn 0.3753 -0.0000 -0.9269
vn 0.0395 -0.0000 -0.9992
vn 0.0397 -0.0000 -0.9992
vn -0.2863 -0.0000 -0.9581
vn -0.4358 0.1947 -0.8787
vn 0.0682 0.0250 -0.9974
vn 0.0683 0.0249 -0.9974
vn -0.7939 0.3064 -0.5252
vn -0.7939 0.3064 -0.5253
vn -0.9354 0.3484 -0.0606
vn -0.9354 0.3484 -0.0609
vn -0.8290 -0.2650 -0.4925
vn -0.8061 -0.5917 -0.0000
vn -0.8061 -0.5918 0.0004
vn -0.8290 -0.2653 -0.4923
vn -0.7038 -0.0222 -0.7100
vn -0.0277 -0.9996 -0.0000
vn 0.0529 -0.9986 -0.0000
vn -0.2588 -0.9659 -0.0000
vn -0.5534 -0.8329 -0.0000
vn -0.5521 -0.8338 -0.0000
vn -0.8660 -0.5000 -0.0000
vn -0.0145 -0.9999 -0.0000
vn 0.0649 -0.9979 -0.0000
vn -0.8193 -0.2151 0.5316
vn -0.8193 -0.2153 0.5314
vn -0.6402 0.1375 0.7558
vn -0.8504 0.3233 0.4150
vn -0.8503 0.3233 0.4152
vn -0.5436 0.2291 0.8075
vn -0.7756 -0.0000 0.6312
vn -0.9942 -0.0000 -0.1075
vn -0.3753 -0.0000 0.9269
vn -0.0395 -0.0000 0.9992
vn 0.2863 -0.0000 0.9581
vn -0.0635 0.0707 0.9955
vn -0.0633 0.0706 0.9955
vn 0.4441 -0.1113 0.8891
vn 0.4442 -0.1113 0.8890
vn 0.8067 -0.2520 0.5344
vn 0.8064 -0.2519 0.5350
vn 0.8676 -0.3175 0.3826
vn 0.8694 -0.3135 0.3820
vn 0.6640 -0.2429 0.7072
vn 0.6630 -0.2380 0.7098
vn 0.5491 -0.1135 0.8280
vn 0.6718 -0.0000 0.7408
vn 0.6718 -0.0000 0.7407
vn -0.6718 -0.0000 -0.7407
vn -0.8660 0.5000 -0.0000
vn 0.9382 -0.3462 -0.0000
vn -0.1730 -0.4691 0.8660
vn -0.1731 -0.4691 0.8660
vn 0.1731 0.4691 0.8660
vn 0.1730 0.4691 0.8660
vn 0.2997 0.8125 0.5000
vn -0.9382 0.3462 -0.0000
vn -0.9381 0.3462 -0.0000
vn 0.3461 0.9382 -0.0000
vn 0.2997 0.8125 -0.5000
vn 0.1731 0.4691 -0.8660
vn 0.1730 0.4691 -0.8660
vn -0.1730 -0.4691 -0.8660
vn -0.1731 -0.4691 -0.8660
vn -0.2997 -0.8125 -0.5000
vn -0.3461 -0.9382 -0.0000
vn -0.2997 -0.8125 0.5000
vn -0.1697 -0.4702 0.8661
vn -0.0000 0.0001 1.0000
vn -0.1698 -0.4704 0.8660
vn 0.1698 0.4706 0.8659
vn 0.1696 0.4699 0.8663
vn -0.2448 -0.6634 0.7071
vn 0.2448 0.6634 0.7071
vn 0.3462 0.9382 -0.0000
vn 0.2448 0.6634 -0.7071
vn 0.2941 0.8149 -0.4995
vn 0.1698 0.4705 -0.8659
vn 0.1697 0.4702 -0.8661
vn 0.2940 0.8146 -0.5001
vn 0.3395 0.9406 -0.0000
vn 0.2941 0.8149 0.4995
vn 0.2940 0.8147 0.4999
vn -0.0000 -0.0001 -1.0000
vn -0.0000 0.0001 -1.0000
vn -0.1697 -0.4702 -0.8661
vn -0.1698 -0.4705 -0.8659
vn -0.2940 -0.8146 -0.5000
vn -0.2941 -0.8149 -0.4995
vn -0.3462 -0.9382 -0.0000
vn -0.2448 -0.6634 -0.7071
vn -0.3395 -0.9406 -0.0000
vn -0.2940 -0.8146 0.5001
vn -0.2941 -0.8149 0.4995
vn 0.0001 -0.0000 1.0000
vn -0.1669 -0.0610 0.9841
vn 0.3367 0.0980 0.9365
vn 0.2400 0.0653 0.9686
vn 0.3545 -0.9350 -0.0000
vn -0.3639 -0.1331 0.9219
vn -0.3605 -0.1319 0.9234
vn -0.0068 -0.0026 1.0000
vn 0.3695 0.1381 0.9189
vn 0.3843 0.1404 0.9125
vn 0.3378 0.0619 0.9392
vn 0.5792 0.1176 0.8067
vn 0.1885 0.2114 0.9591
vn -0.8464 -0.5325 -0.0000
vn -0.9993 0.0380 -0.0000
vn -0.4458 -0.8951 -0.0000
vn -0.8337 0.5523 -0.0000
vn -0.8336 0.5523 -0.0000
vn 0.6754 0.2556 0.6918
vn 0.2973 0.5198 0.8009
vn -0.4933 0.8699 0.0002
vn -0.5552 0.8317 -0.0000
vn 0.0501 0.9376 0.3442
vn 0.8616 0.3307 0.3851
vn 0.6714 0.2523 0.6968
vn 0.8653 0.3236 0.3827
vn 0.9325 0.3612 -0.0000
vn 0.9368 0.3499 -0.0000
vn -0.1267 0.9919 0.0001
vn 0.8609 0.3325 -0.3851
vn 0.8653 0.3236 -0.3827
vn 0.0245 0.9508 -0.3089
vn -0.2580 0.9661 -0.0000
vn 0.0575 0.9983 -0.0001
vn -0.4817 0.8763 -0.0003
vn 0.0561 0.9984 0.0001
vn 0.5000 0.8660 -0.0000
vn -0.5451 0.8384 -0.0000
vn -0.8266 0.5628 -0.0000
vn -0.8265 0.5629 -0.0000
vn -0.9997 0.0246 -0.0000
vn 0.1216 0.6107 -0.7825
vn 0.6733 0.2580 -0.6928
vn 0.3645 0.1371 -0.9211
vn 0.0102 0.1996 -0.9798
vn 0.1556 0.0191 -0.9876
vn 0.1709 0.0455 -0.9842
vn -0.8535 -0.5211 -0.0000
vn -0.4344 -0.9007 -0.0000
vn 0.5383 0.0055 -0.8427
vn 0.3079 0.0427 -0.9505
vn 0.3545 -0.9351 -0.0000
vn -0.3607 -0.1318 -0.9233
vn -0.3641 -0.1328 -0.9219
vn -0.0045 -0.0016 -1.0000
vn 0.3818 0.1401 -0.9136
vn -0.3545 0.9350 -0.0000
vn -0.9356 -0.3530 0.0003
vn -0.9356 -0.3530 -0.0000
vn -0.9357 -0.3529 -0.0000
vn -0.9357 -0.3528 -0.0001
vn -0.9357 -0.3528 0.0001
vn 0.6714 0.2523 -0.6968
vn 0.5052 0.2332 -0.8309
vn 0.1748 0.7473 -0.6411
vn 0.2610 0.8136 -0.5195
vn -0.3179 0.9464 -0.0573
vn -0.2619 0.9609 -0.0894
vn -0.3179 0.9464 0.0573
vn -0.2619 0.9609 0.0894
vn -0.2254 0.9727 0.0555
vn -0.2151 0.9766 -0.0000
vn -0.2254 0.9727 -0.0555
vn 0.1748 0.7473 0.6411
vn 0.2610 0.8136 0.5195
vn 0.3831 0.8809 0.2778
vn 0.4347 0.9006 -0.0000
vn 0.3831 0.8809 -0.2778
vn 0.5051 0.2332 0.8310
vn -0.6640 -0.2429 -0.7072
vn -0.6630 -0.2380 -0.7098
vn -0.5491 -0.1135 -0.8280
vn 0.9367 0.3501 -0.0000
vn -0.7307 0.4498 -0.5136
vn -0.6248 0.4633 -0.6285
vn -0.4197 0.9051 -0.0679
vn -0.3806 0.9238 -0.0425
vn -0.4457 0.8942 -0.0413
vn -0.4534 0.8913 -0.0000
vn -0.4457 0.8942 0.0413
vn -0.4197 0.9051 0.0679
vn -0.3806 0.9238 0.0425
vn -0.7307 0.4498 0.5136
vn -0.6248 0.4632 0.6285
vn -0.8676 0.4141 0.2752
vn -0.9187 0.3949 -0.0000
vn -0.8676 0.4141 -0.2752
vn -0.8691 -0.3134 -0.3826
vn -0.9406 -0.3395 0.0001
vn -0.8677 -0.3175 -0.3825
vn -0.9391 -0.3436 -0.0000
vn -0.9487 -0.3102 0.0618
vn -0.8634 -0.2750 -0.4230
vn -0.8636 -0.2751 -0.4225
vn -0.9487 -0.3102 0.0619
vn -0.5531 -0.1526 -0.8190
vn -0.5533 -0.1526 -0.8189
vn -0.9942 -0.0000 0.1076
vn -0.7756 -0.0000 -0.6312
vn -0.3753 -0.0000 -0.9269
vn -0.0397 -0.0000 -0.9992
vn -0.0401 -0.0000 -0.9992
vn 0.2863 -0.0000 -0.9581
vn -0.0684 0.0249 -0.9973
vn 0.4358 0.1947 -0.8787
vn -0.0683 0.0249 -0.9974
vn 0.7938 0.3064 -0.5253
vn 0.7939 0.3064 -0.5252
vn 0.9354 0.3484 -0.0609
vn 0.9354 0.3484 -0.0604
vn 0.8061 -0.5917 -0.0004
vn 0.8061 -0.5918 -0.0000
vn 0.8290 -0.2650 -0.4925
vn 0.8290 -0.2653 -0.4923
vn 0.7038 -0.0222 -0.7100
vn -0.0529 -0.9986 -0.0000
vn 0.0277 -0.9996 -0.0000
vn 0.2588 -0.9659 -0.0000
vn 0.5534 -0.8329 -0.0000
vn 0.8660 -0.5000 -0.0000
vn 0.5521 -0.8338 -0.0000
vn -0.0649 -0.9979 -0.0000
vn 0.0145 -0.9999 -0.0000
vn 0.8193 -0.2153 0.5314
vn 0.8193 -0.2151 0.5315
vn 0.6402 0.1375 0.7558
vn 0.8504 0.3233 0.4151
vn 0.5435 0.2291 0.8075
vn 0.5436 0.2291 0.8075
vn 0.9942 -0.0000 -0.1075
vn 0.7756 -0.0000 0.6312
vn 0.3753 -0.0000 0.9269
vn 0.0394 -0.0000 0.9992
vn 0.0395 -0.0000 0.9992
vn -0.2863 -0.0000 0.9581
vn 0.0634 0.0707 0.9955
vn 0.0635 0.0707 0.9955
vn -0.4442 -0.1113 0.8890
vn -0.4441 -0.1113 0.8891
vn -0.8069 -0.2521 0.5342
vn -0.8067 -0.2520 0.5344
vn -0.8675 -0.3174 0.3830
vn -0.8691 -0.3134 0.3826
vn -0.6639 -0.2429 0.7073
vn -0.6630 -0.2380 0.7097
vn -0.5488 -0.1134 0.8282
vn -0.6718 -0.0000 0.7408
vn -0.6718 -0.0000 0.7407
vn 0.6718 -0.0000 -0.7407
vn 0.8660 0.5000 -0.0000
vn -0.9382 -0.3462 -0.0000
vn -0.9381 -0.3462 -0.0000
vn 0.1730 -0.4691 0.8660
vn 0.1731 -0.4691 0.8660
vn -0.1730 0.4691 0.8660
vn -0.1731 0.4691 0.8660
vn -0.2997 0.8125 0.5000
vn 0.9382 0.3462 -0.0000
vn 0.9381 0.3462 -0.0000
vn -0.3461 0.9382 -0.0000
vn -0.2997 0.8125 -0.5000
vn -0.1730 0.4691 -0.8660
vn -0.1731 0.4691 -0.8660
vn 0.1731 -0.4691 -0.8660
vn 0.1730 -0.4691 -0.8660
vn 0.2997 -0.8125 -0.5000
vn 0.3461 -0.9382 -0.0000
vn 0.2997 -0.8125 0.5000
vn -0.0000 -0.0001 1.0000
vn 0.1698 -0.4704 0.8660
vn 0.1697 -0.4703 0.8660
vn -0.1698 0.4705 0.8659
vn -0.1699 0.4709 0.8657
vn 0.2448 -0.6634 0.7071
vn -0.2448 0.6634 0.7071
vn -0.3462 0.9382 -0.0000
vn -0.2448 0.6634 -0.7071
vn -0.1697 0.4703 -0.8661
vn -0.1697 0.4703 -0.8660
vn -0.2940 0.8147 -0.4998
vn -0.2939 0.8143 -0.5005
vn -0.3395 0.9406 -0.0000
vn -0.2939 0.8144 0.5003
vn -0.2940 0.8146 0.5001
vn -0.0001 0.0001 -1.0000
vn 0.0001 -0.0001 -1.0000
vn 0.1698 -0.4704 -0.8660
vn 0.1697 -0.4703 -0.8661
vn 0.2940 -0.8147 -0.4998
vn 0.2939 -0.8143 -0.5005
vn 0.2448 -0.6634 -0.7071
vn 0.3462 -0.9382 -0.0000
vn 0.2941 -0.8149 0.4995
vn 0.2940 -0.8146 0.5000
vn 0.3395 -0.9406 -0.0000
vn -0.7815 0.6239 -0.0000
vn -0.9748 0.2230 -0.0000
vn -0.4343 -0.9008 -0.0000
vn -0.0005 -1.0000 -0.0000
vn -0.9750 -0.2220 -0.0000
vn -0.9750 -0.2221 -0.0000
vn -0.7821 -0.6231 -0.0000
vn -0.4335 0.9012 -0.0000
vn -0.4334 0.9012 -0.0000
vn 0.4334 -0.9012 -0.0000
vn 0.4335 -0.9012 -0.0000
vn 0.0005 1.0000 -0.0000
vn 0.7815 -0.6239 -0.0000
vn 0.4343 0.9008 -0.0000
vn 0.7821 0.6231 -0.0000
vn 0.9750 0.2221 -0.0000
vn 0.9750 0.2220 -0.0000
vn 0.9748 -0.2230 -0.0000
vn -0.9989 0.0468 -0.0000
vn -0.6733 0.7394 -0.0000
vn 0.0468 0.9989 -0.0000
vn 0.7394 0.6733 -0.0000
vn -0.0468 -0.9989 -0.0000
vn -0.7394 -0.6733 -0.0000
vn 0.9989 -0.0468 -0.0000
vn 0.6733 -0.7394 -0.0000
vn 0.6599 0.6009 -0.4511
vn 0.8915 -0.0417 -0.4511
vn 0.0417 0.8915 -0.4511
vn -0.8915 0.0417 -0.4511
vn -0.6009 0.6599 -0.4511
vn -0.6599 -0.6009 -0.4511
vn -0.0417 -0.8915 -0.4511
vn 0.6009 -0.6599 -0.4511
vn 0.9733 0.2295 -0.0000
vn 0.9902 -0.1394 -0.0000
vn 0.9902 -0.1395 -0.0000
vn -0.8387 -0.5446 -0.0000
vn -0.9640 -0.2659 -0.0000
vn -0.9640 -0.2658 -0.0000
vn -0.9867 0.1627 -0.0000
vn -0.9634 -0.2681 -0.0000
vn -0.9634 -0.2682 -0.0000
vn 0.7767 0.6298 -0.0000
vn 0.7767 0.6299 -0.0000
vn 0.9446 -0.3283 -0.0000
vn 0.5833 0.8122 -0.0000
vn -0.9527 0.3038 -0.0000
vn -0.4418 -0.8971 -0.0000
vn 0.6801 0.1642 -0.7145
vn 0.7011 -0.1021 -0.7057
vn 0.7011 -0.1020 -0.7057
vn 0.5392 0.4312 -0.7234
vn 0.6659 -0.2314 -0.7092
vn 0.4119 0.5735 -0.7082
vn -0.9613 0.2755 -0.0000
vn 0.6226 0.7825 -0.0000
vn 0.8189 0.5740 -0.0000
vn 0.3834 0.9236 -0.0000
vn 0.0155 0.9999 -0.0000
vn 0.1453 0.9894 -0.0000
vn -0.1146 0.9934 -0.0000
vn -0.3834 0.9236 -0.0000
vn -0.8250 0.5651 -0.0000
vn -0.6503 0.7597 -0.0000
vn 0.3401 -0.9404 -0.0000
vn 0.6231 -0.7821 -0.0000
vn 0.0574 -0.0386 0.9976
vn 0.0574 -0.0387 0.9976
vn -0.5817 -0.8134 -0.0000
vn 0.5868 -0.3953 0.7067
vn 0.5866 -0.3952 0.7069
vn 0.5866 -0.3952 -0.7069
vn 0.0574 -0.0386 -0.9976
vn 0.5743 0.8187 -0.0000
vn 0.5744 0.8186 -0.0000
vn 0.5748 0.8183 -0.0000
vn 0.5772 0.8166 -0.0000
vn 0.9988 -0.0491 -0.0000
vn 0.9988 -0.0491 0.0001
vn 0.9008 -0.4343 -0.0000
vn 0.8048 -0.5439 -0.2377
vn 0.8029 -0.5425 -0.2469
vn 0.6106 0.7919 -0.0000
vn 0.8048 -0.5439 0.2375
vn 0.8029 -0.5425 0.2472
vn 0.8270 -0.5622 -0.0000
vn 0.8270 -0.5622 0.0008
vn 0.8278 -0.5610 -0.0000
vn 0.8273 -0.5618 0.0006
vn 0.5097 0.7043 0.4942
vn 0.5098 0.7044 0.4939
vn 0.3014 0.4064 0.8626
vn 0.3014 0.4064 0.8625
vn 0.5845 0.8113 -0.0067
vn 0.5846 0.8113 -0.0066
vn -0.8266 0.5629 -0.0000
vn 0.4720 0.8816 -0.0064
vn 0.4592 0.8883 -0.0066
vn 0.3850 0.7819 0.4904
vn 0.3976 0.7749 0.4913
vn 0.1784 0.4858 0.8557
vn 0.1905 0.4783 0.8573
vn 0.6033 0.1463 0.7840
vn 0.7910 0.4166 0.4480
vn 0.8582 0.5132 -0.0068
vn -0.0933 0.0716 0.9931
vn 0.3443 -0.2262 0.9112
vn -0.1052 0.0796 0.9913
vn -0.3779 -0.3361 0.8627
vn 0.0832 -0.6019 0.7942
vn -0.3891 -0.3273 0.8611
vn 0.0154 -0.0026 0.9999
vn 0.0156 -0.0024 0.9999
vn -0.2715 -0.4130 0.8693
vn -0.2715 -0.4129 0.8694
vn 0.8269 -0.5623 -0.0018
vn -0.4826 -0.7149 0.5059
vn -0.4827 -0.7150 0.5057
vn 0.8273 -0.5618 -0.0007
vn -0.5614 -0.8275 0.0067
vn -0.5614 -0.8275 0.0066
vn -0.5977 -0.6262 0.5007
vn -0.5869 -0.6356 0.5016
vn -0.6753 -0.7375 0.0066
vn -0.6647 -0.7471 0.0066
vn -0.1097 -0.8794 0.4632
vn -0.1819 -0.9833 0.0068
vn -0.5906 -0.6410 -0.4902
vn -0.1136 -0.8851 -0.4514
vn -0.6014 -0.6315 -0.4894
vn -0.3844 -0.3455 -0.8561
vn 0.0765 -0.6116 -0.7875
vn -0.3956 -0.3367 -0.8545
vn -0.4864 -0.7203 -0.4946
vn -0.4866 -0.7206 -0.4938
vn -0.2781 -0.4224 -0.8627
vn -0.2782 -0.4226 -0.8626
vn 0.8269 -0.5623 -0.0005
vn 0.0079 -0.0134 -0.9999
vn 0.0080 -0.0132 -0.9999
vn 0.8270 -0.5622 -0.0015
vn 0.2949 0.3972 -0.8691
vn 0.2947 0.3968 -0.8693
vn -0.1000 0.0620 -0.9931
vn -0.1129 0.0685 -0.9912
vn 0.1718 0.4765 -0.8622
vn 0.1840 0.4689 -0.8639
vn 0.3366 -0.2374 -0.9112
vn 0.5966 0.1367 -0.7908
vn 0.3938 0.7695 -0.5028
vn 0.7872 0.4110 -0.4598
vn 0.3814 0.7768 -0.5011
vn 0.5060 0.6989 -0.5054
vn 0.5059 0.6989 -0.5056
vn 0.9578 -0.0950 -0.2714
vn 0.9994 -0.0344 -0.0047
vn 0.8464 -0.2575 -0.4661
vn 0.9604 -0.0912 0.2631
vn 0.8365 -0.5478 -0.0107
vn 0.8382 -0.5454 -0.0002
vn 0.8367 -0.5476 0.0103
vn 0.8511 -0.2506 0.4613
vn 0.8324 -0.5539 0.0181
vn 0.7000 -0.4710 0.5368
vn 0.8265 -0.5626 0.0211
vn 0.5476 -0.6933 0.4685
vn 0.8205 -0.5713 0.0184
vn 0.4347 -0.8580 0.2737
vn 0.8162 -0.5777 0.0107
vn 0.3922 -0.9198 0.0048
vn 0.8145 -0.5801 0.0002
vn 0.4320 -0.8619 -0.2654
vn 0.8160 -0.5779 -0.0103
vn 0.5428 -0.7002 -0.4637
vn 0.8203 -0.5716 -0.0181
vn 0.6947 -0.4788 -0.5368
vn 0.8262 -0.5630 -0.0210
vn 0.8322 -0.5542 -0.0183
vn 0.7615 0.6067 0.2281
vn 0.7821 0.6231 0.0080
vn 0.4343 0.9007 0.0080
vn 0.4229 0.8770 0.2281
vn 0.0005 1.0000 0.0080
vn 0.0005 0.9736 0.2281
vn 0.3118 0.6467 0.6961
vn 0.0003 0.7179 0.6961
vn 0.5615 0.4473 0.6961
vn -0.4220 0.8774 0.2281
vn -0.3112 0.6470 0.6961
vn -0.4334 0.9011 0.0080
vn -0.7609 0.6074 0.2281
vn -0.5611 0.4479 0.6961
vn -0.7815 0.6238 0.0080
vn -0.9748 0.2230 0.0080
vn -0.9491 0.2171 0.2281
vn -0.9750 -0.2220 0.0080
vn -0.9493 -0.2162 0.2281
vn -0.6998 0.1601 0.6961
vn -0.7000 -0.1594 0.6961
vn -0.7615 -0.6067 0.2281
vn -0.5615 -0.4473 0.6961
vn -0.7821 -0.6231 0.0080
vn -0.4229 -0.8770 0.2281
vn -0.3118 -0.6467 0.6961
vn -0.4343 -0.9007 0.0080
vn -0.0005 -1.0000 0.0080
vn -0.0005 -0.9736 0.2281
vn 0.4334 -0.9011 0.0080
vn 0.4220 -0.8774 0.2281
vn -0.0003 -0.7179 0.6961
vn 0.3112 -0.6470 0.6961
vn 0.7609 -0.6074 0.2281
vn 0.5611 -0.4479 0.6961
vn 0.7815 -0.6238 0.0080
vn 0.9491 -0.2171 0.2281
vn 0.6999 -0.1601 0.6961
vn 0.9748 -0.2230 0.0080
vn 0.9750 0.2220 0.0080
vn 0.9493 0.2162 0.2281
vn 0.7000 0.1594 0.6961
vn 0.0246 0.0056 0.9997
vn 0.0247 -0.0055 0.9997
vn 0.0198 0.0157 0.9997
vn 0.0197 -0.0158 0.9997
vn -0.0246 0.0056 0.9997
vn -0.0246 -0.0056 0.9997
vn -0.0198 -0.0158 0.9997
vn -0.0110 -0.0228 0.9997
vn -0.0000 -0.0253 0.9997
vn 0.0110 -0.0228 0.9997
vn 0.0110 0.0228 0.9997
vn -0.0000 0.0253 0.9997
vn -0.0110 0.0228 0.9997
vn -0.0198 0.0158 0.9997
vn -0.0000 0.0658 0.9978
vn -0.0854 -0.0000 -0.9963
vn -0.0855 -0.0000 -0.9963
vn -0.0000 0.9999 0.0114
vn 0.0021 0.9998 0.0184
vn -0.0118 0.9978 0.0645
vn 0.0002 0.9991 -0.0422
vn 0.0001 0.9991 -0.0422
vn -0.0133 0.9980 0.0618
vn -0.0133 0.9975 0.0695
vn -0.0147 0.9975 0.0694
vn -1.0000 0.0077 0.0005
vn -1.0000 0.0076 0.0005
vn -0.0000 -0.9976 -0.0687
vn 0.0174 0.9984 0.0536
vn -0.6884 -0.0003 0.7254
vn -0.9997 -0.0000 0.0259
vn -0.9999 -0.0000 0.0100
vn -0.6867 -0.0005 0.7270
vn -0.0908 -0.0000 0.9959
vn -0.0906 -0.0000 0.9959
vn -0.0257 0.9986 0.0460
vn -0.0025 1.0000 0.0061
vn -0.7071 -0.0000 -0.7071
vn -0.7072 -0.0000 -0.7070
vn -0.9999 -0.0001 -0.0132
vn -0.9999 -0.0000 -0.0132
vn 0.9997 -0.0224 -0.0098
vn 0.9999 -0.0002 -0.0110
vn 1.0000 -0.0000 0.0078
vn 0.5728 -0.0000 -0.8197
vn 0.0936 -0.0000 0.9956
vn -0.9814 0.1920 0.0050
vn 0.7393 -0.0000 0.6734
vn 0.7392 -0.0000 0.6734
vn 0.9990 -0.0000 0.0450
vn 0.0008 -0.0002 -1.0000
vn 0.0007 0.4004 -0.9163
vn 0.0008 -0.0001 -1.0000
vn -0.7864 0.6177 -0.0000
vn -0.8514 0.5245 -0.0000
vn 0.0996 -0.0000 -0.9950
vn 0.6309 0.7758 -0.0000
vn 0.7760 -0.6308 -0.0000
vn 0.8644 -0.5028 -0.0000
vn 0.0008 -0.0006 -1.0000
vn 0.0008 -0.0004 -1.0000
vn 0.9656 -0.2599 -0.0000
vn -0.9810 0.1940 -0.0000
vn -0.0000 -0.0506 -0.9987
vn 0.0855 -0.0000 -0.9963
vn 0.0854 -0.0000 -0.9963
vn -0.0021 0.9998 0.0186
vn 0.0118 0.9978 0.0645
vn -0.0001 0.9991 -0.0422
vn -0.0002 0.9991 -0.0422
vn 0.0133 0.9975 0.0695
vn 0.0133 0.9980 0.0618
vn 0.0147 0.9975 0.0694
vn 1.0000 0.0077 0.0005
vn 1.0000 0.0076 0.0005
vn -0.0174 0.9984 0.0536
vn 0.9999 -0.0000 0.0100
vn 0.9997 -0.0000 0.0259
vn 0.6884 -0.0003 0.7254
vn 0.6867 -0.0003 0.7270
vn 0.0908 -0.0000 0.9959
vn 0.0906 -0.0000 0.9959
vn 0.0257 0.9986 0.0460
vn 0.0025 1.0000 0.0061
vn 0.7074 -0.0000 -0.7068
vn 0.7073 -0.0000 -0.7069
vn 0.9999 -0.0000 -0.0132
vn -1.0000 -0.0001 0.0078
vn -0.9999 -0.0000 -0.0110
vn -0.9997 -0.0224 -0.0099
vn -0.5728 -0.0000 -0.8197
vn -0.0936 -0.0000 0.9956
vn 0.9814 0.1920 0.0050
vn -0.7393 -0.0000 0.6734
vn -0.7392 -0.0000 0.6734
vn -0.9990 -0.0000 0.0450
vn -0.0007 0.4004 -0.9163
vn -0.0008 -0.0002 -1.0000
vn -0.0008 -0.0001 -1.0000
vn 0.8514 0.5245 -0.0000
vn 0.7864 0.6177 -0.0000
vn -0.0996 -0.0000 -0.9950
vn -0.6309 0.7758 -0.0000
vn -0.8644 -0.5028 -0.0000
vn -0.7760 -0.6308 -0.0000
vn -0.0008 -0.0004 -1.0000
vn -0.0008 -0.0006 -1.0000
vn -0.9656 -0.2599 -0.0000
vn 0.9810 0.1940 -0.0000
vn 0.6543 -0.7562 -0.0000
vn 0.6552 -0.7554 -0.0001
vn 0.9397 -0.0000 0.3419
vn 0.9996 -0.0294 -0.0015
vn 0.9989 -0.0000 0.0467
vn 0.9760 -0.0000 0.2178
vn 1.0000 -0.0001 -0.0001
vn 1.0000 -0.0000 -0.0001
vn 0.6522 -0.7581 0.0019
vn 0.6521 -0.7582 0.0018
vn 0.6520 -0.7582 0.0018
vn 0.6521 -0.7581 0.0019
vn -0.0000 -0.0395 0.9992
vn -0.0000 -0.0275 0.9996
vn 0.6543 -0.7562 -0.0001
vn 0.6547 -0.7559 -0.0000
vn -0.0000 -0.9967 0.0806
vn -0.0000 -0.9967 -0.0810
vn 0.9992 -0.0400 -0.0030
vn 0.0002 -1.0000 -0.0000
vn -0.0000 -0.8372 0.5469
vn -0.0000 -0.9407 0.3392
vn -0.0000 -0.8372 0.5470
vn -0.0000 -0.5257 0.8507
vn -0.0000 -0.0508 0.9987
vn 0.0001 -0.0508 0.9987
vn -0.6617 -0.7498 -0.0005
vn -0.6614 -0.7500 -0.0005
vn -0.6665 -0.7455 0.0001
vn 1.0000 -0.0018 0.0002
vn -0.6700 -0.7423 0.0125
vn 1.0000 -0.0030 0.0004
vn -1.0000 -0.0018 0.0002
vn -0.0494 -0.9965 0.0678
vn -0.0001 -1.0000 0.0082
vn -0.0000 -0.8272 0.5619
vn 1.0000 -0.0095 -0.0017
vn 0.9996 -0.0025 -0.0292
vn 0.9996 -0.0023 -0.0293
vn 0.9964 -0.0839 -0.0147
vn 0.9999 -0.0101 0.0005
vn 1.0000 -0.0049 0.0049
vn 0.9976 0.0689 0.0056
vn -0.0000 -0.7068 -0.7074
vn -0.0000 -0.7069 -0.7073
vn -0.0000 -0.0346 -0.9994
vn -0.0000 -0.7070 0.7072
vn -0.9976 0.0689 0.0056
vn -1.0000 -0.0049 0.0049
vn -1.0000 -0.0048 0.0048
vn -1.0000 -0.0030 0.0004
vn 0.0003 -1.0000 -0.0001
vn 0.0013 -1.0000 -0.0002
vn -0.8120 -0.0000 0.5837
vn -0.8040 -0.0000 0.5946
vn -0.6009 -0.0000 0.7993
vn -0.0024 1.0000 -0.0002
vn -0.0021 1.0000 0.0003
vn -0.0036 1.0000 -0.0015
vn 0.0001 -0.0006 -1.0000
vn -0.0002 -0.0007 -1.0000
vn -0.0090 -0.0000 -1.0000
vn -0.0005 -0.0007 -1.0000
vn -0.0000 -0.0007 -1.0000
vn 0.0004 0.9993 0.0374
vn -1.0000 -0.0005 0.0001
vn 0.0005 -0.4025 0.9154
vn 0.0006 -0.4026 0.9154
vn 0.0007 -0.4027 0.9153
vn 0.0002 0.1004 0.9949
vn 0.0005 0.1004 0.9949
vn -0.0000 0.9993 0.0374
vn -0.9113 0.0672 -0.4061
vn -0.7826 0.1047 -0.6137
vn -0.7543 0.2910 -0.5886
vn -0.8980 0.1975 -0.3931
vn 0.7826 0.1047 -0.6137
vn 0.9114 0.0672 -0.4061
vn 0.8980 0.1975 -0.3931
vn 0.7543 0.2910 -0.5886
vn 0.7836 -0.0205 -0.6210
vn 0.9125 -0.0159 -0.4089
vn 0.7799 -0.0768 -0.6212
vn 0.9113 -0.0559 -0.4080
vn -0.9116 -0.0569 -0.4070
vn -0.7801 -0.0771 -0.6209
vn -0.7836 -0.0206 -0.6209
vn -0.9126 -0.0161 -0.4086
vn 0.8676 0.3297 -0.3723
vn 0.7004 0.4570 -0.5482
vn -0.2772 -0.0257 -0.9605
vn -0.2740 -0.1047 -0.9560
vn 0.2766 -0.0258 -0.9606
vn 0.2727 -0.1050 -0.9564
vn -0.2760 0.1657 -0.9468
vn 0.2761 0.1657 -0.9467
vn -0.2521 0.4209 -0.8714
vn 0.2521 0.4209 -0.8714
vn -0.2179 0.6007 -0.7692
vn -0.7004 0.4570 -0.5483
vn 0.2179 0.6007 -0.7692
vn -0.8676 0.3298 -0.3723
vn -0.0073 -1.0000 -0.0006
vn -0.0004 -1.0000 -0.0019
vn -0.0022 -1.0000 -0.0004
vn -0.0000 0.0040 1.0000
vn -0.0000 -1.0000 0.0003
vn -0.0001 -1.0000 0.0004
vn -1.0000 0.0011 -0.0008
vn -1.0000 -0.0002 0.0001
vn -1.0000 -0.0001 0.0001
vn -1.0000 0.0031 0.0019
vn -1.0000 0.0021 0.0008
vn -1.0000 0.0043 0.0033
vn -1.0000 0.0006 0.0066
vn 0.0014 -0.0000 1.0000
vn -0.9407 -0.0000 0.3392
vn -0.9127 -0.0000 0.4086
vn -0.0023 -1.0000 -0.0000
vn -0.0023 -1.0000 0.0001
vn -0.0022 -1.0000 0.0003
vn 0.0038 -1.0000 -0.0019
vn -1.0000 0.0002 0.0002
vn -1.0000 0.0004 0.0003
vn -1.0000 0.0007 0.0004
vn -1.0000 0.0006 0.0003
vn -0.0013 -1.0000 -0.0003
vn -0.0207 0.0102 -0.9997
vn -0.0216 -0.0031 -0.9998
vn -0.0219 -0.0032 -0.9998
vn -0.0204 0.0156 -0.9997
vn -1.0000 0.0004 -0.0000
vn 0.9992 -0.0397 -0.0030
vn 0.9985 -0.0546 -0.0072
vn 0.9984 -0.0562 -0.0075
vn 0.0014 -0.0380 -0.9993
vn 0.0014 -0.0381 -0.9993
vn 0.0196 -0.7068 -0.7071
vn 0.0196 -0.7070 -0.7069
vn 0.0220 -0.9157 -0.4014
vn 0.0047 -1.0000 0.0012
vn 0.0117 -0.9999 0.0003
vn 0.0148 -0.9999 -0.0000
vn 0.0007 -1.0000 0.0020
vn 0.0014 -1.0000 0.0013
vn -0.0012 -1.0000 0.0017
vn -0.0014 -1.0000 0.0012
vn -0.0120 -0.9999 0.0003
vn -0.0048 -1.0000 0.0012
vn -0.0152 -0.9999 -0.0000
vn -0.0257 -0.9156 -0.4014
vn -0.0254 -0.7066 -0.7071
vn -0.0254 -0.7065 -0.7072
vn -0.0052 -0.0374 -0.9993
vn -0.0034 0.0002 -1.0000
vn -0.9732 0.0001 -0.2299
vn -0.9732 -0.0000 -0.2299
vn -0.2382 -0.0000 -0.9712
vn -0.2255 -0.0001 -0.9743
vn 0.9728 -0.0000 -0.2317
vn 0.9728 -0.0001 -0.2317
vn 1.0000 -0.0003 0.0042
vn 1.0000 0.0008 0.0008
vn 0.2294 0.0001 -0.9733
vn 0.2405 -0.0000 -0.9706
vn 0.0130 -0.0089 0.9999
vn 0.0097 -0.0066 0.9999
vn 0.0442 -0.0050 0.9990
vn 0.0441 -0.0050 0.9990
vn -0.0000 -0.0070 1.0000
vn -0.0013 -0.0078 1.0000
vn 1.0000 -0.0013 -0.0000
vn 1.0000 -0.0006 0.0063
vn 1.0000 0.0010 0.0010
vn 0.0019 0.0001 -1.0000
vn 0.0030 0.0005 -1.0000
vn -0.6665 0.7449 0.0287
vn -0.4351 0.9004 0.0011
vn -0.7669 0.6418 0.0011
vn -1.0000 0.0018 -0.0000
vn -0.0000 -0.7069 0.7073
vn -0.7817 0.6236 -0.0017
vn -0.8456 0.5339 -0.0000
vn 0.2941 0.9558 -0.0001
vn 0.7977 0.6031 -0.0000
vn -0.6231 0.7821 -0.0033
vn -0.4108 0.9117 -0.0020
vn 0.6239 0.7815 -0.0000
vn 0.0135 0.0029 -0.9999
vn 0.0142 0.0031 -0.9999
vn 0.0371 0.0044 -0.9993
vn 0.0370 0.0044 -0.9993
vn 0.7822 0.6230 0.0022
vn 0.7826 0.6225 -0.0010
vn 0.9786 0.2056 -0.0002
vn 0.9493 0.3144 0.0016
vn -0.4248 0.9053 -0.0000
vn -0.7712 0.6366 -0.0000
vn -0.4334 -0.9012 -0.0000
vn -0.7045 -0.7097 -0.0000
vn -0.8250 -0.5652 -0.0000
vn 0.4433 0.8964 0.0010
vn 0.4434 0.8963 0.0010
vn -0.9743 0.2254 -0.0002
vn -0.9741 0.2261 -0.0002
vn -0.0042 0.0156 0.9999
vn 0.0041 0.0154 0.9999
vn -0.0192 0.0176 0.9997
vn -0.0194 0.0174 0.9997
vn -0.0118 0.0243 0.9996
vn 0.0118 0.0243 0.9996
vn 0.0190 0.0178 0.9997
vn 0.0185 0.0183 0.9997
vn -0.9743 -0.2252 -0.0000
vn -0.0000 1.0000 0.0001
vn -0.3790 0.9254 -0.0031
vn -0.3207 0.9472 -0.0012
vn -0.0147 0.9999 -0.0017
vn 0.3890 0.9212 -0.0010
vn 0.3892 0.9211 -0.0009
vn 0.6159 0.7878 -0.0000
vn -0.6092 0.7930 -0.0000
vn -0.6093 0.7929 0.0001
vn -0.6549 0.7557 -0.0054
vn -0.0060 0.9710 0.2389
vn -0.0022 0.9551 0.2963
vn -0.0023 0.9551 0.2964
vn -0.0063 0.9911 0.1330
vn -0.0063 0.9911 0.1331
vn -0.0097 1.0000 -0.0000
vn -0.6863 0.7272 -0.0093
vn -0.6863 0.7273 -0.0093
vn -0.0098 1.0000 -0.0000
vn -0.0099 1.0000 0.0001
vn -0.0098 1.0000 0.0001
vn -0.0032 0.7134 0.7008
vn -0.0076 0.7208 0.6931
vn -0.0076 0.7207 0.6932
vn -0.0026 0.7113 0.7029
vn 0.0020 0.7020 0.7122
vn 0.0009 0.6991 0.7150
vn 0.4911 0.8711 -0.0000
vn 0.4910 0.8711 -0.0000
vn -0.0086 0.0081 -0.9999
vn -0.0084 0.0093 -0.9999
vn -0.0084 0.0092 -0.9999
vn -0.0087 0.0073 -0.9999
vn -0.0099 -0.0000 -1.0000
vn 0.0220 -0.0370 0.9991
vn 0.0019 -0.0322 0.9995
vn 0.0211 -0.0089 0.9997
vn 0.0236 -0.0102 0.9997
vn 0.0441 -0.0423 0.9981
vn 0.0249 -0.0552 0.9982
vn 0.0253 -0.0550 0.9982
vn 0.0004 -0.0614 0.9981
vn 0.0003 -0.0613 0.9981
vn -0.0257 -0.0545 0.9982
vn -0.0257 -0.0547 0.9982
vn -0.0236 -0.0397 0.9989
vn -0.0236 -0.0396 0.9989
vn -0.0243 -0.0100 0.9997
vn -0.0265 0.0056 0.9996
vn -0.0265 0.0057 0.9996
vn 0.9112 -0.0000 0.4120
vn 0.7987 -0.0000 0.6017
vn 0.9764 -0.0000 0.2158
vn -0.9762 -0.0000 0.2167
vn -0.9997 -0.0000 0.0229
vn 0.2895 -0.0000 0.9572
vn 0.5884 -0.0000 0.8086
vn 0.0047 1.0000 -0.0006
vn 0.0035 1.0000 0.0013
vn 0.0033 1.0000 0.0015
vn 0.0028 1.0000 0.0023
vn 0.0026 1.0000 0.0025
vn 0.8071 -0.0000 0.5904
vn -0.0116 -0.0000 0.9999
vn -0.3210 -0.0000 0.9471
vn -0.9987 -0.0000 0.0514
vn -0.9997 -0.0047 -0.0259
vn 0.0310 -0.0000 0.9995
vn -0.0020 1.0000 0.0003
vn 0.9994 -0.0324 -0.0142
vn -0.9950 -0.0068 -0.0992
vn -0.9989 -0.0030 -0.0462
vn -0.9944 -0.0074 -0.1053
vn -0.9950 -0.0097 -0.0993
vn -0.6873 -0.7253 0.0395
vn -0.6723 -0.7399 0.0228
vn -0.6642 -0.7472 0.0232
vn 0.0266 0.0055 0.9996
vn 0.0267 0.0053 0.9996
vn 0.4382 0.8989 -0.0000
vn -0.8900 0.4560 -0.0000
vn -1.0000 0.0011 -0.0001
vn -1.0000 0.0006 -0.0000
vn -1.0000 0.0005 -0.0000
vn -0.4382 0.8989 -0.0000
vn 0.6945 0.7195 -0.0000
vn -0.6559 -0.7549 -0.0001
vn 0.6559 -0.7549 -0.0001
vn 0.6558 -0.7550 -0.0001
vn 0.8900 0.4560 -0.0000
vn 1.0000 0.0009 -0.0000
vn 1.0000 0.0011 -0.0000
vn 1.0000 0.0011 -0.0001
vn 1.0000 0.0009 -0.0001
vn 1.0000 0.0008 -0.0001
vn 1.0000 0.0002 -0.0001
vn -0.9790 0.2039 0.0011
vn -0.9790 0.2040 0.0011
vn -0.6343 -0.7731 -0.0000
vn -0.8271 -0.5620 -0.0000
vn 0.9691 -0.2467 -0.0000
vn 0.9216 0.3882 0.0019
vn 0.9213 0.3888 0.0019
vn 0.9877 0.1563 0.0008
vn -0.4157 -0.9095 -0.0000
vn -0.9008 0.4343 0.0022
vn -0.9009 0.4341 0.0024
vn 0.4766 -0.7156 -0.5107
vn 0.3822 -0.4093 -0.8285
vn 0.5537 -0.8306 -0.0593
vn 0.5495 -0.8355 -0.0053
vn 1.0000 -0.0000 0.0005
vn 1.0000 0.0003 0.0003
vn 0.5517 -0.8318 0.0609
vn 0.5489 -0.8359 0.0057
vn 0.1073 0.9939 0.0253
vn 0.1561 0.9877 -0.0028
vn 0.1600 0.9871 0.0042
vn 0.1114 0.9937 0.0128
vn 0.2507 -0.1495 -0.9565
vn 0.2505 -0.1496 -0.9565
vn 0.1787 0.1723 -0.9687
vn 0.1788 0.1723 -0.9687
vn 0.1718 0.6067 -0.7762
vn 0.1624 0.8762 -0.4537
vn 0.1591 0.9872 0.0115
vn 0.1605 0.9860 0.0445
vn 0.3265 -0.6271 0.7072
vn 0.1264 -0.0451 0.9909
vn 0.1165 0.0202 0.9930
vn 0.1166 0.0201 0.9930
vn 0.1096 0.0779 0.9909
vn 0.0903 0.5169 0.8513
vn 0.0592 -0.0000 -0.9982
vn -0.0000 -0.0108 0.9999
vn 0.0009 -0.0002 -1.0000
vn 0.0022 0.0004 -1.0000
vn 0.0047 0.0010 -1.0000
vn 0.9033 0.3712 -0.2152
vn -0.0036 -0.0096 0.9999
vn -0.0019 -0.0102 0.9999
vn 1.0000 0.0012 0.0002
vn 0.5000 -0.8660 -0.0000
vn -0.5000 -0.8660 -0.0000
vn 0.9997 -0.0000 0.0224
vn 0.9944 -0.0000 -0.1053
vn -0.0023 -1.0000 -0.0002
vn 0.9393 -0.0000 -0.3431
vn -0.9393 -0.0000 -0.3431
vn -0.9944 -0.0000 -0.1052
vn -0.9944 -0.0000 -0.1053
vn 0.8552 -0.0000 -0.5182
vn -0.8552 -0.0000 -0.5182
vn -0.0033 -1.0000 -0.0025
vn -0.0030 -1.0000 -0.0018
vn -1.0000 -0.0000 -0.0023
vn -0.0082 -1.0000 -0.0031
vn -0.0058 -1.0000 -0.0035
vn -0.0076 -1.0000 0.0048
vn -0.0150 -0.9999 -0.0016
vn -0.0184 -0.9998 0.0003
vn -0.0206 -0.9998 0.0056
vn -0.0179 -0.9998 0.0125
vn -0.0110 -0.9998 0.0147
vn -0.0046 -0.9999 0.0133
vn -0.0001 -0.9999 0.0112
vn 0.0072 -1.0000 0.0047
vn 0.0031 -0.9999 0.0124
vn 0.0101 -0.9999 0.0137
vn 0.0156 -0.9998 0.0119
vn 0.0188 -0.9998 0.0053
vn 0.0171 -0.9999 0.0001
vn 0.0143 -0.9999 -0.0015
vn 0.0080 -1.0000 -0.0030
vn 0.0057 -1.0000 -0.0035
vn 0.0045 -1.0000 -0.0027
vn 0.0014 -1.0000 -0.0006
vn 0.0023 -1.0000 0.0003
vn 0.0024 -1.0000 0.0001
vn 0.0029 -1.0000 -0.0005
vn -0.6945 0.7195 -0.0000
vn -0.6945 -0.7195 -0.0000
vn 0.6945 -0.7195 -0.0000
vn -0.0000 -0.2124 -0.9772
vn -0.0000 -0.1194 -0.9928
vn -0.0000 0.0854 -0.9963
vn -0.0000 0.2925 -0.9563
vn -0.0000 -0.3003 0.9539
vn -0.0000 -0.3003 0.9538
vn -0.0000 -0.4911 0.8711
vn -0.0000 -0.0940 0.9956
vn -0.0000 -0.0941 0.9956
vn -0.0000 0.0098 1.0000
vn -0.0000 -0.0939 0.9956
vn -0.0000 -0.6131 0.7900
vn -0.0000 -0.7048 0.7094
vn -0.0000 -0.9537 0.3009
vn -0.0000 -0.9536 0.3009
vn -0.0000 0.6512 -0.7589
vn -0.0000 0.5926 -0.8055
vn -0.0000 0.4659 -0.8848
vn -0.0000 -0.9744 0.2250
vn -0.0000 -0.9744 0.2249
vn -0.0000 -0.2250 -0.9744
vn -0.0000 -0.1910 -0.9816
vn -0.0000 -0.1909 -0.9816
vn -0.0000 0.2250 0.9744
vn -0.9942 -0.1071 -0.0000
vn -0.9504 -0.3109 -0.0000
vn 0.0220 -0.9998 -0.0000
vn 0.8801 0.4747 -0.0000
vn 0.9396 0.3423 -0.0000
vn -0.6239 -0.7815 -0.0000
vn 0.4073 -0.9133 -0.0000
vn 0.5931 -0.8051 -0.0000
vn 0.0072 -1.0000 -0.0000
vn 0.9989 0.0476 -0.0002
vn 0.9989 0.0476 -0.0000
vn 0.2050 0.9788 -0.0000
vn 0.5938 0.8046 -0.0000
vn 0.4043 0.9146 -0.0000
vn -0.7715 0.6362 -0.0000
vn -0.9854 0.1700 -0.0000
vn -0.9008 0.4343 -0.0000
vn 0.5592 0.8291 -0.0000
vn -0.9973 0.0732 -0.0000
vn 0.9806 -0.1961 -0.0000
vn 0.9764 0.2158 -0.0000
vn 0.8132 -0.2703 -0.5153
vn 0.5996 -0.5808 -0.5506
vn 0.9785 -0.0536 -0.1993
vn 0.9578 0.0148 -0.2869
vn 0.8323 -0.2470 -0.4963
vn 0.3894 -0.4075 -0.8261
vn 0.9687 -0.0974 -0.2281
vn 0.9760 0.1832 -0.1178
vn 0.9932 0.1023 -0.0553
vn 0.9990 0.0075 -0.0436
vn 0.9993 -0.0233 -0.0276
vn 0.9689 -0.1132 -0.2200
vn 0.8413 -0.2253 -0.4913
vn 0.9956 0.0339 0.0872
vn 0.9952 0.0648 0.0740
vn 0.9707 0.2399 -0.0133
vn 0.9372 0.1610 0.3094
vn 0.9347 0.1880 0.3016
vn 0.9055 0.3069 0.2931
vn 0.9921 0.1248 -0.0135
vn 0.9299 0.1504 0.3356
vn 0.9384 -0.0032 0.3455
vn 0.9993 0.0371 -0.0047
vn 0.9996 0.0280 -0.0069
vn 0.9372 -0.1061 0.3322
vn 0.6751 -0.0700 0.7344
vn 0.6702 -0.2214 0.7084
vn 0.6507 0.1721 0.7396
vn 0.2099 -0.1164 0.9708
vn 0.1921 -0.2646 0.9450
vn 0.2077 0.1633 0.9645
vn 0.1662 0.4794 0.8617
vn 0.5787 0.4307 0.6925
vn 0.2031 0.5101 0.8358
vn 0.6432 0.3962 0.6552
vn 0.6530 0.3720 0.6597
vn 0.2101 0.4920 0.8449
vn -0.1662 0.4794 0.8617
vn -0.2031 0.5101 0.8358
vn -0.2100 0.4920 0.8449
vn -0.6432 0.3962 0.6552
vn -0.6529 0.3721 0.6597
vn -0.5788 0.4307 0.6925
vn -0.2403 0.1902 0.9519
vn 0.2403 0.1904 0.9518
vn -0.6657 0.0592 0.7438
vn 0.0002 -0.9013 0.4332
vn -0.0002 -0.9013 0.4332
vn -0.0000 -0.9013 0.4331
vn -0.0004 -0.9013 0.4331
vn 0.0004 -0.9013 0.4331
vn 0.6657 0.0592 0.7438
vn 0.9049 -0.1229 0.4074
vn 0.9528 -0.2229 0.2060
vn 0.9552 -0.2746 0.1103
vn -0.5350 -0.8397 -0.0935
vn -0.1575 -0.9714 -0.1777
vn -0.4508 -0.8860 0.1087
vn -0.0000 -0.9887 -0.1499
vn 0.1575 -0.9714 -0.1777
vn 0.4508 -0.8860 0.1087
vn 0.5350 -0.8397 -0.0935
vn -0.9552 -0.2746 0.1103
vn -0.9529 -0.2229 0.2059
vn -0.9956 0.0339 0.0872
vn -0.9993 -0.0233 -0.0276
vn -0.9050 -0.1226 0.4073
vn -0.9372 0.1610 0.3094
vn -0.9990 0.0075 -0.0437
vn -0.9952 0.0648 0.0740
vn -0.9347 0.1880 0.3016
vn -0.9055 0.3069 0.2931
vn -0.9707 0.2399 -0.0133
vn -0.6507 0.1721 0.7396
vn -0.9299 0.1504 0.3356
vn -0.9921 0.1248 -0.0135
vn -0.6751 -0.0700 0.7344
vn -0.9384 -0.0032 0.3455
vn -0.9993 0.0371 -0.0047
vn -0.9372 -0.1061 0.3322
vn -0.6702 -0.2214 0.7084
vn -0.9996 0.0280 -0.0069
vn -0.9932 0.1023 -0.0553
vn -0.0000 1.0000 0.0039
vn -0.0000 0.9967 -0.0808
vn -0.0000 0.9967 -0.0807
vn -0.9998 -0.0008 -0.0189
vn -0.9988 0.0134 -0.0481
vn 0.9988 0.0134 -0.0481
vn 0.9998 -0.0008 -0.0189
vn 0.9876 -0.0100 -0.1567
vn 0.9922 -0.0073 -0.1244
vn -0.0000 0.8627 -0.5058
vn -0.0000 0.2882 -0.9576
vn -0.0000 0.2881 -0.9576
vn 0.9753 -0.0212 -0.2196
vn 0.9763 -0.0141 -0.2158
vn -0.9763 -0.0141 -0.2158
vn -0.9753 -0.0215 -0.2198
vn -0.9876 -0.0100 -0.1567
vn -0.9922 -0.0073 -0.1244
vn -0.9595 -0.1089 -0.2597
vn -0.9633 -0.1589 -0.2164
vn -0.9785 -0.0536 -0.1993
vn -0.9760 0.1832 -0.1178
vn -0.9578 0.0148 -0.2869
vn -0.9687 -0.0974 -0.2281
vn -0.9689 -0.1132 -0.2200
vn -0.8322 -0.2470 -0.4963
vn -0.8413 -0.2253 -0.4913
vn -0.8132 -0.2703 -0.5153
vn -0.5995 -0.5808 -0.5507
vn -0.3890 -0.4076 -0.8262
vn -0.3971 -0.3815 -0.8347
vn -0.3520 -0.0425 -0.9350
vn -0.8651 -0.0224 -0.5011
vn -0.9590 -0.1284 -0.2527
vn -0.0000 -0.0636 -0.9980
vn -0.0000 -0.4161 -0.9093
vn -0.0000 -0.4395 -0.8983
vn 0.3971 -0.3815 -0.8347
vn 0.3520 -0.0425 -0.9350
vn -0.0000 0.1484 -0.9889
vn -0.2053 0.1716 -0.9635
vn 0.2053 0.1716 -0.9635
vn 0.8651 -0.0224 -0.5011
vn 0.7026 0.1117 -0.7028
vn 0.1148 -0.4055 -0.9068
vn -0.0000 -0.4239 -0.9057
vn 0.5819 -0.3428 -0.7375
vn 0.5495 -0.6615 -0.5104
vn 0.0818 -0.7884 -0.6098
vn -0.0000 -0.7880 -0.6157
vn -0.0818 -0.7884 -0.6098
vn -0.1148 -0.4055 -0.9068
vn -0.5819 -0.3428 -0.7375
vn -0.7026 0.1117 -0.7028
vn -0.5495 -0.6615 -0.5104
vn 0.4316 -0.6355 0.6402
vn 0.4917 -0.4348 0.7544
vn 0.1537 -0.4712 0.8685
vn -0.0000 -0.5039 0.8637
vn -0.0045 0.4315 0.9021
vn -0.0000 0.4361 0.8999
vn -0.0015 0.4377 0.8991
vn 1.0000 -0.0046 0.0022
vn 0.5921 -0.7574 0.2753
vn 0.5785 -0.6898 0.4353
vn -0.9358 -0.3349 -0.1100
vn -0.9459 -0.3241 -0.0123
vn -0.9329 -0.1661 -0.3197
vn -0.9126 -0.3467 -0.2165
vn -0.9161 -0.1778 -0.3594
vn -0.8972 -0.3548 -0.2629
vn 0.0233 -0.4314 -0.9018
vn 0.0077 -0.4630 -0.8863
vn -0.0000 -0.4552 -0.8904
vn 0.0045 0.4315 0.9021
vn 0.0015 0.4377 0.8991
vn -0.1535 -0.4712 0.8685
vn -0.4316 -0.6355 0.6402
vn -1.0000 -0.0046 0.0022
vn -0.0233 -0.4314 -0.9018
vn -0.0077 -0.4630 -0.8863
vn -0.5785 -0.6898 0.4353
vn -0.5921 -0.7574 0.2753
vn -0.4917 -0.4348 0.7544
vn 0.9358 -0.3349 -0.1100
vn 0.9590 -0.1284 -0.2527
vn 0.9459 -0.3243 -0.0117
vn 0.9126 -0.3467 -0.2165
vn 0.9329 -0.1661 -0.3197
vn 0.9161 -0.1778 -0.3594
vn 0.8972 -0.3548 -0.2629
vn -0.0000 -0.7868 -0.6172
vn -0.0000 -0.9055 -0.4242
vn 0.6621 -0.6535 -0.3670
vn -0.6621 -0.6535 -0.3670
vn -0.0000 -0.0005 -1.0000
vn -0.0000 -0.0011 -1.0000
vn 0.9595 -0.1089 -0.2597
vn 0.9633 -0.1589 -0.2164
vn -0.0000 0.0079 -1.0000
vn -0.2099 -0.1165 0.9708
vn -0.1921 -0.2646 0.9450
vn -0.2077 0.1633 0.9645
vn -0.0000 -0.9011 0.4336
vn 0.5878 -0.0000 0.8090
vn 0.5872 0.0460 0.8082
vn -0.0000 0.0460 0.9989
vn 0.4813 -0.5741 0.6624
vn -0.0000 -0.5741 0.8188
vn -0.5878 -0.0000 0.8090
vn -0.5872 0.0460 0.8082
vn -0.4813 -0.5741 0.6624
vn -0.0000 0.9172 0.3983
vn 0.2341 0.9172 0.3223
vn -0.2342 0.9172 0.3222
vn -0.3788 0.9172 0.1231
vn -0.9500 0.0460 0.3087
vn -0.9511 -0.0000 0.3090
vn -0.3788 0.9172 -0.1231
vn -0.9501 0.0460 -0.3087
vn -0.2341 0.9172 -0.3223
vn -0.5872 0.0460 -0.8081
vn -0.0000 0.9172 -0.3983
vn -0.0000 0.0459 -0.9989
vn 0.2341 0.9172 -0.3223
vn 0.5871 0.0460 -0.8082
vn 0.3788 0.9172 -0.1231
vn 0.9500 0.0460 -0.3087
vn 0.3788 0.9172 0.1231
vn 0.9501 0.0460 0.3087
vn 0.6713 -0.0000 0.7412
vn 0.9511 -0.0000 0.3090
vn 0.4014 -0.0000 0.9159
vn 0.3090 -0.0000 0.9511
vn -0.0000 0.7199 -0.6940
vn -0.0000 0.0929 -0.9957
vn -0.0000 -0.0929 -0.9957
vn -0.0000 -0.7199 -0.6940
vn -0.0000 -0.7199 -0.6941
vn -0.0000 -0.7199 0.6941
vn -0.0000 -0.7199 0.6940
vn 0.4015 -0.0001 -0.9159
vn 0.3090 -0.0000 -0.9511
vn -0.0000 -0.0929 0.9957
vn -0.0000 -0.0930 0.9957
vn -0.0000 0.0930 0.9957
vn -0.0000 0.0929 0.9957
vn -0.0000 0.7199 0.6940
vn -0.0000 0.7199 0.6941
vn -0.6714 -0.0000 -0.7411
vn -0.9511 -0.0000 -0.3090
vn -0.4014 -0.0000 -0.9159
vn -0.3090 -0.0000 -0.9511
vn -0.6714 -0.0000 0.7411
vn -0.4014 -0.0000 0.9159
vn -0.3090 -0.0000 0.9511
vn 0.9511 -0.0000 -0.3090
vn 0.6713 -0.0001 -0.7412
vn 0.7787 -0.5741 0.2530
vn 0.7787 -0.5741 -0.2530
vn 0.5876 0.0260 0.8087
vn 0.9507 0.0261 0.3089
vn 0.9507 0.0260 -0.3089
vn 0.4966 0.5351 0.6834
vn 0.8035 0.5351 0.2611
vn 0.8035 0.5351 -0.2611
vn 0.2477 0.9069 0.3409
vn 0.4008 0.9069 0.1302
vn 0.4008 0.9069 -0.1302
vn 0.4966 0.5351 -0.6835
vn 0.2477 0.9069 -0.3409
vn 0.5876 0.0260 -0.8087
vn -0.0000 0.5351 -0.8448
vn -0.0000 0.9069 -0.4214
vn -0.0000 0.0260 -0.9997
vn 0.5878 -0.0000 -0.8090
vn 0.4813 -0.5741 -0.6624
vn -0.0000 -0.5741 -0.8188
vn -0.5878 -0.0000 -0.8090
vn -0.4813 -0.5741 -0.6624
vn -0.7787 -0.5741 -0.2530
vn -0.5876 0.0261 -0.8087
vn -0.9507 0.0260 -0.3089
vn -0.4965 0.5351 -0.6834
vn -0.8034 0.5351 -0.2610
vn -0.2477 0.9069 -0.3409
vn -0.4008 0.9069 -0.1302
vn -0.8035 0.5351 0.2611
vn -0.4008 0.9069 0.1302
vn -0.9507 0.0260 0.3089
vn -0.4966 0.5351 0.6834
vn -0.2477 0.9069 0.3409
vn -0.5876 0.0260 0.8087
vn -0.7787 -0.5741 0.2530
vn -0.0000 0.0260 0.9997
vn -0.0000 0.5351 0.8448
vn -0.0000 0.9069 0.4214
vn 0.1501 0.9668 0.2066
vn -0.0000 0.9668 0.2554
vn -0.1501 0.9668 0.2066
vn 0.4728 0.5941 0.6508
vn -0.0000 0.5940 0.8044
vn -0.4728 0.5941 0.6508
vn -0.7650 0.5941 0.2486
vn -0.2429 0.9668 0.0789
vn -0.7650 0.5941 -0.2486
vn -0.2429 0.9668 -0.0789
vn -0.4728 0.5941 -0.6507
vn -0.1501 0.9668 -0.2066
vn -0.0000 0.5941 -0.8044
vn -0.0000 0.9668 -0.2554
vn 0.4728 0.5941 -0.6507
vn 0.4728 0.5941 -0.6508
vn 0.1501 0.9668 -0.2066
vn 0.7650 0.5941 -0.2486
vn 0.2429 0.9668 -0.0789
vn 0.7650 0.5941 0.2486
vn 0.2429 0.9668 0.0789
vn 0.2481 -0.9654 0.0806
vn 0.1533 -0.9654 0.2110
vn 0.2481 -0.9654 -0.0806
vn -0.0000 -0.9654 0.2609
vn -0.1533 -0.9654 0.2110
vn 0.1533 -0.9654 -0.2110
vn -0.0000 -0.9654 -0.2609
vn -0.1533 -0.9654 -0.2110
vn -0.2481 -0.9654 -0.0806
vn -0.2481 -0.9654 0.0806
vn -0.8660 -0.0000 0.5000
vn 0.8660 -0.0000 0.5000
vn 0.8660 -0.0000 -0.5000
vn -0.8660 -0.0000 -0.5000
vn -0.8133 0.3436 0.4696
vn -0.0000 0.3436 0.9391
vn 0.8133 0.3436 0.4696
vn -0.1970 0.9738 0.1137
vn -0.0000 0.9738 0.2275
vn 0.1969 0.9738 0.1137
vn 0.8133 0.3436 -0.4696
vn 0.1969 0.9738 -0.1137
vn -0.0000 0.3436 -0.9391
vn -0.0000 0.9738 -0.2274
vn -0.8133 0.3435 -0.4696
vn -0.1969 0.9738 -0.1137
vn 0.0948 0.7568 -0.6468
vn 0.0948 0.7570 -0.6466
vn 0.4366 0.5944 -0.6753
vn 0.5865 0.8100 -0.0000
vn 0.1227 0.9924 -0.0000
vn 0.5865 0.8099 -0.0002
vn -0.1227 0.9924 -0.0000
vn -0.0948 0.7570 -0.6465
vn -0.4367 0.5944 -0.6753
vn -0.4366 0.5944 -0.6753
vn -0.5865 0.8100 -0.0000
vn -0.5910 0.8066 -0.0130
vn -0.1240 0.9921 -0.0192
vn -0.1239 0.9921 -0.0199
vn 0.1240 0.9921 -0.0199
vn 0.1240 0.9921 -0.0197
vn 0.5910 0.8066 -0.0130
vn 0.9102 0.4141 -0.0038
vn 0.6915 0.3138 -0.6507
vn 0.6915 0.3137 -0.6507
vn 0.9961 0.0882 -0.0001
vn 0.8003 0.0707 -0.5954
vn 0.9064 0.4224 -0.0000
vn 0.9064 0.4223 -0.0000
vn 0.9953 0.0964 -0.0000
vn 0.7046 0.2784 0.6528
vn 0.7046 0.2783 0.6527
vn 0.7853 -0.0185 0.6188
vn 0.4238 0.5799 0.6958
vn 0.7831 -0.0799 0.6168
vn 0.7831 -0.0798 0.6168
vn 0.7827 -0.0367 0.6213
vn 0.7827 -0.0366 0.6213
vn 0.8187 -0.0000 -0.5742
vn -0.9961 0.0882 -0.0001
vn -0.9102 0.4141 -0.0038
vn -0.8003 0.0707 -0.5954
vn -0.6915 0.3138 -0.6507
vn -0.6915 0.3137 -0.6507
vn -0.8187 -0.0000 -0.5742
vn -0.9064 0.4223 -0.0000
vn -0.9064 0.4224 -0.0000
vn -0.9953 0.0964 -0.0000
vn -0.7827 -0.0366 0.6213
vn -0.7831 -0.0799 0.6168
vn -0.7831 -0.0797 0.6168
vn -0.7827 -0.0367 0.6213
vn -0.7853 -0.0185 0.6188
vn -0.7853 -0.0186 0.6188
vn -0.0000 -0.1291 0.9916
vn -0.0000 -0.0593 0.9982
vn -0.0000 -0.0594 0.9982
vn -0.0000 -0.1445 0.9895
vn -0.0000 -0.0795 0.9968
vn -0.7046 0.2783 0.6527
vn -0.7045 0.2784 0.6528
vn -0.0000 -0.0157 0.9999
vn -0.4238 0.5799 0.6958
vn -0.0846 0.7001 0.7090
vn 0.0846 0.7001 0.7090
vn -0.0000 0.0188 0.9998
vn -0.7825 0.0116 0.6226
vn -0.7825 0.0118 0.6225
vn 0.7825 0.0116 0.6226
vn 0.7825 0.0118 0.6225
vn 0.7829 -0.0117 0.6221
vn 0.7829 -0.0116 0.6221
vn -0.0000 0.0712 0.9975
vn 0.7793 -0.0455 0.6250
vn 0.7792 -0.0454 0.6251
vn -0.0000 0.1048 0.9945
vn -0.7829 -0.0115 0.6221
vn -0.7829 -0.0116 0.6221
vn -0.7793 -0.0455 0.6250
vn -0.7793 -0.0454 0.6251
vn -0.7566 -0.1134 0.6440
vn -0.7566 -0.1133 0.6440
vn -0.0000 0.1056 0.9944
vn -0.6632 -0.3385 0.6675
vn -0.0000 0.0752 0.9972
vn 0.7566 -0.1134 0.6440
vn 0.6632 -0.3385 0.6675
vn 0.4521 -0.6063 0.6542
vn -0.0000 0.0225 0.9997
vn -0.0000 -0.7550 0.6557
vn -0.4521 -0.6063 0.6542
vn -0.5822 -0.8130 -0.0000
vn -0.8619 -0.5070 -0.0000
vn -0.0000 -0.7955 -0.6060
vn -0.4806 -0.6616 -0.5755
vn -0.4807 -0.6616 -0.5755
vn -0.7202 -0.4121 -0.5581
vn -0.0000 -0.9831 -0.1833
vn -0.0000 -0.9646 -0.2635
vn -0.6400 -0.7240 -0.2574
vn -0.6730 -0.7208 -0.1657
vn -0.8678 -0.4270 -0.2540
vn -0.8950 -0.4209 -0.1474
vn -0.7119 -0.7020 -0.0174
vn -0.0000 -0.9990 -0.0458
vn -0.9146 -0.4044 -0.0000
vn -0.0000 -0.9987 -0.0508
vn -0.0000 -0.4920 -0.8706
vn -0.0000 0.4920 -0.8706
vn -0.0000 0.9959 -0.0901
vn -0.0000 0.9737 -0.2278
vn -0.0000 0.6895 -0.7242
vn -0.0000 0.6896 -0.7242
vn -0.0000 0.5078 -0.8615
vn 0.9146 -0.4044 -0.0000
vn 0.8950 -0.4209 -0.1474
vn 0.6730 -0.7208 -0.1657
vn 0.7119 -0.7021 -0.0174
vn 0.9509 -0.3094 -0.0000
vn 0.9568 -0.2728 -0.1007
vn 0.8678 -0.4270 -0.2540
vn 0.6399 -0.7239 -0.2579
vn 0.9468 -0.2588 -0.1911
vn 0.7202 -0.4121 -0.5581
vn 0.4806 -0.6616 -0.5755
vn 0.4807 -0.6616 -0.5755
vn 0.8150 -0.1885 -0.5480
vn 0.8151 -0.1882 -0.5480
vn 0.8619 -0.5070 -0.0000
vn 0.5822 -0.8130 -0.0000
vn 0.9717 -0.2363 -0.0000
vn 0.8222 -0.1141 -0.5576
vn 0.9902 -0.1397 -0.0000
vn 0.9903 -0.1391 -0.0000
vn 0.9971 -0.0767 -0.0000
vn 0.9970 -0.0768 -0.0000
vn 0.8163 -0.0580 -0.5748
vn 0.8162 -0.0582 -0.5748
vn 0.9997 -0.0134 -0.0206
vn 0.9974 -0.0605 -0.0390
vn 0.9944 -0.0987 -0.0388
vn 0.8246 0.5657 -0.0000
vn 0.6285 0.7778 -0.0000
vn 0.6286 0.7778 -0.0000
vn 0.4675 -0.0176 0.8838
vn 0.2508 -0.0095 0.9680
vn 0.2507 -0.0094 0.9680
vn -0.9997 -0.0136 -0.0203
vn -0.6258 0.7800 -0.0000
vn -0.8246 0.5657 -0.0000
vn -0.7346 -0.6785 -0.0000
vn -0.5517 -0.8340 -0.0000
vn -0.5517 -0.8341 -0.0000
vn -0.9858 -0.1623 -0.0427
vn -0.9944 -0.0983 -0.0380
vn -0.9912 -0.1322 -0.0108
vn -0.9809 -0.1938 -0.0162
vn -0.9568 -0.2728 -0.1007
vn -0.9509 -0.3094 -0.0000
vn -0.9468 -0.2588 -0.1911
vn -0.8151 -0.1882 -0.5480
vn -0.8223 -0.1141 -0.5576
vn -0.8222 -0.1141 -0.5576
vn -0.8150 -0.1883 -0.5480
vn -0.8163 -0.0581 -0.5747
vn -0.8163 -0.0580 -0.5748
vn -0.9975 -0.0604 -0.0377
vn -0.9970 -0.0768 -0.0000
vn -0.9971 -0.0767 -0.0000
vn -0.9902 -0.1398 -0.0000
vn -0.9902 -0.1397 -0.0000
vn -0.9717 -0.2363 -0.0000
vn -0.1874 -0.0071 0.9823
vn -0.3631 -0.0137 0.9317
vn -0.1875 -0.0071 0.9822
vn -0.5501 -0.8351 -0.0000
vn -0.5502 -0.8351 -0.0000
vn -0.8791 -0.4766 -0.0000
vn -0.5733 0.8194 -0.0000
vn -0.8790 0.4767 -0.0000
vn -0.8791 0.4767 -0.0000
vn 0.5541 -0.8325 -0.0000
vn 0.7346 -0.6785 -0.0000
vn 0.9912 -0.1318 -0.0106
vn 0.9858 -0.1623 -0.0429
vn 0.9810 -0.1933 -0.0161
vn 0.5501 -0.8351 -0.0000
vn 0.8791 -0.4767 -0.0000
vn 0.8790 -0.4767 -0.0000
vn 0.5733 0.8194 -0.0000
vn 0.8790 0.4767 -0.0000
vn 0.8791 0.4767 -0.0000
vn 0.9989 0.0438 -0.0147
vn 0.9990 0.0441 -0.0037
vn 0.9989 0.0437 -0.0147
vn 0.9989 0.0437 -0.0148
vn 0.9395 -0.3425 -0.0099
vn 0.9535 -0.3013 -0.0076
vn 0.6966 -0.7173 -0.0136
vn 0.6968 -0.7172 -0.0139
vn 0.9998 -0.0201 -0.0014
vn 0.9987 -0.0503 -0.0051
vn 1.0000 0.0042 0.0023
vn 1.0000 0.0039 0.0030
vn 1.0000 0.0055 0.0016
vn 1.0000 0.0076 0.0004
vn -0.0000 -0.9997 -0.0227
vn 0.0001 -1.0000 -0.0003
vn -0.0000 -1.0000 -0.0003
vn 0.0001 -0.9997 -0.0228
vn -1.0000 0.0052 0.0015
vn -1.0000 0.0053 0.0014
vn -1.0000 0.0050 0.0021
vn -1.0000 0.0055 0.0018
vn -0.0000 -0.8666 -0.4990
vn -0.0000 -0.4989 -0.8667
vn -0.0000 -0.4989 -0.8666
vn -0.0000 -0.0782 -0.9969
vn 0.0002 -0.0782 -0.9969
vn 0.0008 -0.1344 -0.9909
vn 0.0003 -0.1344 -0.9909
vn 0.0026 -0.7068 -0.7074
vn 0.0025 -0.7070 -0.7072
vn -1.0000 0.0059 0.0015
vn 0.0027 -0.9961 -0.0886
vn 0.0028 -0.9961 -0.0886
vn -0.9953 0.0963 0.0017
vn -0.9998 0.0192 0.0028
vn -0.9959 0.0906 0.0006
vn -0.9022 0.4314 0.0007
vn -0.9078 0.4194 0.0017
vn -0.9189 0.3945 0.0031
vn -0.9912 0.1321 0.0036
vn -0.9999 0.0103 0.0039
vn -0.9999 0.0095 0.0040
vn -0.9998 0.0184 0.0020
vn -0.9998 0.0206 0.0017
vn -0.0351 -0.9984 -0.0453
vn 0.0019 -0.4313 -0.9022
vn 0.0019 -0.4312 -0.9022
vn -0.0371 -0.9993 -0.0005
vn 0.0128 0.0066 -0.9999
vn 0.0126 0.0070 -0.9999
vn 0.0049 0.0175 -0.9998
vn 0.9964 -0.0849 0.0015
vn 0.9998 -0.0218 -0.0024
vn 0.9998 -0.0223 -0.0016
vn 0.8516 -0.5242 -0.0059
vn 0.0073 -0.0116 -0.9999
vn 0.0074 -0.0115 -0.9999
vn 0.6925 -0.7213 -0.0143
vn 0.6891 -0.7245 -0.0129
vn 0.7027 -0.7113 -0.0164
vn -0.0061 -0.0224 -0.9997
vn -0.0060 -0.0224 -0.9997
vn 0.8560 0.2827 -0.4328
vn 0.9161 0.4004 -0.0226
vn 0.9161 0.4004 -0.0225
vn 0.8560 0.2826 -0.4328
vn 0.9160 0.4011 0.0002
vn -0.7842 0.6205 0.0033
vn -0.6156 0.7881 0.0027
vn -0.7842 0.6205 0.0030
vn 0.8768 0.1632 -0.4523
vn -0.3397 0.9405 0.0040
vn -0.2536 0.9671 -0.0224
vn -0.3404 0.9403 0.0043
vn -0.6139 0.7894 0.0027
vn -0.3405 0.9402 0.0043
vn 0.6970 -0.7170 -0.0092
vn 0.9998 -0.0172 -0.0045
vn 0.0005 -0.3812 -0.9245
vn 0.9970 0.0600 0.0488
vn 0.9998 -0.0173 -0.0037
vn 0.9998 -0.0193 -0.0046
vn 0.0023 -0.9990 -0.0449
vn 0.0003 -0.9990 -0.0449
vn -0.9965 0.0626 0.0563
vn 1.0000 0.0050 0.0050
vn 1.0000 0.0051 0.0050
vn 1.0000 0.0049 -0.0000
vn 0.9984 0.0566 -0.0000
vn 0.9984 0.0566 -0.0001
vn 0.7096 0.7046 -0.0000
vn 0.8678 0.4969 -0.0000
vn 0.0446 -0.0517 -0.9977
vn 0.0446 -0.0518 -0.9977
vn 0.0028 -0.0004 -1.0000
vn 0.0018 -0.0003 -1.0000
vn 0.4854 -0.3071 -0.8186
vn 0.4854 -0.3070 -0.8186
vn 0.6951 0.7189 -0.0000
vn -0.7074 -0.7068 0.0007
vn -0.7072 -0.7070 0.0007
vn -0.9993 -0.0384 -0.0003
vn -0.9993 -0.0384 0.0001
vn -1.0000 -0.0079 -0.0000
vn -1.0000 -0.0081 -0.0002
vn -0.0002 -0.0007 1.0000
vn 0.0001 -0.0006 1.0000
vn -0.4969 0.8678 -0.0000
vn -0.2553 0.9668 -0.0000
vn -0.8642 0.5031 -0.0000
vn -1.0000 0.0036 -0.0000
vn -0.8678 -0.4969 -0.0000
vn -0.5031 -0.8642 -0.0000
vn -0.0036 -1.0000 -0.0000
vn 0.4969 -0.8678 -0.0000
vn 0.8642 -0.5031 -0.0000
vn 1.0000 -0.0036 -0.0000
vn -0.0710 -0.9975 0.0008
vn -0.0708 -0.9975 0.0008
vn 0.0845 0.9964 -0.0000
vn 0.0847 0.9964 0.0001
vn -0.1015 0.9948 -0.0000
vn -0.7115 0.7027 -0.0000
vn -0.1019 0.9948 -0.0000
vn -0.7116 0.7026 -0.0000
vn 0.0641 -0.9979 0.0003
vn 0.0640 -0.9979 0.0003
vn 0.7012 -0.7130 0.0004
vn 0.7013 -0.7129 0.0004
vn 0.3732 0.0508 -0.9263
vn 0.3732 0.0508 -0.9264
vn 0.4103 -0.0167 -0.9118
vn 0.4651 -0.0681 -0.8826
vn 0.9994 -0.0353 -0.0003
vn 0.9994 -0.0353 -0.0002
vn 0.1549 0.0243 -0.9876
vn 0.1548 0.0243 -0.9876
vn -0.9987 0.0509 -0.0005
vn -0.9987 0.0508 -0.0001
vn -0.9990 0.0442 0.0036
vn -0.9990 0.0442 -0.0002
vn 0.1173 0.0122 -0.9930
vn -0.0029 -0.0012 -1.0000
vn -0.0029 -0.0011 -1.0000
vn -0.5183 0.8552 -0.0003
vn 0.0065 1.0000 -0.0002
vn 0.2673 0.9636 -0.0000
vn 0.3421 0.9397 -0.0000
vn 0.0062 1.0000 -0.0002
vn 0.9430 0.3328 -0.0000
vn 0.8683 0.4960 -0.0002
vn 0.5026 0.8645 -0.0001
vn 0.0047 1.0000 -0.0004
vn 0.9974 -0.0715 -0.0004
vn 0.9974 -0.0716 -0.0004
vn 0.6928 -0.7212 -0.0005
vn 0.6927 -0.7212 -0.0005
vn 0.9668 0.2553 -0.0000
vn -0.5014 0.8652 -0.0002
vn -0.5020 0.8649 -0.0001
vn -0.4989 0.8666 -0.0005
vn -0.3452 0.6029 -0.7193
vn -0.6004 0.3495 -0.7193
vn 0.0025 0.6947 -0.7193
vn 0.3495 0.6004 -0.7193
vn 0.6029 0.3452 -0.7193
vn 0.6947 -0.0025 -0.7193
vn 0.6004 -0.3495 -0.7193
vn 0.3452 -0.6029 -0.7193
vn -0.0025 -0.6947 -0.7193
vn -0.3495 -0.6004 -0.7193
vn -0.6029 -0.3452 -0.7192
vn -0.6029 -0.3452 -0.7193
vn -0.6947 0.0025 -0.7193
vn 0.5000 0.8660 0.0003
vn -0.0000 1.0000 0.0003
vn -0.5000 0.8660 0.0003
vn -0.8660 0.5000 0.0003
vn -1.0000 -0.0000 0.0003
vn -0.8660 -0.5000 0.0003
vn -0.5000 -0.8660 0.0003
vn 0.5000 -0.8660 0.0003
vn 0.8660 -0.5000 0.0003
vn 1.0000 -0.0000 0.0003
vn 0.8660 0.5000 0.0003
vn -0.9331 0.3560 0.0502
vn -0.9354 0.3520 0.0343
vn -0.9352 0.3533 0.0242
vn -0.9352 0.3532 0.0242
vn -0.0090 0.8935 0.4490
vn 0.1654 0.8877 0.4297
vn 0.0651 -0.0382 0.9971
vn 0.0685 -0.0346 0.9971
vn -0.9312 0.3577 0.0695
vn -0.0605 -0.7282 0.6827
vn 0.0807 -0.7262 0.6827
vn 0.0582 -0.0637 0.9963
vn 0.0522 -0.0532 0.9972
vn -0.4338 -0.5518 0.7123
vn -0.2528 -0.7226 0.6434
vn 0.3314 0.7487 0.5741
vn 0.6368 0.5790 0.5092
vn -0.9283 0.3631 0.0805
vn -0.0515 0.9879 -0.1466
vn 0.1394 0.9796 -0.1445
vn -0.0448 0.9909 0.1271
vn 0.2715 0.9543 0.1247
vn -0.0153 0.8461 0.5327
vn 0.6002 0.7977 -0.0591
vn 0.1842 0.7114 -0.6782
vn 0.3246 0.6973 -0.6390
vn -0.0802 0.7091 -0.7005
vn -0.0923 -0.0140 -0.9956
vn -0.1139 -0.0310 -0.9930
vn -0.0668 -0.0002 -0.9978
vn -0.2960 -0.6520 -0.6981
vn -0.5386 -0.5770 -0.6140
vn -0.0147 -0.7022 -0.7118
vn -0.3435 -0.9392 -0.0015
vn -0.6717 -0.7405 0.0208
vn 0.0395 -0.9991 -0.0184
vn 0.0616 -0.8457 0.5301
vn 0.3758 -0.7265 0.5752
vn 0.4238 -0.9052 -0.0323
vn 0.2570 -0.6398 -0.7243
vn 0.0522 -0.9984 -0.0221
vn -0.1568 -0.9876 -0.0090
vn -0.1791 -0.8130 -0.5541
vn 0.0174 -0.8488 -0.5284
vn 0.4243 -0.9046 -0.0422
vn 0.3422 -0.7916 -0.5062
vn 0.3500 -0.6542 0.6705
vn 0.0734 -0.0263 0.9970
vn 0.0748 -0.0167 0.9971
vn 0.5714 -0.4844 0.6625
vn 0.7378 -0.6728 -0.0551
vn -0.3515 0.8081 0.4726
vn -0.6325 0.5996 0.4904
vn -0.4282 0.8927 -0.1406
vn -0.7369 0.6629 -0.1326
vn -0.4173 0.8972 0.1447
vn -0.3394 0.7769 0.5304
vn -0.7286 0.6673 0.1540
vn -0.6165 0.5828 0.5294
vn -0.3430 0.6389 -0.6886
vn -0.5590 0.4734 -0.6808
vn -0.0586 -0.0052 -0.9983
vn -0.0490 -0.0067 -0.9988
vn 0.4843 -0.4781 -0.7327
vn 0.7378 -0.6737 -0.0423
vn 0.9394 -0.3397 -0.0458
vn 0.6325 -0.2416 -0.7359
vn -0.0396 -0.0044 -0.9992
vn 0.6221 -0.5383 0.5685
vn 0.7784 -0.2711 0.5663
vn 0.6193 -0.5894 -0.5186
vn 0.9391 -0.3385 -0.0597
vn 0.7988 -0.2971 -0.5231
vn 0.7111 -0.2428 0.6598
vn 0.7479 0.0338 0.6630
vn 0.9973 0.0477 -0.0551
vn 0.8537 0.0416 -0.5191
vn 0.0723 -0.0073 0.9974
vn 0.0665 0.0004 0.9978
vn -0.8130 0.3006 0.4987
vn -0.8669 -0.0439 0.4965
vn -0.9340 0.3324 -0.1307
vn -0.9896 -0.0483 -0.1355
vn -0.9287 0.3361 0.1566
vn -0.7972 0.2955 0.5264
vn -0.9872 -0.0464 0.1523
vn -0.8524 -0.0411 0.5213
vn -0.6954 0.2378 -0.6782
vn -0.7313 -0.0321 -0.6813
vn -0.0319 0.0012 -0.9995
vn 0.6791 0.0336 -0.7333
vn 0.6170 0.3055 -0.7252
vn -0.0268 0.0095 -0.9996
vn -0.6614 -0.2951 -0.6895
vn 0.9980 0.0460 -0.0422
vn 0.9047 0.4247 -0.0324
vn 0.8217 0.0353 0.5688
vn 0.7456 0.3356 0.5757
vn 0.9038 0.4258 -0.0422
vn 0.7758 0.3756 -0.5070
vn 0.5605 0.5851 0.5861
vn 0.6737 0.7388 -0.0175
vn 0.6726 0.7396 -0.0229
vn 0.5765 0.6548 -0.4887
vn 0.6761 0.3034 0.6714
vn 0.5067 0.5248 0.6839
vn 0.0583 0.0053 0.9983
vn 0.0487 0.0067 0.9988
vn -0.7865 -0.3831 0.4845
vn -0.5830 -0.6662 0.4651
vn -0.8949 -0.4215 -0.1465
vn -0.6652 -0.7289 -0.1619
vn -0.8953 -0.4223 0.1416
vn -0.7730 -0.3721 0.5138
vn -0.6667 -0.7346 0.1257
vn -0.5718 -0.6465 0.5051
vn -0.4963 -0.5112 -0.7017
vn -0.0254 0.0190 -0.9995
vn -0.0276 0.0284 -0.9992
vn -0.2611 -0.6475 -0.7159
vn -0.3358 -0.9359 0.1068
vn 0.4556 0.5329 -0.7130
vn 0.2195 0.6811 -0.6985
vn 0.3402 0.9404 0.0002
vn 0.2934 0.7456 0.5983
vn -0.0159 0.7918 0.6105
vn -0.0452 0.9988 0.0175
vn -0.0553 0.7275 -0.6839
vn 0.3390 0.9408 -0.0000
vn 0.2848 0.8372 -0.4669
vn -0.0462 0.9987 0.0228
vn -0.0563 0.8938 -0.4449
vn 0.2656 0.6645 0.6985
vn -0.0107 0.7010 0.7130
vn 0.0394 0.0043 0.9992
vn 0.0316 -0.0015 0.9995
vn -0.2863 -0.8501 0.4419
vn 0.0588 -0.9061 0.4191
vn -0.3357 -0.9248 -0.1792
vn 0.0437 -0.9797 -0.1958
vn -0.2813 -0.8221 0.4949
vn 0.0473 -0.9950 0.0875
vn 0.0542 -0.8733 0.4841
vn 0.0085 -0.6833 -0.7301
vn 0.2713 -0.6131 -0.7420
vn 0.4243 -0.9027 0.0708
vn 0.3807 -0.7936 0.4747
vn -0.0332 0.0362 -0.9988
vn -0.0414 0.0412 -0.9983
vn -0.3270 0.6650 -0.6714
vn -0.4236 0.9053 0.0324
vn -0.7376 0.6739 0.0424
vn -0.5543 0.5032 -0.6630
vn -0.0510 0.0428 -0.9978
vn -0.3205 0.7153 0.6209
vn -0.5729 0.5269 0.6278
vn -0.4244 0.9045 0.0422
vn -0.3926 0.8150 -0.4261
vn -0.7379 0.6726 0.0551
vn -0.6736 0.6127 -0.4134
vn -0.2801 0.6289 0.7253
vn -0.5014 0.4592 0.7333
vn 0.0267 -0.0098 0.9996
vn 0.0253 -0.0194 0.9995
vn 0.3994 -0.8248 0.4003
vn 0.6829 -0.6186 0.3887
vn 0.4154 -0.8852 -0.2096
vn 0.7226 -0.6553 -0.2199
vn 0.7375 -0.6727 0.0593
vn 0.6543 -0.5953 0.4663
vn 0.9388 -0.3399 0.0551
vn 0.8323 -0.3082 0.4608
vn 0.9179 -0.3268 -0.2248
vn 0.8651 -0.3204 0.3860
vn 0.4873 -0.4475 -0.7498
vn 0.6237 -0.2119 -0.7524
vn -0.0604 0.0405 -0.9974
vn -0.7025 0.2668 -0.6598
vn -0.7490 -0.0084 -0.6625
vn -0.0682 0.0348 -0.9971
vn 0.6596 0.0579 -0.7493
vn -0.9393 0.3399 0.0460
vn -0.9980 -0.0458 0.0426
vn -0.7333 0.2553 0.6302
vn -0.7765 -0.0572 0.6276
vn -0.9391 0.3383 0.0596
vn -0.8557 0.3172 -0.4088
vn -0.9974 -0.0475 0.0551
vn -0.9104 -0.0253 -0.4130
vn -0.6412 0.2176 0.7359
vn -0.6779 -0.0590 0.7328
vn 0.0277 -0.0287 0.9992
vn 0.0335 -0.0365 0.9988
vn 0.9191 0.0266 0.3931
vn 0.9732 0.0521 -0.2241
vn 0.8798 0.4210 -0.2207
vn 0.8359 0.3637 0.4110
vn 0.0419 -0.0414 0.9983
vn 0.9973 0.0446 0.0586
vn 0.8886 0.0256 0.4580
vn 0.9035 0.4229 0.0693
vn 0.8138 0.3601 0.4562
vn 0.5898 0.3209 -0.7411
vn -0.0733 0.0266 -0.9970
vn -0.0749 0.0220 -0.9969
vn 0.5236 0.4412 -0.7288
vn 0.8048 0.5888 0.0747
vn -0.6869 -0.2803 -0.6705
vn -0.6226 -0.4060 -0.6690
vn -0.9048 -0.4246 0.0327
vn -0.8048 -0.5930 0.0256
vn -0.6958 -0.3617 0.6205
vn -0.6173 -0.4991 0.6081
vn -0.9038 -0.4260 0.0421
vn -0.8294 -0.3622 -0.4254
vn -0.6062 -0.3286 0.7243
vn 0.7531 -0.6563 -0.0453
vn 0.7433 -0.6673 -0.0469
vn 0.7574 -0.6516 -0.0428
vn 0.7355 -0.6758 -0.0491
vn 0.7234 -0.6887 -0.0487
vn 0.7179 -0.6941 -0.0535
vn 0.6773 -0.7326 -0.0678
vn 0.7343 0.5098 0.4482
vn 0.6496 -0.7527 -0.1071
vn 0.0013 0.9583 -0.2856
vn -0.0024 0.9571 -0.2898
vn -0.3682 0.8302 -0.4186
vn 0.0001 0.9999 0.0136
vn -0.3354 0.9419 0.0183
vn -0.3402 0.9403 -0.0019
vn -0.2018 0.9451 0.2570
vn -0.0000 0.9655 0.2605
vn -0.0000 0.9996 0.0278
vn -0.2147 0.9763 0.0264
vn -0.9745 0.2199 -0.0457
vn -0.9801 0.1983 -0.0000
vn -0.9994 0.0025 -0.0355
vn -0.0000 0.9996 -0.0274
vn -0.2230 0.9744 -0.0288
vn -0.0000 0.9835 -0.1810
vn -0.2512 0.9513 -0.1787
vn -0.2230 0.8693 0.4411
vn -0.0000 0.8999 0.4362
vn -0.9881 0.1481 0.0414
vn -0.9951 0.0881 0.0458
vn -0.2914 0.9136 -0.2837
vn -0.5082 0.6619 0.5510
vn -0.9976 0.0535 0.0449
vn -0.9905 0.1273 -0.0519
vn -0.9751 0.2174 -0.0440
vn -0.8353 0.5496 0.0132
vn -0.9966 0.0638 -0.0519
vn -0.8337 0.5519 -0.0203
vn -0.0870 0.8481 0.5227
vn -0.6018 0.5301 0.5974
vn -0.9907 -0.1360 -0.0001
vn -0.9994 0.0175 0.0310
vn -0.9950 -0.0993 0.0143
vn -0.9984 0.0346 0.0454
vn -0.7117 0.3208 0.6250
vn -0.9991 0.0182 0.0373
vn -0.7301 0.4041 0.5511
vn -0.9846 0.1708 0.0371
vn -0.1500 0.9878 0.0425
vn -0.1541 0.9880 0.0086
vn -0.9786 0.2043 0.0255
vn -0.9831 0.1830 -0.0024
vn -0.9885 0.0849 0.1255
vn -0.9611 0.2682 0.0661
vn -0.9631 0.2391 0.1238
vn -0.0947 0.9852 0.1427
vn -0.6386 -0.7696 -0.0000
vn -0.6451 -0.7621 0.0554
vn -0.6499 -0.7601 -0.0000
vn -0.6499 -0.7601 -0.0001
vn -0.9989 0.0479 0.0001
vn -0.6791 0.7341 -0.0000
vn -0.6791 0.7341 0.0001
vn -0.9989 0.0479 -0.0000
vn -0.6257 0.7801 -0.0000
vn -0.9986 -0.0537 -0.0000
vn -0.1713 0.0194 0.9850
vn -0.0129 0.1156 0.9932
vn -0.1521 0.9883 -0.0133
vn -0.9884 0.1515 -0.0025
vn -0.9987 0.0246 -0.0449
vn -0.7686 0.3553 -0.5320
vn -0.9987 0.0019 -0.0501
vn -0.8013 0.0274 -0.5976
vn -0.1591 0.9207 -0.3563
vn -0.9821 0.1720 -0.0768
vn -0.0542 0.4986 -0.8652
vn -0.5615 -0.2205 -0.7976
vn -0.0000 0.8658 0.5004
vn -0.6263 -0.7791 -0.0263
vn -0.9879 -0.1519 -0.0316
vn -0.9884 -0.1518 -0.0000
vn -0.6269 -0.7791 -0.0000
vn -0.2769 0.9609 -0.0000
vn -0.2771 0.9602 -0.0354
vn -0.7700 -0.0719 -0.6340
vn -0.4317 -0.5467 -0.7174
vn -0.6265 0.7754 -0.0789
vn -0.6769 0.7317 -0.0800
vn -0.6788 0.7343 -0.0000
vn -0.6283 0.7780 -0.0000
vn -0.4025 -0.4854 -0.7761
vn -0.9971 0.0440 -0.0613
vn -0.9968 -0.0542 -0.0589
vn -0.9986 -0.0534 -0.0000
vn -0.9990 0.0446 -0.0001
vn -0.3789 0.9218 -0.0814
vn -0.5413 0.8371 -0.0788
vn -0.5446 0.8387 -0.0000
vn -0.3800 0.9250 -0.0000
vn -0.5445 0.8388 -0.0000
vn -0.3799 0.9250 -0.0000
vn -0.2011 0.9796 -0.0000
vn -0.2006 0.9797 -0.0000
vn -0.6468 -0.7621 -0.0288
vn -0.6473 -0.7622 -0.0000
vn -0.0387 0.1137 -0.9928
vn -0.2004 0.9760 -0.0853
vn -0.2015 0.9795 -0.0000
vn -0.0000 0.9961 -0.0881
vn 0.2015 0.9795 -0.0000
vn 0.2004 0.9760 -0.0853
vn 0.3354 0.9419 0.0183
vn -0.0007 0.9999 0.0136
vn 0.3402 0.9403 -0.0025
vn 0.2018 0.9451 0.2570
vn 0.2147 0.9763 0.0264
vn 0.9801 0.1983 -0.0000
vn 0.9739 0.2204 -0.0540
vn 0.9994 0.0025 -0.0355
vn 0.2230 0.9744 -0.0288
vn 0.5615 -0.2205 -0.7975
vn 0.7927 -0.1128 -0.5991
vn 0.8013 0.0274 -0.5977
vn 0.2512 0.9513 -0.1787
vn 0.2230 0.8693 0.4411
vn 0.9881 0.1479 0.0418
vn 0.9951 0.0881 0.0458
vn -0.0000 0.9544 -0.2984
vn 0.2697 0.9186 -0.2888
vn 0.5082 0.6619 0.5510
vn 0.9976 0.0535 0.0449
vn 0.9918 0.1214 -0.0389
vn 0.9751 0.2174 -0.0440
vn 0.8353 0.5496 0.0133
vn 0.9981 0.0475 -0.0402
vn 0.3684 0.8301 -0.4186
vn 0.8337 0.5519 -0.0203
vn 0.0130 0.9397 -0.3418
vn 0.0870 0.8481 0.5227
vn 0.6018 0.5301 0.5974
vn 0.9994 0.0176 0.0310
vn 0.9907 -0.1360 -0.0000
vn 0.9950 -0.0990 0.0143
vn 0.9984 0.0346 0.0455
vn 0.7117 0.3208 0.6250
vn 0.9991 0.0181 0.0373
vn 0.7301 0.4041 0.5511
vn 0.9846 0.1708 0.0372
vn 0.1501 0.9878 0.0425
vn 0.1542 0.9880 0.0086
vn 0.9831 0.1831 -0.0017
vn 0.9786 0.2043 0.0255
vn 0.9611 0.2682 0.0661
vn 0.9885 0.0849 0.1255
vn 0.9631 0.2390 0.1238
vn 0.0947 0.9852 0.1428
vn 0.6386 -0.7696 0.0001
vn 0.6451 -0.7621 0.0554
vn 0.6499 -0.7601 0.0001
vn 0.6499 -0.7601 -0.0000
vn 0.6791 0.7341 -0.0000
vn 0.6791 0.7341 -0.0001
vn 0.9989 0.0479 -0.0000
vn 0.9989 0.0479 -0.0001
vn 0.6257 0.7801 -0.0000
vn 0.9986 -0.0537 -0.0000
vn 0.1713 0.0194 0.9850
vn 0.0129 0.1156 0.9932
vn 0.1521 0.9883 -0.0134
vn 0.9884 0.1515 -0.0024
vn 0.9989 0.0165 -0.0431
vn 0.7706 0.2972 -0.5638
vn 0.9994 0.0022 -0.0338
vn 0.1591 0.9207 -0.3563
vn 0.9821 0.1720 -0.0768
vn 0.0542 0.4985 -0.8652
vn 0.9884 -0.1518 -0.0000
vn 0.9879 -0.1519 -0.0315
vn 0.6264 -0.7791 -0.0263
vn 0.6269 -0.7791 -0.0000
vn 0.2769 0.9609 0.0001
vn 0.2748 0.9607 -0.0403
vn 0.4319 -0.5468 -0.7173
vn 0.6788 0.7343 -0.0000
vn 0.6768 0.7318 -0.0799
vn 0.6253 0.7764 -0.0788
vn 0.6283 0.7780 -0.0000
vn 0.4025 -0.4854 -0.7761
vn 0.9986 -0.0534 -0.0001
vn 0.9968 -0.0543 -0.0589
vn 0.9971 0.0439 -0.0613
vn 0.9990 0.0446 -0.0000
vn 0.5446 0.8387 -0.0000
vn 0.5431 0.8360 -0.0787
vn 0.3781 0.9222 -0.0815
vn 0.3800 0.9250 -0.0000
vn 0.5445 0.8388 -0.0000
vn 0.3799 0.9250 -0.0000
vn 0.2009 0.9796 -0.0000
vn 0.2006 0.9797 -0.0000
vn 0.6473 -0.7617 -0.0282
vn 0.6473 -0.7622 -0.0000
vn 0.0386 0.1136 -0.9928
vn 0.0042 0.9998 -0.0204
vn -0.0138 -0.0181 0.9997
vn -0.0005 0.0033 1.0000
vn 0.0138 -0.0181 0.9997
vn 0.0005 0.0033 1.0000
vn -0.0000 -0.4333 -0.9012
vn -0.0000 -0.7198 -0.6941
vn -0.0000 -0.0160 0.9999
vn -0.0000 -0.0143 0.9999
vn -0.0000 -0.0055 1.0000
vn -0.0012 0.9997 -0.0246
vn -0.0566 0.0886 -0.9945
vn -0.0419 0.0531 -0.9977
vn -0.0376 0.0427 -0.9984
vn -0.0336 0.0033 -0.9994
vn -0.0699 0.1704 -0.9829
vn -0.0712 0.3833 -0.9209
vn -0.0000 0.6450 -0.7642
vn 0.0566 0.0886 -0.9945
vn 0.0419 0.0531 -0.9977
vn 0.0374 0.0425 -0.9984
vn 0.0336 0.0033 -0.9994
vn 0.0699 0.1704 -0.9829
vn 0.0712 0.3833 -0.9209
vn 0.3827 0.9239 -0.0000
vn -0.3827 0.9239 -0.0000
vn 0.3827 -0.9239 -0.0000
vn -0.3827 -0.9239 -0.0000
vn 0.0182 0.0435 0.9989
vn 0.1528 0.3688 0.9169
vn -0.0000 0.3992 0.9169
vn -0.0000 0.0472 0.9989
vn -0.1528 0.3688 0.9169
vn -0.0181 0.0436 0.9989
vn 0.0334 0.0333 0.9989
vn 0.2823 0.2823 0.9169
vn 0.0436 0.0181 0.9989
vn -0.0334 0.0334 0.9989
vn -0.0436 0.0180 0.9989
vn -0.0472 -0.0000 0.9989
vn -0.0436 -0.0181 0.9989
vn -0.0334 -0.0334 0.9989
vn -0.0180 -0.0436 0.9989
vn -0.0000 -0.0472 0.9989
vn 0.0180 -0.0436 0.9989
vn 0.0334 -0.0334 0.9989
vn 0.0436 -0.0180 0.9989
vn 0.0472 -0.0000 0.9989
vn 0.3688 0.1528 0.9169
vn 0.3992 -0.0000 0.9169
vn 0.3688 -0.1528 0.9169
vn 0.2823 -0.2823 0.9169
vn 0.1528 -0.3688 0.9169
vn -0.0000 -0.3992 0.9169
vn -0.1528 -0.3688 0.9169
vn -0.2823 -0.2823 0.9169
vn -0.3688 -0.1528 0.9169
vn -0.3992 -0.0000 0.9169
vn -0.3688 0.1528 0.9169
vn -0.2823 0.2823 0.9169
vn 0.9239 -0.3827 -0.0000
vn -0.9239 0.3827 -0.0000
vn -0.8946 0.3706 -0.2498
vn -0.6847 0.6847 -0.2498
vn -0.3705 0.8946 -0.2498
vn -0.3706 0.8946 -0.2498
vn -0.9087 0.3764 0.1807
vn -0.6955 0.6955 0.1807
vn -0.3764 0.9087 0.1807
vn -0.9835 -0.0000 0.1807
vn -0.9087 -0.3764 0.1807
vn -0.6955 -0.6955 0.1807
vn -0.3764 -0.9087 0.1807
vn -0.0000 -0.9835 0.1807
vn 0.3764 -0.9087 0.1807
vn 0.6955 -0.6955 0.1807
vn 0.9087 -0.3764 0.1807
vn 0.9835 -0.0000 0.1807
vn 0.9087 0.3764 0.1807
vn 0.6955 0.6955 0.1807
vn 0.3764 0.9087 0.1807
vn -0.0000 0.9835 0.1807
vn -0.0000 0.0804 -0.9968
vn -0.0308 0.0742 -0.9968
vn -0.2048 0.4945 -0.8447
vn -0.0000 0.5353 -0.8447
vn 0.0308 0.0743 -0.9968
vn 0.2048 0.4945 -0.8447
vn -0.0570 0.0567 -0.9968
vn -0.3785 0.3785 -0.8447
vn -0.0743 0.0307 -0.9968
vn -0.4945 0.2048 -0.8447
vn -0.9239 -0.3827 -0.0000
vn 0.9239 0.3827 -0.0000
vn -0.0804 -0.0001 -0.9968
vn -0.5353 -0.0000 -0.8447
vn -0.0742 -0.0308 -0.9968
vn -0.4945 -0.2048 -0.8447
vn -0.0568 -0.0569 -0.9968
vn -0.3785 -0.3785 -0.8447
vn -0.0307 -0.0743 -0.9968
vn -0.2048 -0.4945 -0.8447
vn 0.0001 -0.0804 -0.9968
vn -0.0000 -0.5353 -0.8447
vn 0.0309 -0.0742 -0.9968
vn 0.2048 -0.4945 -0.8447
vn 0.0569 -0.0568 -0.9968
vn 0.3785 -0.3785 -0.8447
vn 0.0743 -0.0307 -0.9968
vn 0.4945 -0.2048 -0.8447
vn 0.0804 0.0001 -0.9968
vn 0.5353 -0.0000 -0.8447
vn 0.0742 0.0308 -0.9968
vn 0.4945 0.2048 -0.8447
vn 0.0568 0.0569 -0.9968
vn 0.3785 0.3785 -0.8447
vn -0.0000 0.9683 -0.2498
vn 0.3706 0.8946 -0.2498
vn 0.6847 0.6847 -0.2498
vn 0.8946 0.3705 -0.2498
vn 0.8946 0.3706 -0.2498
vn 0.9683 -0.0000 -0.2498
vn 0.8946 -0.3706 -0.2498
vn 0.6847 -0.6847 -0.2498
vn 0.3705 -0.8946 -0.2498
vn 0.3706 -0.8946 -0.2498
vn -0.0000 -0.9683 -0.2498
vn -0.3706 -0.8946 -0.2498
vn -0.6847 -0.6847 -0.2498
vn -0.8946 -0.3705 -0.2498
vn -0.8946 -0.3706 -0.2498
vn -0.9683 -0.0000 -0.2498
vn 0.6867 -0.2388 -0.6867
vn 0.0075 -0.0037 -1.0000
vn 0.0128 -0.0001 -0.9999
vn 0.6867 0.2388 -0.6867
vn 0.8405 -0.0000 -0.5418
vn 0.0075 0.0037 -1.0000
vn -0.0044 0.0107 -0.9999
vn -0.0000 0.0115 -0.9999
vn 0.0044 0.0107 -0.9999
vn 0.0081 0.0081 -0.9999
vn 0.0081 -0.0081 -0.9999
vn 0.0034 -0.0112 -0.9999
vn -0.0000 -0.0115 -0.9999
vn -0.0044 -0.0107 -0.9999
vn -0.0081 -0.0081 -0.9999
vn -0.0075 -0.0037 -1.0000
vn -0.0128 -0.0000 -0.9999
vn -0.0075 0.0037 -1.0000
vn -0.0081 0.0081 -0.9999
vn 0.4872 -0.6504 -0.5827
vn 0.3002 -0.7731 -0.5588
vn -0.0000 -0.8822 -0.4709
vn -0.3002 -0.7731 -0.5588
vn -0.4872 -0.6504 -0.5827
vn -0.6867 -0.2388 -0.6867
vn -0.6867 0.2388 -0.6867
vn -0.8405 -0.0000 -0.5418
vn -0.9093 -0.1848 -0.3727
vn -0.5827 -0.6505 -0.4872
vn -0.8932 -0.3182 -0.3176
vn -0.5588 -0.7731 -0.3002
vn -0.8778 -0.4426 -0.1831
vn -0.4044 -0.8216 -0.4019
vn -0.4019 -0.8216 -0.4044
vn -0.2249 -0.9675 -0.1153
vn -0.4708 -0.8822 0.0002
vn -0.2254 -0.9674 0.1156
vn -0.8779 -0.4425 0.1831
vn -0.8754 -0.4835 0.0001
vn -0.5588 -0.7731 0.3002
vn -0.4044 -0.8216 0.4019
vn -0.8933 -0.3181 0.3176
vn -0.5827 -0.6504 0.4872
vn -0.4872 -0.6505 0.5827
vn -0.4019 -0.8216 0.4044
vn -0.1153 -0.9675 0.2248
vn -0.0000 -0.8823 0.4707
vn -0.3002 -0.7731 0.5588
vn -0.0081 -0.0081 0.9999
vn -0.0075 -0.0037 1.0000
vn -0.6867 -0.2388 0.6867
vn -0.0044 -0.0108 0.9999
vn 0.0081 0.0081 0.9999
vn 0.0044 0.0108 0.9999
vn -0.0000 0.0115 0.9999
vn -0.0044 0.0107 0.9999
vn -0.0080 0.0081 0.9999
vn -0.0075 0.0037 1.0000
vn -0.0128 -0.0000 0.9999
vn -0.0000 -0.0115 0.9999
vn 0.0044 -0.0107 0.9999
vn 0.0081 -0.0081 0.9999
vn 0.0075 -0.0037 1.0000
vn 0.0128 -0.0001 0.9999
vn 0.0075 0.0037 1.0000
vn -0.6867 0.2388 0.6867
vn -0.8405 -0.0000 0.5418
vn -0.4958 0.6107 0.6174
vn -0.2872 0.6933 0.6609
vn -0.0000 0.7702 0.6378
vn 0.2871 0.6933 0.6609
vn 0.4958 0.6107 0.6174
vn 0.6866 0.2388 0.6867
vn 0.6866 -0.2388 0.6867
vn 0.8405 -0.0000 0.5418
vn 0.9093 0.1849 0.3728
vn 0.8933 0.3181 0.3176
vn 0.6163 0.6109 0.4970
vn 0.8778 0.4427 0.1830
vn 0.6605 0.6930 0.2889
vn 0.4894 0.7781 0.3937
vn 0.3913 0.7787 0.4905
vn 0.2333 0.9061 0.3528
vn 0.3506 0.9061 0.2366
vn 0.4731 0.8729 0.1195
vn 0.4145 0.9061 0.0845
vn 0.6368 0.7710 0.0017
vn 0.0824 0.9062 0.4148
vn 0.1174 0.8728 0.4737
vn -0.0824 0.9062 0.4148
vn -0.1174 0.8728 0.4737
vn -0.2333 0.9061 0.3528
vn -0.3913 0.7787 0.4904
vn -0.4894 0.7781 0.3937
vn -0.3506 0.9061 0.2366
vn -0.6163 0.6109 0.4970
vn -0.4144 0.9061 0.0851
vn -0.4731 0.8729 0.1195
vn -0.6368 0.7710 0.0017
vn -0.6605 0.6930 0.2889
vn -0.8778 0.4428 0.1830
vn -0.8933 0.3181 0.3176
vn -0.9093 0.1849 0.3728
vn -0.0000 0.3879 0.9217
vn -0.0000 0.7069 0.7073
vn -0.0000 0.7070 0.7072
vn -0.0000 0.3888 0.9213
vn -0.0000 0.9240 0.3825
vn 1.0000 0.0020 -0.0022
vn 1.0000 0.0025 -0.0014
vn 1.0000 0.0007 0.0003
vn -0.0000 0.3889 0.9213
vn -0.0000 0.7068 0.7074
vn -0.0000 0.7074 0.7068
vn -0.0000 0.3885 0.9214
vn -0.3579 0.3614 0.8610
vn -0.3583 0.6590 0.6613
vn -0.3584 0.6595 0.6607
vn -0.3582 0.3616 0.8608
vn -0.3583 0.8626 0.3571
vn -0.3588 -0.0000 0.9334
vn -0.3587 0.0001 0.9334
vn -0.0000 -0.3885 0.9215
vn -0.0000 -0.3885 0.9214
vn -0.3578 -0.3620 0.8608
vn -0.3578 -0.3618 0.8609
vn -0.0000 -0.7068 0.7074
vn -0.3584 -0.6590 0.6613
vn -0.3583 -0.6595 0.6608
vn -0.0000 -0.9240 0.3825
vn -0.3583 -0.8626 0.3571
vn -0.3583 -0.9336 -0.0000
vn -0.0000 -0.9240 -0.3825
vn -0.3583 -0.8626 -0.3571
vn -0.0000 -0.7074 -0.7068
vn -0.3583 -0.6590 -0.6613
vn -0.3585 -0.6592 -0.6610
vn -0.0000 -0.3886 -0.9214
vn -0.0000 -0.3885 -0.9214
vn -0.3579 -0.3617 -0.8609
vn -0.3579 -0.3617 -0.8608
vn -0.3588 -0.0000 -0.9334
vn -0.0000 0.3888 -0.9213
vn -0.0000 0.3885 -0.9214
vn -0.3582 0.3612 -0.8610
vn -0.3582 0.3618 -0.8607
vn -0.0000 0.7068 -0.7074
vn -0.0000 0.7074 -0.7068
vn -0.3584 0.6590 -0.6613
vn -0.3583 0.6595 -0.6608
vn -0.0000 0.9240 -0.3825
vn -0.3583 0.8626 -0.3571
vn -0.3583 0.9336 -0.0000
vn 0.3583 0.9336 -0.0000
vn 0.3583 0.8626 -0.3571
vn 0.3583 0.8626 0.3571
vn 0.3583 0.6607 0.6596
vn 0.3583 0.6609 0.6594
vn -0.0000 0.3878 0.9217
vn 0.3583 0.3633 0.8600
vn 0.3582 0.3639 0.8598
vn 0.3588 -0.0000 0.9334
vn 0.3589 -0.0000 0.9334
vn -0.0000 -0.3883 0.9215
vn 0.3580 -0.3641 0.8598
vn 0.3583 -0.3638 0.8598
vn 0.3583 -0.6607 0.6596
vn 0.3583 -0.6612 0.6591
vn 0.3583 -0.8626 0.3571
vn 0.3583 -0.9336 -0.0000
vn 0.3583 -0.8626 -0.3571
vn 0.3583 -0.6609 -0.6594
vn 0.3583 -0.6612 -0.6591
vn -0.0000 -0.3884 -0.9215
vn 0.3583 -0.3633 -0.8600
vn 0.3582 -0.3639 -0.8598
vn 0.3588 -0.0000 -0.9334
vn 0.3584 0.0001 -0.9336
vn -0.0000 0.3878 -0.9217
vn 0.3580 0.3636 -0.8600
vn 0.3583 0.3638 -0.8598
vn -0.0000 0.7070 -0.7072
vn 0.3583 0.6607 -0.6596
vn 0.3583 0.6610 -0.6593
vn 1.0000 0.0008 -0.0000
vn 1.0000 0.0007 -0.0003
vn -0.8751 0.4839 0.0001
vn -0.8778 0.4428 -0.1828
vn -0.6609 0.6933 -0.2871
vn -0.8932 0.3183 -0.3176
vn -0.6174 0.6107 -0.4958
vn -0.0000 0.7069 -0.7073
vn -0.9093 0.1849 -0.3727
vn -0.0000 0.3879 -0.9217
vn -0.0000 0.3885 -0.9215
vn 1.0000 0.0025 0.0014
vn 1.0000 0.0020 0.0022
vn 1.0000 -0.0000 0.0013
vn -0.0000 -0.3879 -0.9217
vn -0.0000 -0.3885 -0.9215
vn 1.0000 -0.0020 0.0022
vn 1.0000 -0.0025 0.0014
vn 1.0000 -0.0007 -0.0003
vn 1.0000 -0.0008 -0.0000
vn 1.0000 -0.0007 0.0003
vn 1.0000 -0.0025 -0.0014
vn 1.0000 -0.0020 -0.0022
vn -0.0000 -0.3879 0.9217
vn -0.0000 -0.3888 0.9213
vn -0.9093 -0.1850 0.3728
vn 1.0000 -0.0000 -0.0013
vn -0.4970 0.6109 -0.6163
vn -0.2889 0.6930 -0.6605
vn -0.0000 0.7718 -0.6359
vn 0.2889 0.6930 -0.6605
vn 0.4970 0.6109 -0.6163
vn 0.3936 0.7782 -0.4894
vn 0.6174 0.6107 -0.4958
vn 0.4905 0.7787 -0.3913
vn 0.6609 0.6933 -0.2872
vn 0.8777 0.4428 -0.1830
vn 0.8932 0.3182 -0.3176
vn 0.9093 0.1849 -0.3727
vn 0.3534 0.9061 -0.2325
vn 0.4154 0.9061 -0.0798
vn 0.4730 0.8734 -0.1155
vn 0.2366 0.9061 -0.3506
vn 0.8751 0.4839 0.0001
vn -1.0000 0.0007 -0.0003
vn -1.0000 0.0008 -0.0000
vn -1.0000 0.0007 0.0003
vn -0.0000 0.7071 -0.7072
vn 0.3585 0.6589 -0.6613
vn 0.3584 0.6590 -0.6613
vn -0.0000 0.3886 -0.9214
vn 0.3582 0.3618 -0.8607
vn 0.3580 0.3616 -0.8609
vn -0.0000 -0.3882 -0.9216
vn 0.3579 -0.3617 -0.8608
vn 0.3579 -0.3611 -0.8611
vn 0.3584 -0.6592 -0.6610
vn 0.3583 -0.6590 -0.6613
vn -0.0000 -0.7074 0.7068
vn 0.3585 -0.6588 0.6615
vn 0.3584 -0.6590 0.6613
vn -0.0000 -0.3886 0.9214
vn 0.3583 -0.3618 0.8607
vn 0.3578 -0.3618 0.8608
vn 0.3584 0.0001 0.9336
vn 0.3582 0.3616 0.8608
vn 0.3579 0.3616 0.8609
vn 0.3585 0.6589 0.6613
vn 0.3583 0.6590 0.6613
vn -0.3583 0.6612 0.6591
vn -0.3583 0.6607 0.6596
vn -0.3583 0.3633 0.8600
vn -0.3582 0.3639 0.8598
vn -0.0000 0.7071 0.7071
vn -0.3583 0.6612 -0.6591
vn -0.3583 0.6607 -0.6596
vn -0.3583 0.3638 -0.8598
vn -0.3580 0.3638 -0.8599
vn -0.0000 -0.3887 -0.9214
vn -0.3582 -0.3639 -0.8598
vn -0.3580 -0.3639 -0.8599
vn -0.3583 -0.6607 -0.6596
vn -0.3583 -0.6610 -0.6593
vn -0.3583 -0.6612 0.6591
vn -0.3583 -0.6607 0.6596
vn -0.3583 -0.3638 0.8598
vn -0.3582 -0.3632 0.8601
vn -0.3587 -0.0000 0.9334
vn -1.0000 0.0025 -0.0014
vn -1.0000 0.0020 -0.0022
vn -0.0000 0.7073 0.7069
vn -0.0000 0.3885 0.9215
vn -1.0000 -0.0000 -0.0013
vn -1.0000 -0.0020 -0.0022
vn -0.0000 -0.3884 0.9215
vn -1.0000 -0.0025 -0.0014
vn -0.0000 -0.7073 0.7069
vn 0.9093 -0.1849 0.3728
vn 0.5827 -0.6504 0.4872
vn 0.8933 -0.3181 0.3176
vn 0.5588 -0.7731 0.3002
vn 0.8779 -0.4426 0.1829
vn 0.4708 -0.8822 0.0002
vn 0.8754 -0.4835 0.0001
vn -1.0000 -0.0007 0.0003
vn -1.0000 -0.0008 -0.0000
vn -1.0000 -0.0007 -0.0003
vn -1.0000 -0.0025 0.0014
vn -0.0000 -0.7066 -0.7076
vn 0.5588 -0.7731 -0.3002
vn 0.8778 -0.4428 -0.1825
vn 0.5826 -0.6505 -0.4872
vn 0.8932 -0.3182 -0.3176
vn 0.9093 -0.1848 -0.3727
vn -1.0000 -0.0020 0.0022
vn -1.0000 -0.0000 0.0013
vn -1.0000 0.0020 0.0022
vn -1.0000 0.0025 0.0014
vn -0.0000 0.7067 -0.7075
vn 0.4044 -0.8216 -0.4019
vn 0.4019 -0.8216 -0.4044
vn 0.2249 -0.9675 -0.1153
vn 0.2254 -0.9674 0.1156
vn 0.4044 -0.8216 0.4019
vn 0.4872 -0.6505 0.5826
vn 0.4019 -0.8216 0.4044
vn 0.3002 -0.7731 0.5588
vn 0.1153 -0.9675 0.2248
vn 0.1156 -0.9674 -0.2254
vn -0.1156 -0.9674 -0.2254
vn 0.9798 -0.0000 0.1999
vn 0.9817 -0.0000 -0.1902
vn 0.8342 -0.0000 -0.5514
vn 0.8342 -0.0000 -0.5515
vn 0.9783 -0.0545 0.1997
vn 0.9784 -0.0544 0.1997
vn 0.9803 -0.0545 -0.1899
vn 0.9803 -0.0546 -0.1899
vn 0.8330 -0.0546 -0.5506
vn 0.8330 -0.0547 -0.5506
vn 0.7769 0.6114 -0.1504
vn 0.7768 0.6114 -0.1507
vn 0.6598 0.6118 -0.4363
vn 0.6599 0.6118 -0.4361
vn 0.7756 0.6110 0.1584
vn 0.7757 0.6110 0.1581
vn 0.5595 -0.0547 -0.8270
vn 0.5590 -0.0547 -0.8274
vn 0.4426 0.6120 -0.6554
vn 0.4428 0.6120 -0.6553
vn 0.1945 -0.0548 -0.9794
vn 0.1944 -0.0547 -0.9794
vn 0.1539 0.6122 -0.7756
vn 0.1541 0.6122 -0.7755
vn -0.1946 -0.0547 -0.9794
vn -0.1944 -0.0548 -0.9794
vn -0.1538 0.6122 -0.7756
vn -0.1541 0.6122 -0.7755
vn -0.5593 -0.0547 -0.8271
vn -0.5590 -0.0547 -0.8274
vn -0.4427 0.6120 -0.6553
vn -0.4428 0.6120 -0.6552
vn -0.8330 -0.0547 -0.5506
vn -0.8330 -0.0546 -0.5506
vn -0.6598 0.6118 -0.4363
vn -0.6597 0.6118 -0.4365
vn -0.9803 -0.0546 -0.1899
vn -0.9803 -0.0545 -0.1899
vn -0.7768 0.6114 -0.1507
vn -0.7769 0.6114 -0.1504
vn -0.9783 -0.0545 0.1997
vn -0.9783 -0.0544 0.1997
vn -0.7756 0.6110 0.1581
vn -0.7756 0.6110 0.1584
vn -0.8275 -0.0544 0.5589
vn -0.8275 -0.0543 0.5589
vn -0.6563 0.6107 0.4431
vn -0.6562 0.6107 0.4433
vn -0.5505 -0.0543 0.8331
vn -0.4368 0.6104 0.6608
vn -0.4366 0.6104 0.6609
vn -0.1951 -0.0543 0.9793
vn -0.1952 -0.0543 0.9793
vn -0.1549 0.6102 0.7769
vn 0.1951 -0.0543 0.9793
vn 0.1952 -0.0543 0.9793
vn 0.1549 0.6102 0.7769
vn 0.1548 0.6102 0.7769
vn 0.5505 -0.0543 0.8331
vn 0.5500 -0.0543 0.8334
vn 0.4368 0.6104 0.6608
vn 0.4366 0.6104 0.6609
vn 0.8275 -0.0543 0.5589
vn 0.8274 -0.0544 0.5589
vn 0.6563 0.6107 0.4431
vn 0.6562 0.6107 0.4433
vn 0.4368 -0.6104 0.6608
vn 0.4366 -0.6104 0.6609
vn 0.6562 -0.6107 0.4433
vn 0.6563 -0.6107 0.4431
vn 0.7756 -0.6110 0.1584
vn 0.7756 -0.6111 0.1581
vn 0.7768 -0.6114 -0.1508
vn 0.7768 -0.6114 -0.1507
vn 0.8273 0.0571 0.5588
vn 0.9782 0.0572 0.1997
vn 0.9782 0.0572 0.1996
vn 0.9801 0.0573 -0.1899
vn 0.8329 0.0574 -0.5505
vn 0.8328 0.0574 -0.5505
vn 0.6599 -0.6118 -0.4361
vn 0.6598 -0.6118 -0.4363
vn 0.5596 0.0574 -0.8268
vn 0.5589 0.0575 -0.8273
vn 0.4428 -0.6120 -0.6552
vn 0.4427 -0.6120 -0.6553
vn 0.1944 0.0575 -0.9792
vn 0.1947 0.0575 -0.9792
vn 0.1540 -0.6122 -0.7755
vn 0.1541 -0.6122 -0.7755
vn -0.1946 0.0575 -0.9792
vn -0.1947 0.0575 -0.9792
vn -0.1539 -0.6122 -0.7756
vn -0.1542 -0.6122 -0.7755
vn -0.5589 0.0575 -0.8272
vn -0.5589 0.0575 -0.8273
vn -0.4428 -0.6120 -0.6553
vn -0.4426 -0.6120 -0.6554
vn -0.8329 0.0574 -0.5505
vn -0.8328 0.0574 -0.5505
vn -0.6599 -0.6118 -0.4361
vn -0.6598 -0.6118 -0.4363
vn -0.9801 0.0573 -0.1898
vn -0.9801 0.0573 -0.1899
vn -0.7767 -0.6114 -0.1511
vn -0.7768 -0.6114 -0.1507
vn -0.9782 0.0572 0.1997
vn -0.9782 0.0572 0.1996
vn -0.7757 -0.6111 0.1580
vn -0.7756 -0.6110 0.1581
vn -0.8273 0.0571 0.5588
vn -0.8274 0.0571 0.5588
vn -0.6562 -0.6107 0.4433
vn -0.6563 -0.6107 0.4431
vn -0.5504 0.0570 0.8329
vn -0.4366 -0.6104 0.6609
vn -0.4368 -0.6104 0.6608
vn -0.1950 0.0570 0.9791
vn -0.1951 0.0570 0.9791
vn -0.1548 -0.6102 0.7770
vn -0.1546 -0.6102 0.7770
vn 0.1950 0.0570 0.9791
vn 0.1548 -0.6102 0.7769
vn 0.1546 -0.6102 0.7770
vn 0.5504 0.0570 0.8329
vn 0.8287 -0.0000 0.5597
vn 0.5515 -0.0000 0.8342
vn 0.5514 -0.0000 0.8342
vn 0.1951 -0.0000 0.9808
vn -0.1951 -0.0000 0.9808
vn -0.5514 -0.0000 0.8342
vn -0.5515 -0.0000 0.8342
vn -0.8287 -0.0000 0.5597
vn -0.9798 -0.0000 0.1999
vn -0.9817 -0.0000 -0.1902
vn -0.4154 0.9061 -0.0797
vn -0.4730 0.8734 -0.1155
vn -0.3528 0.9061 -0.2333
vn -0.4904 0.7787 -0.3913
vn -0.8342 -0.0000 -0.5514
vn -0.8342 -0.0000 -0.5515
vn -0.3936 0.7782 -0.4894
vn -0.2366 0.9061 -0.3506
vn -0.5597 -0.0000 -0.8287
vn -0.1952 -0.0000 -0.9808
vn 0.1952 -0.0000 -0.9808
vn 0.5597 -0.0000 -0.8287
vn 0.0826 0.9061 -0.4150
vn 0.1176 0.8735 -0.4725
vn -0.1176 0.8734 -0.4725
vn -0.0832 0.9061 -0.4148
vt 0.524869 0.766470
vt 0.524869 0.777660
vt 0.520839 0.770262
vt 0.621849 0.692262
vt 0.615087 0.693501
vt 0.612409 0.683893
vt 0.618837 0.681458
vt 0.622868 0.703345
vt 0.615993 0.703345
vt 0.613926 0.671403
vt 0.608046 0.674925
vt 0.602090 0.666883
vt 0.604685 0.664730
vt 0.413209 0.744124
vt 0.450350 0.744124
vt 0.437496 0.755254
vt 0.413209 0.755254
vt 0.508750 0.770262
vt 0.504721 0.777686
vt 0.501806 0.766470
vt 0.413209 0.777686
vt 0.427454 0.777686
vt 0.427454 0.788932
vt 0.413209 0.788932
vt 0.427454 0.766470
vt 0.413209 0.766470
vt 0.514795 0.755254
vt 0.562155 0.755254
vt 0.562155 0.766470
vt 0.091934 0.993177
vt 0.091934 0.955891
vt 0.102968 0.953031
vt 0.102968 0.993177
vt 0.501837 0.744124
vt 0.562155 0.744124
vt 0.514795 0.766470
vt 0.488879 0.755254
vt 0.463204 0.755254
vt 0.498892 0.777686
vt 0.473159 0.777686
vt 0.476012 0.766470
vt 0.478866 0.777686
vt 0.504721 0.788932
vt 0.498892 0.788932
vt 0.478866 0.788932
vt 0.473159 0.788932
vt 0.453249 0.788932
vt 0.447537 0.788932
vt 0.447537 0.777686
vt 0.453249 0.777686
vt 0.450393 0.766470
vt 0.562155 0.777660
vt 0.494863 0.770262
vt 0.482774 0.770262
vt 0.488818 0.766470
vt 0.469129 0.770262
vt 0.457040 0.770262
vt 0.463085 0.766470
vt 0.443510 0.770262
vt 0.431421 0.770262
vt 0.437466 0.766470
vt 0.102798 0.790737
vt 0.098743 0.788170
vt 0.102781 0.782013
vt 0.113854 0.867919
vt 0.092538 0.867809
vt 0.102697 0.859321
vt 0.113898 0.859373
vt 0.113931 0.764924
vt 0.102727 0.764966
vt 0.102691 0.756237
vt 0.113895 0.756188
vt 0.113998 0.807779
vt 0.079719 0.807785
vt 0.092703 0.799276
vt 0.113996 0.799261
vt 0.946345 0.986306
vt 0.935982 0.982014
vt 0.950415 0.966418
vt 0.086632 0.788185
vt 0.079687 0.790781
vt 0.082579 0.782072
vt 0.977617 0.041278
vt 0.966556 0.041278
vt 0.971871 0.029045
vt 0.956515 0.965136
vt 0.967850 0.982063
vt 0.957560 0.986307
vt 0.092694 0.790754
vt 0.066773 0.799312
vt 0.028441 0.807803
vt 0.041185 0.799351
vt 0.015651 0.799464
vt 0.076744 0.782089
vt 0.051025 0.782193
vt 0.056719 0.782167
vt 0.053913 0.790850
vt 0.076710 0.773586
vt 0.082549 0.773562
vt 0.050972 0.773718
vt 0.056673 0.773683
vt 0.025503 0.782363
vt 0.025422 0.773919
vt 0.031111 0.773867
vt 0.031181 0.782319
vt 0.028408 0.790971
vt 0.072734 0.788220
vt 0.060648 0.788257
vt 0.066695 0.790814
vt 0.047040 0.788308
vt 0.034995 0.788371
vt 0.041029 0.790898
vt 0.021558 0.788464
vt 0.009515 0.788629
vt 0.015588 0.791049
vt 0.000800 0.796720
vt 0.140158 0.738980
vt 0.149472 0.000366
vt 0.159358 0.000476
vt 0.151943 0.739111
vt 0.034094 0.738871
vt 0.029832 0.000210
vt 0.039839 0.000138
vt 0.045879 0.738785
vt 0.104804 0.738724
vt 0.109512 0.000066
vt 0.119519 0.000119
vt 0.116589 0.738786
vt 0.919810 0.641356
vt 0.926423 0.643007
vt 0.919696 0.651752
vt 0.916112 0.648996
vt 0.943333 0.052111
vt 0.949984 0.053784
vt 0.944992 0.063862
vt 0.939656 0.059765
vt 0.916122 0.606034
vt 0.921455 0.601934
vt 0.926455 0.612008
vt 0.919805 0.613686
vt 0.277444 0.933382
vt 0.284096 0.935051
vt 0.279109 0.945132
vt 0.273771 0.941038
vt 0.920621 0.465007
vt 0.927271 0.466682
vt 0.922275 0.476758
vt 0.916941 0.472659
vt 0.069449 0.738685
vt 0.069792 0.000011
vt 0.079679 0.000000
vt 0.081234 0.738672
vt 0.921311 0.444624
vt 0.928015 0.444071
vt 0.928738 0.451170
vt 0.921871 0.451172
vt 0.920506 0.634054
vt 0.927209 0.634619
vt 0.921061 0.627521
vt 0.927929 0.627520
vt 0.920503 0.620973
vt 0.927207 0.620421
vt 0.944579 0.038275
vt 0.951447 0.038271
vt 0.950731 0.045371
vt 0.944025 0.044824
vt 0.944017 0.031728
vt 0.950722 0.031173
vt 0.939626 0.016862
vt 0.944951 0.012752
vt 0.949969 0.022817
vt 0.943322 0.024507
vt 0.928020 0.458269
vt 0.921315 0.457720
vt 0.278682 0.919545
vt 0.285550 0.919537
vt 0.284837 0.926637
vt 0.278132 0.926094
vt 0.278116 0.912997
vt 0.284821 0.912439
vt 0.273712 0.898201
vt 0.279030 0.894082
vt 0.284066 0.904137
vt 0.277422 0.905839
vt 0.920615 0.437371
vt 0.927263 0.435688
vt 0.916925 0.429723
vt 0.922255 0.425618
vt 0.000679 0.785528
vt 0.005510 0.782595
vt 0.005411 0.774131
vt 0.000553 0.774220
vt 0.000853 0.807854
vt 0.123705 0.827434
vt 0.123699 0.821201
vt 0.133171 0.821201
vt 0.133177 0.827434
vt 0.123686 0.834011
vt 0.133158 0.834011
vt 0.977915 0.026448
vt 0.987195 0.035748
vt 0.956977 0.035748
vt 0.966133 0.026613
vt 0.928034 0.974058
vt 0.944985 0.962707
vt 0.114001 0.816297
vt 0.092706 0.816289
vt 0.524869 0.721778
vt 0.520839 0.717985
vt 0.524869 0.710587
vt 0.612409 0.722797
vt 0.615087 0.713190
vt 0.621849 0.714429
vt 0.618837 0.725233
vt 0.602090 0.739807
vt 0.608046 0.731766
vt 0.613926 0.735288
vt 0.604685 0.741960
vt 0.437496 0.732993
vt 0.413209 0.732993
vt 0.508750 0.717985
vt 0.501806 0.721778
vt 0.504721 0.710562
vt 0.427454 0.699316
vt 0.427454 0.710562
vt 0.413209 0.710562
vt 0.413209 0.699316
vt 0.427454 0.721778
vt 0.413209 0.721778
vt 0.562155 0.721778
vt 0.562155 0.732993
vt 0.514795 0.732993
vt 0.056706 0.953329
vt 0.067740 0.956190
vt 0.067740 0.993476
vt 0.056706 0.993476
vt 0.514795 0.721778
vt 0.488879 0.732993
vt 0.463204 0.732993
vt 0.498892 0.710562
vt 0.473159 0.710562
vt 0.478866 0.710562
vt 0.476012 0.721778
vt 0.498892 0.699316
vt 0.504721 0.699316
vt 0.473159 0.699316
vt 0.478866 0.699316
vt 0.447537 0.710562
vt 0.447537 0.699316
vt 0.453249 0.699316
vt 0.453249 0.710562
vt 0.450393 0.721778
vt 0.562155 0.710587
vt 0.494863 0.717985
vt 0.482774 0.717985
vt 0.488818 0.721778
vt 0.469129 0.717985
vt 0.457040 0.717985
vt 0.463084 0.721778
vt 0.443510 0.717985
vt 0.431421 0.717985
vt 0.437466 0.721778
vt 0.102804 0.824826
vt 0.102788 0.833550
vt 0.098750 0.827394
vt 0.113979 0.781990
vt 0.102759 0.773491
vt 0.113958 0.773458
vt 0.102733 0.850594
vt 0.113936 0.850638
vt 0.113965 0.842106
vt 0.102767 0.842071
vt 0.113987 0.833573
vt 0.979963 0.963794
vt 0.960023 0.959984
vt 0.979940 0.952578
vt 0.086640 0.827381
vt 0.082589 0.833495
vt 0.079695 0.824788
vt 0.951447 0.015109
vt 0.963681 0.020883
vt 0.951447 0.026170
vt 0.975692 0.974164
vt 0.092701 0.824811
vt 0.066778 0.816265
vt 0.041192 0.816244
vt 0.015660 0.816154
vt 0.076756 0.833479
vt 0.051046 0.833389
vt 0.053926 0.824733
vt 0.056738 0.833410
vt 0.082561 0.842002
vt 0.076724 0.841979
vt 0.056699 0.841890
vt 0.051002 0.841860
vt 0.031143 0.841740
vt 0.025452 0.841692
vt 0.025527 0.833247
vt 0.031204 0.833286
vt 0.028424 0.824636
vt 0.072744 0.827352
vt 0.060661 0.827320
vt 0.066705 0.824761
vt 0.047056 0.827280
vt 0.035013 0.827229
vt 0.041044 0.824697
vt 0.021577 0.827149
vt 0.009537 0.826992
vt 0.000813 0.818985
vt 0.015605 0.824568
vt 0.022309 0.738980
vt 0.019859 0.000297
vt 0.129525 0.000186
vt 0.128374 0.738871
vt 0.139499 0.000269
vt 0.918681 0.230312
vt 0.925408 0.239058
vt 0.918795 0.240709
vt 0.915097 0.233069
vt 0.941663 0.124416
vt 0.946656 0.134493
vt 0.940005 0.136166
vt 0.936328 0.128512
vt 0.925440 0.270057
vt 0.920440 0.280131
vt 0.915107 0.276030
vt 0.918790 0.268379
vt 0.107561 0.889305
vt 0.112547 0.899385
vt 0.105895 0.901054
vt 0.102222 0.893398
vt 0.903913 0.553528
vt 0.898918 0.543452
vt 0.905568 0.541777
vt 0.909248 0.549429
vt 0.049845 0.000080
vt 0.057664 0.738723
vt 0.897450 0.527940
vt 0.898173 0.520841
vt 0.904878 0.521394
vt 0.904318 0.527942
vt 0.926194 0.247446
vt 0.919491 0.248011
vt 0.926914 0.254545
vt 0.920046 0.254544
vt 0.926192 0.261644
vt 0.919488 0.261092
vt 0.947402 0.142907
vt 0.948118 0.150007
vt 0.941251 0.150002
vt 0.940697 0.143454
vt 0.947393 0.157105
vt 0.940689 0.156550
vt 0.946640 0.165461
vt 0.941623 0.175525
vt 0.936297 0.171415
vt 0.939994 0.163771
vt 0.898169 0.535040
vt 0.904874 0.534490
vt 0.113288 0.907800
vt 0.114001 0.914900
vt 0.107133 0.914891
vt 0.106583 0.908343
vt 0.113272 0.921998
vt 0.106568 0.921439
vt 0.112517 0.930299
vt 0.107482 0.940355
vt 0.102163 0.936235
vt 0.105874 0.928597
vt 0.898925 0.512458
vt 0.905573 0.514142
vt 0.903933 0.502389
vt 0.909263 0.506493
vt 0.000707 0.830173
vt 0.005538 0.833025
vt 0.005446 0.841484
vt 0.000592 0.841471
vt 0.123705 0.814968
vt 0.133177 0.814968
vt 0.123686 0.808391
vt 0.133158 0.808391
vt 0.956977 0.005530
vt 0.966258 0.014831
vt 0.958659 0.953550
vt 0.975609 0.942199
vt 0.113992 0.790722
vt 0.524869 0.811394
vt 0.520839 0.807602
vt 0.524869 0.800203
vt 0.587278 0.653601
vt 0.578330 0.649195
vt 0.580797 0.642778
vt 0.590858 0.647733
vt 0.568822 0.646486
vt 0.570092 0.639730
vt 0.595287 0.659545
vt 0.599834 0.654416
vt 0.437496 0.822609
vt 0.450350 0.833740
vt 0.413209 0.833740
vt 0.413209 0.822609
vt 0.508750 0.807602
vt 0.501806 0.811394
vt 0.504721 0.800178
vt 0.427454 0.800178
vt 0.413209 0.800178
vt 0.427454 0.811394
vt 0.413209 0.811394
vt 0.562155 0.811394
vt 0.562155 0.822610
vt 0.514795 0.822610
vt 0.114001 0.955891
vt 0.114001 0.993177
vt 0.562155 0.833740
vt 0.501837 0.833740
vt 0.514795 0.811394
vt 0.488879 0.822610
vt 0.463204 0.822610
vt 0.498892 0.800178
vt 0.473159 0.800178
vt 0.478866 0.800178
vt 0.476012 0.811394
vt 0.447537 0.800178
vt 0.453249 0.800178
vt 0.450393 0.811394
vt 0.562155 0.800203
vt 0.494862 0.807602
vt 0.482774 0.807602
vt 0.488818 0.811394
vt 0.469129 0.807602
vt 0.457040 0.807602
vt 0.463085 0.811394
vt 0.443510 0.807602
vt 0.431421 0.807602
vt 0.437466 0.811394
vt 0.098648 0.758832
vt 0.113854 0.747640
vt 0.092530 0.747745
vt 0.079465 0.739295
vt 0.113810 0.739111
vt 0.114001 0.824840
vt 0.923681 0.952463
vt 0.943621 0.956273
vt 0.923704 0.963679
vt 0.086523 0.758898
vt 0.082512 0.765048
vt 0.079545 0.756352
vt 0.992725 0.026170
vt 0.980491 0.020396
vt 0.992726 0.015109
vt 0.927952 0.942093
vt 0.935794 0.934194
vt 0.947129 0.951121
vt 0.092577 0.756283
vt 0.066527 0.747904
vt 0.040790 0.748116
vt 0.027807 0.739758
vt 0.015098 0.748501
vt 0.076669 0.765078
vt 0.050911 0.765234
vt 0.053699 0.756521
vt 0.056619 0.765192
vt 0.025341 0.765468
vt 0.031033 0.765406
vt 0.028092 0.756780
vt 0.072599 0.758975
vt 0.060487 0.759049
vt 0.066525 0.756428
vt 0.046834 0.759155
vt 0.034752 0.759270
vt 0.040763 0.756630
vt 0.021267 0.759432
vt 0.015225 0.756963
vt 0.009201 0.759533
vt 0.005327 0.765665
vt 0.000432 0.762922
vt 0.000268 0.751728
vt 0.059819 0.000037
vt 0.912970 0.660498
vt 0.909677 0.654530
vt 0.936547 0.071288
vt 0.933212 0.065295
vt 0.913005 0.594514
vt 0.909674 0.600509
vt 0.270668 0.952563
vt 0.267330 0.946572
vt 0.913828 0.484181
vt 0.910495 0.478187
vt 0.010525 0.739111
vt -0.000000 0.000514
vt 0.009885 0.000398
vt 0.899205 0.412826
vt 0.905884 0.415338
vt 0.903638 0.421679
vt 0.897450 0.419466
vt 0.905065 0.663411
vt 0.902799 0.657076
vt 0.898388 0.665928
vt 0.896627 0.659290
vt 0.898392 0.589103
vt 0.905067 0.591625
vt 0.902811 0.597963
vt 0.896627 0.595740
vt 0.928612 0.074183
vt 0.921938 0.076709
vt 0.920168 0.070074
vt 0.926351 0.067847
vt 0.921913 -0.000000
vt 0.928596 0.002501
vt 0.926359 0.008846
vt 0.920168 0.006642
vt 0.936487 0.005347
vt 0.933168 0.011349
vt 0.905892 0.487073
vt 0.899218 0.489597
vt 0.897450 0.482961
vt 0.903634 0.480736
vt 0.262735 0.955462
vt 0.256063 0.957993
vt 0.254289 0.951358
vt 0.260470 0.949127
vt 0.256013 0.881406
vt 0.262704 0.883886
vt 0.260487 0.890238
vt 0.254288 0.888054
vt 0.270553 0.886692
vt 0.267244 0.892699
vt 0.913798 0.418206
vt 0.910473 0.424204
vt 0.000000 0.740583
vt 0.133171 0.846822
vt 0.123699 0.846822
vt 0.123705 0.840589
vt 0.133177 0.840589
vt 0.987195 0.005530
vt 0.978040 0.014666
vt 0.524869 0.676854
vt 0.524869 0.688044
vt 0.520839 0.680646
vt 0.580797 0.763913
vt 0.578330 0.757496
vt 0.587278 0.753090
vt 0.590858 0.758958
vt 0.570092 0.766961
vt 0.568822 0.760204
vt 0.599834 0.752274
vt 0.595287 0.747145
vt 0.413209 0.654508
vt 0.450350 0.654508
vt 0.437496 0.665638
vt 0.413209 0.665638
vt 0.508750 0.680646
vt 0.504721 0.688070
vt 0.501806 0.676854
vt 0.413209 0.688070
vt 0.427454 0.688070
vt 0.427454 0.676854
vt 0.413209 0.676854
vt 0.514795 0.665638
vt 0.562155 0.665638
vt 0.562155 0.676854
vt 0.045673 0.993476
vt 0.045673 0.956190
vt 0.501837 0.654508
vt 0.562155 0.654508
vt 0.514795 0.676854
vt 0.488879 0.665638
vt 0.463204 0.665638
vt 0.498892 0.688070
vt 0.473159 0.688070
vt 0.476012 0.676854
vt 0.478866 0.688070
vt 0.447537 0.688070
vt 0.453249 0.688070
vt 0.450393 0.676854
vt 0.562155 0.688044
vt 0.494862 0.680646
vt 0.482774 0.680646
vt 0.488818 0.676854
vt 0.469129 0.680646
vt 0.457040 0.680646
vt 0.463084 0.676854
vt 0.443510 0.680646
vt 0.431421 0.680646
vt 0.437466 0.676854
vt 0.098655 0.856727
vt 0.113807 0.876444
vt 0.079476 0.876252
vt 0.957300 0.929950
vt 0.967662 0.934243
vt 0.953229 0.949839
vt 0.086535 0.856659
vt 0.079561 0.859204
vt 0.082525 0.850512
vt 0.966556 0.000000
vt 0.977616 -0.000000
vt 0.972301 0.012233
vt 0.946084 0.929950
vt 0.092586 0.859274
vt 0.066550 0.867645
vt 0.027862 0.875769
vt 0.040833 0.867416
vt 0.015156 0.867050
vt 0.076686 0.850482
vt 0.050951 0.850336
vt 0.056651 0.850374
vt 0.053738 0.859036
vt 0.025375 0.850149
vt 0.031075 0.850206
vt 0.028136 0.858796
vt 0.072619 0.856583
vt 0.060517 0.856510
vt 0.066549 0.859128
vt 0.046888 0.856407
vt 0.034804 0.856360
vt 0.040842 0.858917
vt 0.015235 0.858608
vt 0.021300 0.856206
vt 0.009233 0.856057
vt 0.000335 0.863937
vt 0.093019 0.738685
vt 0.099539 0.000028
vt 0.089565 0.000006
vt 0.908662 0.227534
vt 0.911955 0.221567
vt 0.929884 0.122982
vt 0.933218 0.116990
vt 0.911990 0.287551
vt 0.908659 0.281556
vt 0.095782 0.887865
vt 0.099120 0.881874
vt 0.915693 0.554957
vt 0.912361 0.560951
vt 0.922550 0.498449
vt 0.920304 0.492108
vt 0.926983 0.489597
vt 0.928738 0.496236
vt 0.901784 0.224988
vt 0.904050 0.218654
vt 0.895612 0.222774
vt 0.897373 0.216136
vt 0.901796 0.284102
vt 0.904052 0.290440
vt 0.897377 0.292961
vt 0.895612 0.286325
vt 0.916839 0.118204
vt 0.918609 0.111568
vt 0.925283 0.114095
vt 0.923022 0.120431
vt 0.923031 0.179432
vt 0.925267 0.185777
vt 0.918584 0.188278
vt 0.916839 0.181636
vt 0.933159 0.182930
vt 0.929839 0.176929
vt 0.928738 0.559731
vt 0.926970 0.566367
vt 0.920296 0.563843
vt 0.922555 0.557506
vt 0.082740 0.883078
vt 0.084514 0.876444
vt 0.091186 0.878974
vt 0.088921 0.885309
vt 0.088938 0.944199
vt 0.091155 0.950550
vt 0.084464 0.953031
vt 0.082740 0.946383
vt 0.099004 0.947744
vt 0.095695 0.941737
vt 0.915715 0.500974
vt 0.912390 0.494976
vt 0.000476 0.852760
vt 0.005363 0.849942
vt 0.000091 0.875063
vt 0.123705 0.801813
vt 0.123699 0.795581
vt 0.133171 0.795581
vt 0.133177 0.801813
vt 0.895369 0.958355
vt 0.895127 0.929950
vt 0.905914 0.933581
vt 0.872385 0.933642
vt 0.883633 0.929950
vt 0.914737 0.940341
vt 0.869897 0.967078
vt 0.867056 0.956057
vt 0.867889 0.944593
vt 0.876000 0.976368
vt 0.920841 0.949631
vt 0.923681 0.960653
vt 0.922849 0.972117
vt 0.918352 0.983067
vt 0.895610 0.986759
vt 0.884823 0.983128
vt 0.907105 0.986759
vt 0.826425 0.275893
vt 0.822020 0.278869
vt 0.815940 0.264190
vt 0.821138 0.263130
vt 0.317919 -0.000000
vt 0.317919 0.525359
vt 0.302031 0.525359
vt 0.302031 -0.000000
vt 0.836090 0.285593
vt 0.833136 0.290024
vt 0.286283 0.525359
vt 0.286283 -0.000000
vt 0.781644 0.685774
vt 0.625613 0.685774
vt 0.625613 0.671960
vt 0.781644 0.671960
vt 0.781644 0.699468
vt 0.625613 0.699468
vt 0.824350 0.893007
vt 0.784941 0.914959
vt 0.781644 0.898104
vt 0.793913 0.929974
vt 0.792523 0.866802
vt 0.805298 0.855927
vt 0.784303 0.881427
vt 0.810371 0.935897
vt 0.843403 0.930087
vt 0.827546 0.935897
vt 0.856177 0.919211
vt 0.864398 0.904587
vt 0.821154 0.850116
vt 0.838329 0.850116
vt 0.854787 0.856040
vt 0.863759 0.871054
vt 0.867056 0.887910
vt 0.781644 0.796139
vt 0.625613 0.796139
vt 0.625613 0.782324
vt 0.781644 0.782324
vt 0.781644 0.809832
vt 0.625613 0.809832
vt 0.885127 0.236238
vt 0.889532 0.233262
vt 0.895611 0.247941
vt 0.890414 0.249001
vt 0.875462 0.226538
vt 0.878416 0.222107
vt 0.190993 -0.000000
vt 0.190993 0.525359
vt 0.175105 0.525359
vt 0.175105 -0.000000
vt 0.159358 0.525359
vt 0.159357 -0.000000
vt 0.915049 0.850116
vt 0.914002 0.853897
vt 0.899384 0.853901
vt 0.899161 0.850120
vt 0.929610 0.856113
vt 0.927401 0.859414
vt 0.254288 0.539848
vt 0.354002 0.539848
vt 0.354002 0.554466
vt 0.254288 0.554466
vt 0.254288 0.525359
vt 0.354002 0.525359
vt 0.682480 0.810065
vt 0.680355 0.820112
vt 0.665738 0.819929
vt 0.663872 0.809832
vt 0.652260 0.825248
vt 0.646684 0.816619
vt 0.583695 0.260375
vt 0.604104 0.260375
vt 0.604104 0.278985
vt 0.583695 0.278985
vt 0.604104 0.297464
vt 0.583695 0.297464
vt 0.428296 0.873397
vt 0.413209 0.871109
vt 0.420294 0.853901
vt 0.433018 0.861932
vt 0.433313 0.840786
vt 0.441647 0.853230
vt 0.837029 0.024654
vt 0.746139 0.024654
vt 0.746139 0.012254
vt 0.837029 0.012254
vt 0.746139 0.000000
vt 0.837029 0.000000
vt 0.814312 0.549278
vt 0.819024 0.537808
vt 0.826373 0.546442
vt 0.827643 0.529098
vt 0.833711 0.538079
vt 0.413209 0.536484
vt 0.392971 0.536484
vt 0.392971 0.525359
vt 0.413209 0.525359
vt 0.413209 0.547610
vt 0.392971 0.547610
vt 0.824197 0.557353
vt 0.814346 0.561671
vt 0.413209 0.558736
vt 0.392971 0.558736
vt 0.827765 0.567891
vt 0.819150 0.573157
vt 0.985670 0.127886
vt 0.989766 0.126734
vt 0.989818 0.137860
vt 0.985733 0.136802
vt 0.981170 0.120190
vt 0.984174 0.117116
vt 0.366320 0.552653
vt 0.355576 0.551836
vt 0.356555 0.542974
vt 0.367902 0.539741
vt 0.357830 0.534150
vt 0.818756 0.956490
vt 0.821511 0.935897
vt 0.842906 0.960345
vt 0.359311 0.525359
vt 0.369970 0.526996
vt 0.826691 0.974536
vt 0.365079 0.565602
vt 0.354578 0.560696
vt 0.843526 0.984793
vt 0.864302 0.984793
vt 0.364772 0.578509
vt 0.354002 0.578511
vt 0.354042 0.569595
vt 0.973431 0.115763
vt 0.974530 0.111568
vt 0.964515 0.115784
vt 0.963404 0.111568
vt 0.413209 0.569862
vt 0.392971 0.569862
vt 0.413209 0.580988
vt 0.392971 0.580988
vt 0.956798 0.120249
vt 0.953761 0.117117
vt 0.413209 0.592114
vt 0.392971 0.592114
vt 0.857573 0.573861
vt 0.863133 0.582044
vt 0.851800 0.586706
vt 0.847032 0.577420
vt 0.839400 0.586706
vt 0.836123 0.575235
vt 0.837029 0.086741
vt 0.746139 0.086741
vt 0.746139 0.074341
vt 0.837029 0.074341
vt 0.837029 0.098995
vt 0.746139 0.098995
vt 0.465767 0.910830
vt 0.469433 0.927272
vt 0.450823 0.927272
vt 0.453367 0.910831
vt 0.477098 0.906164
vt 0.486516 0.920226
vt 0.583695 0.167212
vt 0.604104 0.167212
vt 0.604104 0.185821
vt 0.583695 0.185821
vt 0.583695 0.148732
vt 0.604104 0.148732
vt 0.712729 0.883739
vt 0.704119 0.877989
vt 0.709678 0.864469
vt 0.719805 0.866527
vt 0.699749 0.896893
vt 0.693944 0.888305
vt 0.254288 0.613035
vt 0.354002 0.613035
vt 0.354002 0.627653
vt 0.254288 0.627653
vt 0.354002 0.642143
vt 0.254288 0.642143
vt 0.867056 0.898083
vt 0.869845 0.898032
vt 0.875413 0.911548
vt 0.873108 0.912773
vt 0.885620 0.921832
vt 0.884202 0.923950
vt 0.270535 0.525359
vt 0.254648 0.525359
vt 0.254648 -0.000000
vt 0.270535 -0.000000
vt 0.862575 0.290756
vt 0.863595 0.295962
vt 0.847708 0.295995
vt 0.848761 0.290785
vt 0.781644 0.726975
vt 0.625613 0.726975
vt 0.625613 0.713161
vt 0.781644 0.713161
vt 0.781644 0.740790
vt 0.625613 0.740790
vt 0.875327 0.285444
vt 0.878261 0.289852
vt 0.781644 0.754650
vt 0.625613 0.754650
vt 0.885101 0.275617
vt 0.889502 0.278551
vt 0.238760 0.525359
vt 0.222820 0.525359
vt 0.222820 -0.000000
vt 0.238760 -0.000000
vt 0.873223 0.867485
vt 0.875519 0.869878
vt 0.869872 0.883413
vt 0.867086 0.882196
vt 0.254288 0.583751
vt 0.354002 0.583751
vt 0.354002 0.598417
vt 0.254288 0.598417
vt 0.719805 0.847911
vt 0.709679 0.849851
vt 0.704093 0.836291
vt 0.712700 0.830656
vt 0.583695 0.204437
vt 0.604104 0.204437
vt 0.604104 0.223098
vt 0.583695 0.223098
vt 0.441918 0.906090
vt 0.433624 0.920148
vt 0.420435 0.906946
vt 0.433120 0.897279
vt 0.837029 0.061949
vt 0.746139 0.061949
vt 0.746139 0.049498
vt 0.837029 0.049498
vt 0.827950 0.581966
vt 0.746139 0.037047
vt 0.837029 0.037047
vt 0.413248 0.889724
vt 0.428322 0.885790
vt 0.604104 0.241759
vt 0.583695 0.241759
vt 0.693804 0.825838
vt 0.699607 0.817358
vt 0.254288 0.569085
vt 0.354002 0.569085
vt 0.884484 0.856204
vt 0.885880 0.859498
vt 0.206881 0.525359
vt 0.206881 -0.000000
vt 0.890414 0.262815
vt 0.895611 0.263828
vt 0.781644 0.768510
vt 0.625613 0.768510
vt 0.899017 0.927352
vt 0.898762 0.929950
vt 0.354002 0.656632
vt 0.254288 0.656632
vt 0.913635 0.927352
vt 0.914649 0.929950
vt 0.354002 0.671251
vt 0.254288 0.671251
vt 0.664097 0.904187
vt 0.665962 0.894023
vt 0.680579 0.893902
vt 0.682706 0.904034
vt 0.583695 0.111643
vt 0.604104 0.111643
vt 0.604104 0.130253
vt 0.583695 0.130253
vt 0.490449 0.885997
vt 0.506620 0.889903
vt 0.499535 0.907111
vt 0.485727 0.897462
vt 0.837029 0.123650
vt 0.746139 0.123650
vt 0.746139 0.111250
vt 0.837029 0.111250
vt 0.876497 0.561886
vt 0.871766 0.573347
vt 0.864924 0.565510
vt 0.413209 0.603239
vt 0.392971 0.603239
vt 0.413209 0.614365
vt 0.392971 0.614365
vt 0.867119 0.554603
vt 0.876484 0.549493
vt 0.413209 0.625491
vt 0.392971 0.625491
vt 0.863568 0.544059
vt 0.871699 0.537998
vt 0.956747 0.144621
vt 0.953623 0.147530
vt 0.948118 0.137861
vt 0.952318 0.136884
vt 0.948169 0.126735
vt 0.952336 0.127968
vt 0.366333 0.604366
vt 0.355589 0.605185
vt 0.354589 0.596326
vt 0.365088 0.591417
vt 0.354048 0.587426
vt 0.867056 0.964200
vt 0.859122 0.946154
vt 0.367911 0.617278
vt 0.356566 0.614047
vt 0.842287 0.935897
vt 0.369970 0.630024
vt 0.359312 0.631664
vt 0.357837 0.622871
vt 0.964445 0.149119
vt 0.963215 0.153166
vt 0.973361 0.149180
vt 0.974340 0.153269
vt 0.413209 0.647743
vt 0.392971 0.647743
vt 0.392971 0.636617
vt 0.413209 0.636617
vt 0.855223 0.536700
vt 0.862914 0.529175
vt 0.844318 0.534497
vt 0.851472 0.524415
vt 0.413209 0.658868
vt 0.392971 0.658868
vt 0.833771 0.538039
vt 0.827732 0.529038
vt 0.839072 0.524395
vt 0.837029 0.185736
vt 0.746139 0.185736
vt 0.746139 0.173337
vt 0.837029 0.173337
vt 0.746139 0.160944
vt 0.837029 0.160944
vt 0.452978 0.848564
vt 0.450396 0.833740
vt 0.469006 0.833740
vt 0.465378 0.848562
vt 0.486205 0.840863
vt 0.476828 0.853304
vt 0.583695 0.018480
vt 0.604104 0.018480
vt 0.604104 0.037089
vt 0.583695 0.037089
vt 0.604104 0.055705
vt 0.583695 0.055705
vt 0.632332 0.831153
vt 0.641007 0.836648
vt 0.635728 0.850280
vt 0.625613 0.848507
vt 0.636030 0.864895
vt 0.625998 0.867119
vt 0.254288 0.729819
vt 0.354002 0.729819
vt 0.354002 0.744437
vt 0.254288 0.744437
vt 0.254288 0.715201
vt 0.354002 0.715201
vt 0.946768 0.881996
vt 0.943187 0.883230
vt 0.937623 0.869712
vt 0.940720 0.867305
vt 0.946733 0.897884
vt 0.943156 0.897848
vt 0.397461 0.525359
vt 0.381573 0.525359
vt 0.381573 -0.000000
vt 0.397461 -0.000000
vt 0.365686 0.525359
vt 0.365686 -0.000000
vt 0.848977 0.221375
vt 0.847956 0.216169
vt 0.863844 0.216136
vt 0.862791 0.221346
vt 0.836224 0.226687
vt 0.833291 0.222279
vt 0.781644 0.616611
vt 0.625613 0.616611
vt 0.625613 0.602796
vt 0.781644 0.602796
vt 0.781644 0.630425
vt 0.625613 0.630425
vt 0.781644 0.644285
vt 0.625613 0.644285
vt 0.826450 0.236514
vt 0.822050 0.233580
vt 0.781644 0.658145
vt 0.625613 0.658145
vt 0.821138 0.249316
vt 0.815940 0.248303
vt 0.349746 -0.000000
vt 0.349746 0.525359
vt 0.333806 0.525359
vt 0.333806 -0.000000
vt 0.929328 0.923871
vt 0.927141 0.921759
vt 0.937505 0.911382
vt 0.940592 0.912593
vt 0.254288 0.685869
vt 0.354002 0.685869
vt 0.354002 0.700535
vt 0.254288 0.700535
vt 0.633458 0.884224
vt 0.641894 0.878337
vt 0.652396 0.888575
vt 0.646822 0.897249
vt 0.583695 0.074366
vt 0.604104 0.074366
vt 0.604104 0.093027
vt 0.583695 0.093027
vt 0.485625 0.862115
vt 0.499394 0.854065
vt 0.506580 0.871287
vt 0.490423 0.873604
vt 0.837029 0.148493
vt 0.746139 0.148493
vt 0.746139 0.136042
vt 0.837029 0.136042
vt 0.625613 0.589103
vt 0.781644 0.589103
vt 0.413209 -0.000000
vt 0.927418 0.859426
vt 0.929629 0.856125
vt 0.354002 0.758927
vt 0.254288 0.758927
vt 0.645036 0.817733
vt 0.650965 0.826123
vt 0.583695 -0.000000
vt 0.604104 -0.000000
vt 0.837029 0.197991
vt 0.746139 0.197991
vt 0.981119 0.144787
vt 0.984036 0.147811
vt 0.984316 0.147530
vt 0.981343 0.144561
vt 0.913843 0.046102
vt 0.920168 0.061516
vt 0.920168 0.078178
vt 0.913803 0.093517
vt 0.902052 0.105252
vt 0.886851 0.111568
vt 0.870391 0.111495
vt 0.855065 0.105098
vt 0.843354 0.093324
vt 0.837030 0.077909
vt 0.837030 0.061248
vt 0.843395 0.045909
vt 0.855145 0.034174
vt 0.870346 0.027858
vt 0.886807 0.027931
vt 0.902132 0.034328
vt 0.741907 0.397214
vt 0.716008 0.397214
vt 0.716008 0.380608
vt 0.741907 0.380608
vt 0.741907 0.413675
vt 0.716008 0.413675
vt 0.814312 0.491004
vt 0.814312 0.474343
vt 0.820636 0.458928
vt 0.832348 0.447154
vt 0.847673 0.440757
vt 0.864134 0.440684
vt 0.879335 0.447000
vt 0.891085 0.458736
vt 0.897450 0.474074
vt 0.897450 0.490736
vt 0.891126 0.506150
vt 0.879414 0.517925
vt 0.864089 0.524321
vt 0.847628 0.524395
vt 0.832427 0.518078
vt 0.820677 0.506343
vt 0.716008 0.430136
vt 0.741907 0.430136
vt 0.716008 0.446743
vt 0.741907 0.446743
vt 0.716008 0.463350
vt 0.741907 0.463350
vt 0.716008 0.480011
vt 0.741907 0.480011
vt 0.741907 0.496673
vt 0.716008 0.496673
vt 0.741907 0.513280
vt 0.716008 0.513280
vt 0.741907 0.529887
vt 0.716008 0.529887
vt 0.865468 0.003121
vt 0.849638 0.006243
vt 0.355919 0.954477
vt 0.355919 0.982945
vt 0.330022 0.983191
vt 0.330022 0.954722
vt 0.946066 0.095433
vt 0.920168 0.095433
vt 0.920168 0.079297
vt 0.946066 0.079297
vt 0.884842 0.419069
vt 0.869011 0.415948
vt 0.853180 0.412826
vt 0.920168 0.111568
vt 0.946066 0.111568
vt 0.716008 0.314071
vt 0.716008 0.297464
vt 0.741907 0.297464
vt 0.741907 0.314071
vt 0.159824 0.984133
vt 0.133927 0.983888
vt 0.133927 0.955419
vt 0.159824 0.955664
vt 0.881299 0.000000
vt 0.716008 0.330678
vt 0.741907 0.330678
vt 0.716008 0.347339
vt 0.741907 0.347339
vt 0.741907 0.364001
vt 0.716008 0.364001
vt 0.799922 0.772027
vt 0.805393 0.772540
vt 0.788298 0.793034
vt 0.788066 0.783867
vt 0.781644 0.799344
vt 0.788281 0.822513
vt 0.781644 0.816155
vt 0.254288 0.558871
vt 0.159358 0.558871
vt 0.159358 0.542115
vt 0.254288 0.542115
vt 0.254288 0.575682
vt 0.159358 0.575682
vt 0.894470 0.370727
vt 0.883264 0.343460
vt 0.891816 0.346772
vt 0.898197 0.362325
vt 0.879999 0.334892
vt 0.859670 0.330990
vt 0.864536 0.328438
vt 0.898197 0.379136
vt 0.883212 0.397897
vt 0.891775 0.394613
vt 0.254288 0.592493
vt 0.159358 0.592493
vt 0.254288 0.609249
vt 0.159358 0.609249
vt 0.788025 0.831708
vt 0.809010 0.843376
vt 0.799842 0.843588
vt 0.815305 0.850042
vt 0.254288 0.626005
vt 0.159358 0.626005
vt 0.831178 0.846386
vt 0.831913 0.850116
vt 0.850544 0.835187
vt 0.847251 0.843743
vt 0.254288 0.642614
vt 0.159358 0.642614
vt 0.254288 0.659223
vt 0.159358 0.659223
vt 0.841678 0.406086
vt 0.863846 0.409096
vt 0.864581 0.412826
vt 0.847973 0.412752
vt 0.879919 0.406453
vt 0.820949 0.385223
vt 0.832509 0.406298
vt 0.820693 0.394418
vt 0.820966 0.355744
vt 0.814312 0.378865
vt 0.814312 0.362054
vt 0.820734 0.346577
vt 0.838061 0.335250
vt 0.832590 0.334737
vt 0.254288 0.743113
vt 0.159358 0.743113
vt 0.159358 0.726357
vt 0.254288 0.726357
vt 0.159358 0.709546
vt 0.254288 0.709546
vt 0.865529 0.799615
vt 0.861802 0.808017
vt 0.850596 0.780750
vt 0.859148 0.784062
vt 0.847331 0.772182
vt 0.827002 0.768280
vt 0.831868 0.765728
vt 0.865529 0.816426
vt 0.859107 0.831903
vt 0.254288 0.692735
vt 0.159358 0.692735
vt 0.159358 0.675979
vt 0.254288 0.675979
vt 0.388472 0.743711
vt 0.355340 0.743711
vt 0.355340 0.648780
vt 0.388472 0.648780
vt 0.820584 0.735775
vt 0.825761 0.734754
vt 0.392971 0.742964
vt 0.392203 0.747441
vt 0.391095 0.741088
vt 0.391095 0.651402
vt 0.831659 0.302742
vt 0.826483 0.303763
vt 0.611522 0.292188
vt 0.611522 0.297464
vt 0.607813 0.294842
vt 0.607813 0.292188
vt 0.900808 0.737377
vt 0.900808 0.827062
vt 0.897099 0.829685
vt 0.897099 0.734754
vt 0.865529 0.829685
vt 0.865529 0.734754
vt 0.254288 0.759869
vt 0.159358 0.759869
vt 0.374650 0.758927
vt 0.407783 0.758927
vt 0.407783 0.853858
vt 0.374650 0.853858
vt 0.853252 0.298485
vt 0.858429 0.297464
vt 0.755084 0.809832
vt 0.755084 0.904763
vt 0.723514 0.904763
vt 0.723514 0.809832
vt 0.798991 0.740032
vt 0.793815 0.741053
vt 0.719805 0.902140
vt 0.719805 0.812455
vt 0.604104 0.292188
vt 0.607813 0.297464
vt 0.604104 0.294842
vt 0.410405 0.761550
vt 0.410405 0.851235
vt 0.615230 0.292188
vt 0.615230 0.297464
vt 0.611522 0.294811
vt 0.505635 0.956314
vt 0.505635 0.961154
vt 0.464944 0.961154
vt 0.464944 0.956314
vt 0.964108 0.204730
vt 0.966953 0.200814
vt 0.971557 0.199318
vt 0.976160 0.200814
vt 0.979005 0.204730
vt 0.979005 0.209570
vt 0.976160 0.213486
vt 0.971557 0.214982
vt 0.966953 0.213486
vt 0.964108 0.209570
vt 0.505635 0.965995
vt 0.464944 0.965995
vt 0.960638 0.570249
vt 0.965241 0.571745
vt 0.968087 0.575661
vt 0.968087 0.580501
vt 0.965241 0.584417
vt 0.960638 0.585913
vt 0.956034 0.584417
vt 0.953189 0.580501
vt 0.953189 0.575661
vt 0.956034 0.571745
vt 0.505635 0.970835
vt 0.464944 0.970835
vt 0.505635 0.975676
vt 0.464944 0.975676
vt 0.505635 0.927272
vt 0.505635 0.932112
vt 0.464944 0.932112
vt 0.464944 0.927272
vt 0.505635 0.936952
vt 0.464944 0.936952
vt 0.505635 0.941793
vt 0.464944 0.941793
vt 0.505635 0.946633
vt 0.464944 0.946633
vt 0.505635 0.951474
vt 0.464944 0.951474
vt 0.895399 0.713423
vt 0.895399 0.718264
vt 0.854708 0.718264
vt 0.854708 0.713423
vt 0.815940 0.203403
vt 0.818785 0.199487
vt 0.823389 0.197991
vt 0.827992 0.199487
vt 0.830838 0.203403
vt 0.830838 0.208243
vt 0.827992 0.212159
vt 0.823389 0.213655
vt 0.818785 0.212159
vt 0.815940 0.208243
vt 0.895399 0.723104
vt 0.854708 0.723104
vt 0.890592 0.832964
vt 0.895195 0.834460
vt 0.898040 0.838376
vt 0.898040 0.843216
vt 0.895195 0.847132
vt 0.890592 0.848628
vt 0.885988 0.847132
vt 0.883143 0.843216
vt 0.883143 0.838376
vt 0.885988 0.834460
vt 0.895399 0.727944
vt 0.854708 0.727944
vt 0.895399 0.732785
vt 0.854708 0.732785
vt 0.895399 0.684381
vt 0.895399 0.689221
vt 0.854708 0.689221
vt 0.854708 0.684381
vt 0.895399 0.694062
vt 0.854708 0.694062
vt 0.895399 0.698902
vt 0.854708 0.698902
vt 0.895399 0.703742
vt 0.854708 0.703742
vt 0.895399 0.708583
vt 0.854708 0.708583
vt 0.460892 0.298462
vt 0.417250 0.298452
vt 0.428514 0.283555
vt 0.434074 0.282067
vt 0.928738 0.560610
vt 0.928738 0.554854
vt 0.980473 0.554854
vt 0.980473 0.560610
vt 0.422954 0.282064
vt 0.928738 0.549098
vt 0.980473 0.549098
vt 0.568390 0.283555
vt 0.579654 0.298452
vt 0.536011 0.298462
vt 0.562830 0.282067
vt 0.573950 0.282064
vt 0.591088 0.595275
vt 0.591069 0.631969
vt 0.583695 0.636767
vt 0.583695 0.591797
vt 0.565946 0.839332
vt 0.565946 0.882186
vt 0.559154 0.877383
vt 0.559154 0.833740
vt 0.579695 0.343421
vt 0.582912 0.272004
vt 0.582897 0.345398
vt 0.578019 0.277993
vt 0.576287 0.422267
vt 0.576259 0.345398
vt 0.583655 0.348869
vt 0.583695 0.422264
vt 0.576282 0.460846
vt 0.583108 0.460847
vt 0.578012 0.238992
vt 0.583695 0.233425
vt 0.578017 0.266873
vt 0.579508 0.272433
vt 0.928738 0.537585
vt 0.928738 0.531828
vt 0.980473 0.531828
vt 0.980473 0.537585
vt 0.928738 0.543341
vt 0.980473 0.543341
vt 0.413991 0.272004
vt 0.418887 0.266873
vt 0.417396 0.272433
vt 0.418884 0.277993
vt 0.576219 0.636259
vt 0.568822 0.639730
vt 0.568851 0.562861
vt 0.576259 0.562864
vt 0.568846 0.524282
vt 0.575672 0.524281
vt 0.413209 0.233425
vt 0.418892 0.238992
vt 0.417208 0.343421
vt 0.414007 0.345398
vt 0.721966 0.582386
vt 0.716008 0.587189
vt 0.721936 0.535510
vt 0.460882 0.345357
vt 0.460882 0.343482
vt 0.568219 0.728434
vt 0.562261 0.723632
vt 0.562291 0.679957
vt 0.568219 0.685580
vt 0.591088 0.591797
vt 0.598462 0.596595
vt 0.598481 0.633289
vt 0.591088 0.636767
vt 0.409345 0.754619
vt 0.402553 0.758144
vt 0.402553 0.749219
vt 0.409345 0.752744
vt 0.568080 0.924104
vt 0.559154 0.924104
vt 0.559154 0.882186
vt 0.568080 0.882186
vt 0.212370 0.982394
vt 0.212370 0.939540
vt 0.254288 0.939540
vt 0.254288 0.982394
vt 0.741865 0.529887
vt 0.741865 0.573561
vt 0.735904 0.578360
vt 0.735933 0.535506
vt 0.399763 0.749219
vt 0.399763 0.758144
vt 0.392971 0.754619
vt 0.392971 0.752744
vt 0.984812 0.195187
vt 0.948118 0.195187
vt 0.948118 0.153269
vt 0.984812 0.153269
vt 0.568219 0.622655
vt 0.568219 0.679957
vt 0.562261 0.675154
vt 0.562291 0.628278
vt 0.736417 0.232161
vt 0.736417 0.289463
vt 0.694499 0.289463
vt 0.694499 0.232161
vt 0.625613 0.514928
vt 0.625613 0.591797
vt 0.583695 0.514928
vt 0.536022 0.345357
vt 0.536022 0.343482
vt 0.133177 0.890465
vt 0.126385 0.895268
vt 0.126385 0.852414
vt 0.133177 0.846822
vt 0.985788 0.366541
vt 0.985788 0.409395
vt 0.943870 0.409395
vt 0.943870 0.366541
vt 0.917003 0.731902
vt 0.910211 0.734633
vt 0.910211 0.723410
vt 0.917003 0.728213
vt 0.129686 0.979104
vt 0.118463 0.979104
vt 0.118463 0.937186
vt 0.129686 0.937186
vt 0.923795 0.723410
vt 0.923795 0.734633
vt 0.917002 0.731902
vt 0.917002 0.728213
vt 0.910211 0.723120
vt 0.910211 0.731902
vt 0.903419 0.734633
vt 0.903419 0.725490
vt 0.073307 0.876444
vt 0.082450 0.876444
vt 0.082450 0.918362
vt 0.073307 0.918362
vt 0.360794 0.634872
vt 0.360794 0.648749
vt 0.354002 0.646378
vt 0.354002 0.631664
vt 0.133177 0.937186
vt 0.118463 0.895268
vt 0.133177 0.895268
vt 0.896627 0.731902
vt 0.896627 0.723120
vt 0.903419 0.725491
vt 0.369970 0.646379
vt 0.363178 0.648749
vt 0.363178 0.634872
vt 0.369970 0.631664
vt 0.561108 0.628217
vt 0.554094 0.630905
vt 0.550828 0.627778
vt 0.556638 0.623938
vt 0.568449 0.770352
vt 0.562261 0.770352
vt 0.562261 0.728434
vt 0.568449 0.728434
vt 0.545851 0.616539
vt 0.552439 0.614322
vt 0.971769 0.083197
vt 0.961276 0.083197
vt 0.961276 0.041278
vt 0.971769 0.041278
vt 0.404875 0.665836
vt 0.400676 0.675452
vt 0.394089 0.673235
vt 0.399065 0.661995
vt 0.402331 0.658868
vt 0.409345 0.661557
vt 0.399679 0.685230
vt 0.392971 0.684766
vt 0.951447 0.083197
vt 0.951447 0.041278
vt 0.558756 0.266877
vt 0.557865 0.266238
vt 0.561359 0.255192
vt 0.562825 0.262805
vt 0.557267 0.272438
vt 0.549528 0.275269
vt 0.928738 0.508803
vt 0.928738 0.503046
vt 0.980473 0.503046
vt 0.980473 0.508803
vt 0.928738 0.514559
vt 0.980473 0.514559
vt 0.439039 0.266238
vt 0.447376 0.275269
vt 0.439636 0.272438
vt 0.438148 0.266877
vt 0.435544 0.255192
vt 0.434079 0.262805
vt 0.544734 0.605007
vt 0.551442 0.604544
vt 0.548856 0.589833
vt 0.554444 0.593612
vt 0.439189 0.239896
vt 0.434082 0.243064
vt 0.438153 0.238994
vt 0.943870 0.360785
vt 0.995605 0.360785
vt 0.995605 0.366541
vt 0.943870 0.355028
vt 0.995605 0.355028
vt 0.428519 0.261314
vt 0.428522 0.244554
vt 0.562822 0.243064
vt 0.557714 0.239896
vt 0.558751 0.238994
vt 0.568382 0.244554
vt 0.568385 0.261314
vt 0.573942 0.243063
vt 0.573946 0.262803
vt 0.943870 0.349272
vt 0.995605 0.349272
vt 0.928738 0.520316
vt 0.980473 0.520316
vt 0.928738 0.526072
vt 0.980473 0.526072
vt 0.422958 0.262803
vt 0.422961 0.243063
vt 0.943870 0.343515
vt 0.995605 0.343515
vt 0.943870 0.337759
vt 0.995605 0.337759
vt 0.417403 0.233431
vt 0.579501 0.233431
vt 0.578011 0.227871
vt 0.943870 0.332003
vt 0.995605 0.332003
vt 0.573940 0.223801
vt 0.573937 0.203641
vt 0.578008 0.199570
vt 0.943870 0.326246
vt 0.995605 0.326246
vt 0.583691 0.193849
vt 0.418893 0.227871
vt 0.418896 0.199570
vt 0.422966 0.203641
vt 0.422964 0.223801
vt 0.413213 0.193849
vt 0.413209 0.973323
vt 0.413209 0.967566
vt 0.464944 0.967566
vt 0.464944 0.973323
vt 0.417407 0.194010
vt 0.413209 0.979079
vt 0.464944 0.979079
vt 0.568841 0.484707
vt 0.575667 0.484706
vt 0.568835 0.445957
vt 0.575662 0.445956
vt 0.413214 0.155099
vt 0.418898 0.160568
vt 0.418897 0.188450
vt 0.413209 0.961810
vt 0.464944 0.961810
vt 0.413209 0.956054
vt 0.464944 0.956054
vt 0.422968 0.164639
vt 0.422968 0.184379
vt 0.578007 0.188450
vt 0.579497 0.194010
vt 0.573936 0.184379
vt 0.573935 0.164639
vt 0.578006 0.160568
vt 0.583689 0.155099
vt 0.576277 0.500421
vt 0.583103 0.500422
vt 0.576272 0.539171
vt 0.583098 0.539172
vt 0.576267 0.577209
vt 0.583093 0.577210
vt 0.578006 0.149447
vt 0.578007 0.122730
vt 0.583691 0.117060
vt 0.579496 0.155008
vt 0.506620 0.950679
vt 0.506620 0.944923
vt 0.558355 0.944923
vt 0.558355 0.950679
vt 0.506620 0.956435
vt 0.558355 0.956435
vt 0.418898 0.149447
vt 0.417408 0.155008
vt 0.506620 0.939166
vt 0.558355 0.939166
vt 0.422968 0.145377
vt 0.418897 0.122730
vt 0.422968 0.126800
vt 0.413213 0.117060
vt 0.928738 0.464634
vt 0.928738 0.458878
vt 0.980473 0.458878
vt 0.980473 0.464634
vt 0.928738 0.453121
vt 0.980473 0.453121
vt 0.417407 0.117169
vt 0.573935 0.145377
vt 0.573936 0.126800
vt 0.579497 0.117169
vt 0.578008 0.111609
vt 0.928738 0.447365
vt 0.980473 0.447365
vt 0.573937 0.107538
vt 0.583695 0.057100
vt 0.928738 0.441608
vt 0.980473 0.441608
vt 0.568206 0.542073
vt 0.568219 0.621816
vt 0.561108 0.622655
vt 0.561108 0.540554
vt 0.576259 0.639730
vt 0.583051 0.637171
vt 0.521957 0.008161
vt 0.528031 -0.000000
vt 0.573741 0.061231
vt 0.574803 0.067790
vt 0.568377 0.106048
vt 0.572749 0.073444
vt 0.694511 0.165021
vt 0.694522 0.159005
vt 0.746116 0.159005
vt 0.746128 0.165021
vt 0.694528 0.152361
vt 0.746110 0.152361
vt 0.428526 0.106048
vt 0.422966 0.107538
vt 0.422101 0.067790
vt 0.424155 0.073444
vt 0.413209 0.057100
vt 0.423163 0.061231
vt 0.790935 0.586954
vt 0.783825 0.586116
vt 0.783837 0.506372
vt 0.790935 0.504854
vt 0.575657 0.407918
vt 0.568830 0.407918
vt 0.568822 0.345398
vt 0.575615 0.347957
vt 0.418896 0.111609
vt 0.468873 0.000000
vt 0.474946 0.008161
vt 0.562275 0.773522
vt 0.568695 0.770352
vt 0.568695 0.807897
vt 0.562261 0.803094
vt 0.498445 0.000018
vt 0.481840 0.006585
vt 0.694557 0.071140
vt 0.694557 0.064972
vt 0.746081 0.064972
vt 0.746081 0.071140
vt 0.487590 0.008819
vt 0.694557 0.078212
vt 0.746081 0.078212
vt 0.509314 0.008819
vt 0.498459 0.000018
vt 0.515064 0.006585
vt 0.618950 0.804505
vt 0.618950 0.766961
vt 0.625369 0.770130
vt 0.625383 0.799702
vt 0.567564 0.440675
vt 0.567564 0.535953
vt 0.560773 0.531672
vt 0.560773 0.445149
vt 0.505737 0.014515
vt 0.505733 0.066986
vt 0.498452 0.086541
vt 0.694557 0.058246
vt 0.746081 0.058246
vt 0.694558 0.005774
vt 0.746081 0.005774
vt 0.491167 0.014515
vt 0.491171 0.066986
vt 0.489321 0.072456
vt 0.694558 0.000000
vt 0.746081 0.000000
vt 0.567564 0.436394
vt 0.560773 0.440675
vt 0.560773 0.345398
vt 0.567564 0.349871
vt 0.120915 0.843427
vt 0.114001 0.847710
vt 0.116893 0.810277
vt 0.123686 0.806997
vt 0.429022 0.076320
vt 0.480250 0.076565
vt 0.461917 0.086620
vt 0.485007 0.075758
vt 0.694557 0.232161
vt 0.694557 0.226728
vt 0.746081 0.226728
vt 0.746081 0.232161
vt 0.694557 0.221903
vt 0.746081 0.221903
vt 0.511897 0.075758
vt 0.507582 0.072456
vt 0.516654 0.076565
vt 0.567882 0.076320
vt 0.534987 0.086620
vt 0.694499 0.170674
vt 0.746139 0.170674
vt 0.562817 0.107537
vt 0.558746 0.111607
vt 0.545527 0.092001
vt 0.736417 0.248750
vt 0.739534 0.237334
vt 0.746102 0.241631
vt 0.743210 0.252030
vt 0.746102 0.289463
vt 0.739188 0.285180
vt 0.818756 0.946691
vt 0.818756 0.984235
vt 0.776838 0.984235
vt 0.776838 0.946691
vt 0.818756 0.935897
vt 0.776838 0.935897
vt 0.114001 0.799877
vt 0.120568 0.795581
vt 0.082740 0.953031
vt 0.089532 0.956668
vt 0.089532 0.977064
vt 0.082740 0.973132
vt 0.775185 0.985873
vt 0.755084 0.985873
vt 0.755084 0.943955
vt 0.775185 0.943955
vt 0.892876 0.526723
vt 0.888870 0.530624
vt 0.885531 0.524395
vt 0.361511 0.923324
vt 0.355919 0.923324
vt 0.355919 0.881406
vt 0.361511 0.881406
vt 0.542776 0.836068
vt 0.550120 0.833740
vt 0.546781 0.839969
vt 0.211088 0.924267
vt 0.211088 0.944663
vt 0.204296 0.948300
vt 0.204296 0.928199
vt 0.558411 0.848029
vt 0.551647 0.849821
vt 0.372499 0.923324
vt 0.372499 0.881406
vt 0.559154 0.860197
vt 0.552367 0.860568
vt 0.215068 0.924267
vt 0.204296 0.924267
vt 0.204296 0.882348
vt 0.215068 0.882348
vt 0.883284 0.551223
vt 0.876497 0.550852
vt 0.877240 0.538683
vt 0.884004 0.540476
vt 0.886115 0.561428
vt 0.880353 0.564944
vt 0.225658 0.924267
vt 0.225658 0.882348
vt 0.892747 0.570158
vt 0.885257 0.571960
vt 0.625459 0.909032
vt 0.614495 0.909032
vt 0.614495 0.867114
vt 0.625459 0.867114
vt 0.555298 0.874289
vt 0.549536 0.870773
vt 0.550395 0.881305
vt 0.542904 0.879503
vt 0.542776 0.882822
vt 0.412667 0.700787
vt 0.409345 0.700787
vt 0.409345 0.658868
vt 0.412667 0.658868
vt 0.987734 0.777561
vt 0.991935 0.784817
vt 0.985812 0.787852
vt 0.980076 0.778866
vt 0.558744 0.160568
vt 0.557934 0.161213
vt 0.552153 0.155140
vt 0.557255 0.155008
vt 0.557926 0.148820
vt 0.558744 0.149448
vt 0.506620 0.916140
vt 0.506620 0.910384
vt 0.558355 0.910384
vt 0.558355 0.916140
vt 0.506620 0.921897
vt 0.558355 0.921897
vt 0.444751 0.155140
vt 0.438970 0.161213
vt 0.438159 0.160568
vt 0.439649 0.155008
vt 0.438978 0.148820
vt 0.438160 0.149448
vt 0.616762 0.982322
vt 0.622885 0.985357
vt 0.618684 0.992613
vt 0.611026 0.991308
vt 0.892876 0.573476
vt 0.618548 0.971245
vt 0.625156 0.970946
vt 0.435562 0.175398
vt 0.434089 0.164639
vt 0.616666 0.960738
vt 0.622917 0.958131
vt 0.438896 0.187972
vt 0.438158 0.188451
vt 0.434089 0.184380
vt 0.413209 0.950297
vt 0.413209 0.944541
vt 0.464944 0.944541
vt 0.464944 0.950297
vt 0.428529 0.166129
vt 0.428528 0.182890
vt 0.413209 0.938784
vt 0.464944 0.938784
vt 0.562815 0.184380
vt 0.562815 0.164639
vt 0.568375 0.166129
vt 0.568376 0.182890
vt 0.558745 0.188451
vt 0.558007 0.187972
vt 0.561342 0.175398
vt 0.987598 0.798930
vt 0.994206 0.799229
vt 0.985716 0.809437
vt 0.991967 0.812043
vt 0.987705 0.819224
vt 0.980076 0.818285
vt 0.557256 0.194011
vt 0.552159 0.193932
vt 0.554721 0.630905
vt 0.554721 0.638560
vt 0.552145 0.638146
vt 0.401436 0.749219
vt 0.397321 0.741867
vt 0.403618 0.739446
vt 0.409058 0.748508
vt 0.558746 0.199572
vt 0.557925 0.200074
vt 0.401674 0.728073
vt 0.395013 0.728042
vt 0.562817 0.203642
vt 0.561539 0.213616
vt 0.413209 0.933028
vt 0.413209 0.927272
vt 0.464944 0.933028
vt 0.413209 0.996349
vt 0.413209 0.990592
vt 0.464944 0.990592
vt 0.464944 0.996349
vt 0.444745 0.193932
vt 0.438979 0.200074
vt 0.438158 0.199572
vt 0.439648 0.194011
vt 0.435365 0.213616
vt 0.434087 0.203642
vt 0.549084 0.547906
vt 0.555381 0.550328
vt 0.553437 0.561700
vt 0.546776 0.561731
vt 0.553198 0.540554
vt 0.560821 0.541266
vt 0.552145 0.638560
vt 0.554721 0.645802
vt 0.552145 0.646216
vt 0.611026 0.951889
vt 0.618655 0.950950
vt 0.982338 0.041278
vt 0.982338 0.083197
vt 0.622868 0.639730
vt 0.625477 0.639730
vt 0.625477 0.681648
vt 0.622868 0.681648
vt 0.979963 0.929950
vt 0.990456 0.929950
vt 0.990456 0.971869
vt 0.979963 0.971869
vt 0.776979 0.902037
vt 0.766305 0.902037
vt 0.766305 0.860119
vt 0.776979 0.860119
vt 0.555508 0.571854
vt 0.549496 0.575318
vt 0.439181 0.226938
vt 0.438155 0.227874
vt 0.434085 0.223802
vt 0.943870 0.320490
vt 0.943870 0.314733
vt 0.995605 0.314733
vt 0.995605 0.320490
vt 0.428527 0.205132
vt 0.428525 0.222312
vt 0.943870 0.308977
vt 0.995605 0.308977
vt 0.562819 0.223802
vt 0.568377 0.205132
vt 0.568379 0.222312
vt 0.558749 0.227874
vt 0.557722 0.226938
vt 0.557260 0.233434
vt 0.552247 0.233112
vt 0.943870 0.303221
vt 0.995605 0.303221
vt 0.397734 0.714455
vt 0.401800 0.707274
vt 0.409345 0.709154
vt 0.403745 0.717919
vt 0.775849 0.943955
vt 0.765447 0.943955
vt 0.765447 0.902037
vt 0.775849 0.902037
vt 0.755084 0.902037
vt 0.561108 0.580619
vt 0.553563 0.582500
vt 0.560917 0.584410
vt 0.624864 0.633715
vt 0.621068 0.633715
vt 0.621068 0.591797
vt 0.624864 0.591797
vt 0.609732 0.633715
vt 0.598481 0.633715
vt 0.598481 0.591797
vt 0.609732 0.591797
vt 0.397093 0.699941
vt 0.402681 0.696161
vt 0.409154 0.705363
vt 0.444657 0.233112
vt 0.439644 0.233434
vt 0.943870 0.297464
vt 0.995605 0.297464
vt 0.125539 0.847710
vt 0.125539 0.889628
vt 0.114001 0.889628
vt 0.413209 0.984836
vt 0.464944 0.984836
vt 0.755084 0.860119
vt 0.625156 0.950950
vt 0.614495 0.950950
vt 0.625156 0.909032
vt 0.506620 0.979461
vt 0.506620 0.973705
vt 0.558355 0.973705
vt 0.558355 0.979461
vt 0.506620 0.967948
vt 0.558355 0.967948
vt 0.506620 0.962192
vt 0.558355 0.962192
vt 0.435410 0.134652
vt 0.434089 0.145377
vt 0.506620 0.927653
vt 0.558355 0.927653
vt 0.506620 0.933410
vt 0.558355 0.933410
vt 0.428529 0.143887
vt 0.428528 0.128289
vt 0.434089 0.126799
vt 0.561494 0.134652
vt 0.562814 0.145377
vt 0.568375 0.128289
vt 0.568375 0.143887
vt 0.562815 0.126799
vt 0.558598 0.122810
vt 0.558745 0.122728
vt 0.928738 0.481903
vt 0.928738 0.476147
vt 0.980473 0.476147
vt 0.980473 0.481903
vt 0.928738 0.470391
vt 0.980473 0.470391
vt 0.557256 0.117167
vt 0.545774 0.112396
vt 0.928738 0.418583
vt 0.928738 0.412826
vt 0.980473 0.412826
vt 0.980473 0.418583
vt 0.438158 0.122728
vt 0.438306 0.122810
vt 0.439648 0.117167
vt 0.451129 0.112396
vt 0.928738 0.424339
vt 0.980473 0.424339
vt 0.438157 0.111607
vt 0.451377 0.092001
vt 0.928738 0.430096
vt 0.980473 0.430096
vt 0.434087 0.107537
vt 0.928738 0.435852
vt 0.980473 0.435852
vt 0.896627 0.589103
vt 0.896627 0.684381
vt 0.854708 0.589103
vt 0.984312 0.892035
vt 0.946768 0.892035
vt 0.946768 0.850116
vt 0.984312 0.850116
vt 0.783825 0.504854
vt 0.783825 0.586954
vt 0.741907 0.586954
vt 0.741907 0.504854
vt 0.625613 0.297464
vt 0.625613 0.359985
vt 0.583695 0.359985
vt 0.625613 0.398023
vt 0.583695 0.398023
vt 0.625613 0.436773
vt 0.583695 0.436773
vt 0.625613 0.476349
vt 0.583695 0.476349
vt 0.928738 0.497290
vt 0.980473 0.497290
vt 0.453347 0.290282
vt 0.438145 0.277998
vt 0.928738 0.566367
vt 0.980473 0.566367
vt 0.543557 0.290282
vt 0.558759 0.277998
vt 0.545177 0.276501
vt 0.451727 0.276501
vt 0.460893 0.294773
vt 0.536010 0.294773
vt 0.895496 0.211767
vt 0.893053 0.214209
vt 0.889599 0.214209
vt 0.887157 0.211767
vt 0.887157 0.208312
vt 0.889599 0.205870
vt 0.893053 0.205870
vt 0.895496 0.208312
vt 0.059490 0.953329
vt 0.059490 0.876444
vt 0.062944 0.876444
vt 0.062944 0.953329
vt 0.056036 0.953329
vt 0.056036 0.876444
vt 0.052582 0.953329
vt 0.052582 0.876444
vt 0.049127 0.953329
vt 0.049127 0.876444
vt 0.045673 0.953329
vt 0.045673 0.876444
vt 0.069853 0.953329
vt 0.069853 0.876444
vt 0.073307 0.953329
vt 0.066399 0.953329
vt 0.066399 0.876444
vt 0.179038 0.850706
vt 0.205947 0.771713
vt 0.220899 0.772028
vt 0.191073 0.859584
vt 0.887157 0.154144
vt 0.837029 0.154144
vt 0.837029 0.139188
vt 0.887157 0.139188
vt 0.837029 0.119862
vt 0.887157 0.119862
vt 0.223897 0.862563
vt 0.219783 0.869319
vt 0.203365 0.874498
vt 0.248716 0.789706
vt 0.568822 0.839494
vt 0.568822 0.824538
vt 0.618949 0.824538
vt 0.618949 0.839494
vt 0.568822 0.858820
vt 0.618950 0.858820
vt 0.249581 0.781844
vt 0.239739 0.767720
vt 0.287677 0.869247
vt 0.317504 0.781691
vt 0.329539 0.790569
vt 0.302630 0.869562
vt 0.284680 0.778712
vt 0.288794 0.771956
vt 0.305211 0.766778
vt 0.259861 0.851569
vt 0.258869 0.844282
vt 0.279446 0.783878
vt 0.839037 0.626682
vt 0.788910 0.626682
vt 0.788910 0.619328
vt 0.839037 0.619328
vt 0.788910 0.611418
vt 0.839037 0.611418
vt 0.788910 0.704529
vt 0.788910 0.697175
vt 0.839037 0.697175
vt 0.839037 0.704529
vt 0.839037 0.712439
vt 0.788910 0.712439
vt 0.258995 0.859432
vt 0.268838 0.873555
vt 0.266163 0.881406
vt 0.254288 0.872170
vt 0.839037 0.726019
vt 0.788910 0.726019
vt 0.854708 0.734754
vt 0.781644 0.734754
vt 0.854708 0.726019
vt 0.133927 0.939748
vt 0.148971 0.939746
vt 0.133929 0.955419
vt 0.837029 0.111568
vt 0.887157 0.111568
vt 0.160540 0.943023
vt 0.158768 0.955418
vt 0.148971 0.889619
vt 0.204296 0.882352
vt 0.204296 0.909939
vt 0.200831 0.927343
vt 0.176191 0.951955
vt 0.190962 0.942097
vt 0.382563 0.588648
vt 0.382784 0.606405
vt 0.374461 0.606186
vt 0.374229 0.588429
vt 0.383128 0.624165
vt 0.374818 0.623946
vt 0.625613 0.931774
vt 0.625613 0.904187
vt 0.692831 0.904187
vt 0.692831 0.977251
vt 0.671140 0.977251
vt 0.653718 0.973790
vt 0.638948 0.963931
vt 0.629079 0.949177
vt 0.382570 0.570898
vt 0.374229 0.570679
vt 0.382875 0.553155
vt 0.374532 0.552936
vt 0.375257 0.525359
vt 0.383600 0.525578
vt 0.790935 0.505248
vt 0.799272 0.504854
vt 0.799272 0.575222
vt 0.790984 0.572466
vt 0.781644 0.726019
vt 0.133929 0.882348
vt 0.133927 0.889615
vt 0.375339 0.648780
vt 0.383568 0.645851
vt 0.215735 0.882282
vt 0.200691 0.882348
vt 0.254288 0.827184
vt 0.265380 0.794624
vt 0.788910 0.679474
vt 0.839037 0.679474
vt 0.229131 0.857397
vt 0.249708 0.796993
vt 0.254288 0.814091
vt 0.243197 0.846651
vt 0.839037 0.644383
vt 0.788910 0.644383
vt 0.252028 0.831490
vt 0.839037 0.661929
vt 0.788910 0.661929
vt 0.256548 0.809785
vt 0.292842 0.758993
vt 0.307886 0.758927
vt 0.788910 0.597838
vt 0.839037 0.597838
vt 0.854708 0.597838
vt 0.285550 0.897077
vt 0.285552 0.881406
vt 0.300594 0.897079
vt 0.568822 0.867113
vt 0.618949 0.867113
vt 0.312163 0.893802
vt 0.310391 0.881407
vt 0.355919 0.954473
vt 0.300594 0.947206
vt 0.355919 0.926886
vt 0.352454 0.909482
vt 0.327814 0.884870
vt 0.342585 0.894728
vt 0.383832 0.567952
vt 0.392155 0.567734
vt 0.391934 0.585490
vt 0.383600 0.585709
vt 0.384189 0.550192
vt 0.392499 0.549974
vt 0.926914 0.216136
vt 0.994132 0.216136
vt 0.994132 0.243723
vt 0.990666 0.261127
vt 0.980797 0.275881
vt 0.966027 0.285739
vt 0.948605 0.289201
vt 0.926914 0.289201
vt 0.391941 0.603240
vt 0.383600 0.603460
vt 0.392246 0.620983
vt 0.383903 0.621202
vt 0.392971 0.648561
vt 0.384628 0.648780
vt 0.807610 0.505248
vt 0.807561 0.572466
vt 0.781644 0.597838
vt 0.285552 0.954477
vt 0.285550 0.947210
vt 0.384710 0.525359
vt 0.392939 0.528288
vt 0.242414 0.759869
vt 0.254288 0.769105
vt 0.340314 0.804613
vt 0.319737 0.865017
vt 0.568822 0.806837
vt 0.618949 0.806837
vt 0.887157 0.171845
vt 0.837029 0.171845
vt 0.346643 0.811754
vt 0.329110 0.863224
vt 0.887157 0.181387
vt 0.837029 0.181387
vt 0.161934 0.829521
vt 0.179467 0.778051
vt 0.188840 0.776258
vt 0.168263 0.836662
vt 0.568822 0.797295
vt 0.618950 0.797295
vt 0.153960 0.824992
vt 0.170386 0.776770
vt 0.568822 0.788124
vt 0.618950 0.788124
vt 0.354617 0.816283
vt 0.338190 0.864505
vt 0.374650 0.823107
vt 0.358223 0.871329
vt 0.568822 0.766961
vt 0.837029 0.211721
vt 0.837029 0.190558
vt 0.887157 0.190558
vt 0.887157 0.211721
vt 0.133927 0.818168
vt 0.150353 0.769946
vt 0.410806 0.981445
vt 0.360679 0.981445
vt 0.360679 0.930502
vt 0.410806 0.930502
vt 0.643094 0.000933
vt 0.648774 0.000516
vt 0.649048 0.011310
vt 0.643510 0.011525
vt 0.966316 0.089475
vt 0.968269 0.085377
vt 0.972257 0.089365
vt 0.969461 0.093574
vt 0.961543 0.087498
vt 0.963060 0.083219
vt 0.654588 0.000257
vt 0.654079 0.230468
vt 0.648373 0.230534
vt 0.643467 0.021917
vt 0.642658 0.230609
vt 0.641800 0.012200
vt 0.637952 0.006792
vt 0.641355 0.018139
vt 0.506620 0.840127
vt 0.506620 0.833740
vt 0.511530 0.833740
vt 0.511530 0.840127
vt 0.506620 0.903997
vt 0.514778 0.903997
vt 0.511530 0.910384
vt 0.506620 0.846514
vt 0.514778 0.846514
vt 0.637856 0.026867
vt 0.636845 0.023117
vt 0.519336 0.852901
vt 0.506620 0.852901
vt 0.632191 0.027003
vt 0.630700 0.024094
vt 0.637107 0.284076
vt 0.631573 0.283878
vt 0.626579 0.027297
vt 0.626128 0.283790
vt 0.626574 0.023560
vt 0.620964 0.027134
vt 0.620688 0.283849
vt 0.622462 0.024104
vt 0.524905 0.854839
vt 0.530416 0.852901
vt 0.542776 0.859288
vt 0.506620 0.859288
vt 0.473669 0.999512
vt 0.468137 0.996319
vt 0.464944 0.990788
vt 0.464944 0.984401
vt 0.468137 0.978869
vt 0.473669 0.975676
vt 0.480056 0.975676
vt 0.485587 0.978869
vt 0.488780 0.984401
vt 0.488780 0.990788
vt 0.485587 0.996319
vt 0.480056 0.999512
vt 0.542776 0.865675
vt 0.506620 0.865675
vt 0.542776 0.852901
vt 0.542776 0.846514
vt 0.536679 0.846514
vt 0.538435 0.840127
vt 0.542776 0.840127
vt 0.615286 0.026981
vt 0.615459 0.022990
vt 0.609608 0.022098
vt 0.611709 0.018269
vt 0.611219 0.012290
vt 0.609471 0.011685
vt 0.542776 0.833740
vt 0.538435 0.833740
vt 0.544734 0.641985
vt 0.551121 0.641985
vt 0.551121 0.648248
vt 0.544734 0.650004
vt 0.538435 0.910384
vt 0.536679 0.903997
vt 0.542776 0.903997
vt 0.542776 0.910384
vt 0.609911 0.001054
vt 0.614205 0.006925
vt 0.604104 0.000591
vt 0.958938 0.107289
vt 0.957421 0.111568
vt 0.952211 0.109410
vt 0.954164 0.105312
vt 0.693691 0.230611
vt 0.687997 0.230523
vt 0.688804 0.000173
vt 0.694499 0.000261
vt 0.948224 0.105423
vt 0.951019 0.101213
vt 0.609806 0.230576
vt 0.604104 0.230484
vt 0.040143 0.952449
vt 0.045673 0.953549
vt 0.045673 0.980253
vt 0.040143 0.981353
vt 0.034612 0.980253
vt 0.034612 0.953549
vt 0.918057 0.723120
vt 0.901901 0.723120
vt 0.898171 0.721836
vt 0.896627 0.718735
vt 0.896627 0.665928
vt 0.923331 0.665928
vt 0.923331 0.718735
vt 0.921786 0.721836
vt 0.615162 0.284028
vt 0.609391 0.284371
vt 0.610647 0.288124
vt 0.615506 0.287394
vt 0.613718 0.291568
vt 0.616099 0.291148
vt 0.809137 0.565012
vt 0.807610 0.566033
vt 0.807610 0.549877
vt 0.809137 0.550897
vt 0.811301 0.554135
vt 0.812060 0.557955
vt 0.811301 0.561774
vt 0.636130 0.291209
vt 0.636743 0.287447
vt 0.641609 0.288199
vt 0.638516 0.291639
vt 0.631209 0.290971
vt 0.631412 0.287186
vt 0.626098 0.290865
vt 0.626115 0.287053
vt 0.621002 0.290933
vt 0.620820 0.287155
vt 0.642882 0.284444
vt 0.683110 0.000096
vt 0.682037 0.248353
vt 0.687776 0.248737
vt 0.934587 0.214982
vt 0.916839 0.214982
vt 0.916839 0.188278
vt 0.934587 0.188278
vt 0.937127 0.189543
vt 0.938179 0.192598
vt 0.938179 0.210661
vt 0.937127 0.213716
vt 0.681773 0.251114
vt 0.686782 0.251755
vt 0.681398 0.254147
vt 0.684427 0.254612
vt 0.137813 0.752272
vt 0.135475 0.755772
vt 0.133376 0.757174
vt 0.133376 0.739111
vt 0.135475 0.740514
vt 0.137813 0.744014
vt 0.138635 0.748143
vt 0.657521 0.254557
vt 0.655181 0.251689
vt 0.660190 0.251072
vt 0.660553 0.254106
vt 0.665592 0.250826
vt 0.665662 0.253885
vt 0.670983 0.250747
vt 0.670977 0.253825
vt 0.676373 0.250846
vt 0.676291 0.253905
vt 0.670988 0.248043
vt 0.676482 0.248128
vt 0.671707 0.000000
vt 0.677409 0.000036
vt 0.946066 0.100213
vt 0.946066 0.094574
vt 0.950345 0.096091
vt 0.948224 0.089365
vt 0.952322 0.091318
vt 0.747542 0.964688
vt 0.702693 0.961230
vt 0.703017 0.956074
vt 0.747521 0.958329
vt 0.748420 0.970823
vt 0.702242 0.966377
vt 0.585540 0.940673
vt 0.589399 0.931878
vt 0.595744 0.932284
vt 0.597778 0.943119
vt 0.574941 0.928700
vt 0.584170 0.928550
vt 0.560772 0.357878
vt 0.552753 0.357878
vt 0.552754 0.345398
vt 0.560772 0.345398
vt 0.560772 0.373868
vt 0.552753 0.373868
vt 0.937751 0.359051
vt 0.927153 0.371024
vt 0.914914 0.373469
vt 0.904316 0.365732
vt 0.898197 0.349885
vt 0.898197 0.330175
vt 0.904316 0.311883
vt 0.914914 0.299910
vt 0.927152 0.297464
vt 0.937751 0.305201
vt 0.943870 0.321048
vt 0.943870 0.340758
vt 0.560772 0.393157
vt 0.552754 0.393157
vt 0.560772 0.412867
vt 0.552753 0.412867
vt 0.568822 0.890698
vt 0.581996 0.917239
vt 0.581461 0.923192
vt 0.568822 0.910408
vt 0.752226 0.910223
vt 0.701986 0.914777
vt 0.701645 0.909622
vt 0.749796 0.904763
vt 0.749764 0.976675
vt 0.701645 0.971508
vt 0.574941 0.874851
vt 0.585632 0.912288
vt 0.754106 0.916072
vt 0.702246 0.919937
vt 0.964060 0.106615
vt 0.963060 0.111568
vt 0.755084 0.922328
vt 0.702491 0.925097
vt 0.968159 0.103470
vt 0.972257 0.105423
vt 0.968269 0.109410
vt 0.620904 0.001566
vt 0.626597 0.001350
vt 0.626576 0.004340
vt 0.621611 0.003937
vt 0.615505 0.001611
vt 0.530416 0.897610
vt 0.542776 0.897610
vt 0.524905 0.895131
vt 0.542776 0.891223
vt 0.506620 0.891223
vt 0.506620 0.884836
vt 0.542776 0.884836
vt 0.974415 0.096456
vt 0.977608 0.090925
vt 0.983139 0.087732
vt 0.989527 0.087732
vt 0.995058 0.090925
vt 0.998251 0.096456
vt 0.998251 0.102843
vt 0.995058 0.108375
vt 0.989526 0.111568
vt 0.983139 0.111568
vt 0.977608 0.108375
vt 0.974415 0.102843
vt 0.519336 0.897610
vt 0.506620 0.897610
vt 0.632305 0.001775
vt 0.631545 0.004039
vt 0.637598 0.001404
vt 0.974415 0.094574
vt 0.974415 0.100213
vt 0.970136 0.098697
vt 0.754997 0.928687
vt 0.702756 0.930257
vt 0.753915 0.934789
vt 0.703018 0.935417
vt 0.597778 0.869559
vt 0.597741 0.910070
vt 0.591396 0.909663
vt 0.585540 0.867114
vt 0.608376 0.881532
vt 0.602970 0.913398
vt 0.560772 0.455456
vt 0.552753 0.455456
vt 0.552753 0.442976
vt 0.560772 0.442976
vt 0.560772 0.471446
vt 0.552753 0.471446
vt 0.560772 0.490735
vt 0.552753 0.490735
vt 0.560772 0.510445
vt 0.552753 0.510445
vt 0.614495 0.899825
vt 0.605679 0.918756
vt 0.614495 0.919535
vt 0.605144 0.924708
vt 0.752143 0.940526
vt 0.703217 0.940579
vt 0.750148 0.946160
vt 0.703292 0.945745
vt 0.608376 0.935381
vt 0.601508 0.929660
vt 0.748460 0.952067
vt 0.703221 0.950911
vt 0.956421 0.088173
vt 0.957421 0.083219
vt 0.952211 0.085377
vt 0.665996 0.000064
vt 0.665494 0.248107
vt 0.660287 0.000152
vt 0.659938 0.248312
vt 0.654203 0.248667
vt 0.560772 0.540554
vt 0.552753 0.540554
vt 0.552754 0.527432
vt 0.560772 0.527432
vt 0.552753 0.429854
vt 0.560772 0.429854
vt 0.506620 0.878449
vt 0.542776 0.878449
vt 0.506620 0.872062
vt 0.542776 0.872062
vt 0.544734 0.636474
vt 0.551121 0.636474
vt 0.544734 0.630905
vt 0.551121 0.630905
vt 0.808402 0.585061
vt 0.805766 0.586583
vt 0.802721 0.586583
vt 0.800085 0.585061
vt 0.798563 0.582425
vt 0.798563 0.579380
vt 0.800085 0.576744
vt 0.802721 0.575222
vt 0.805766 0.575222
vt 0.808402 0.576744
vt 0.809924 0.579380
vt 0.809924 0.582425
vt 0.946126 0.825980
vt 0.946126 0.829024
vt 0.930491 0.829024
vt 0.930491 0.825980
vt 0.946127 0.832069
vt 0.930492 0.832069
vt 0.946127 0.835113
vt 0.930492 0.835113
vt 0.377451 0.747442
vt 0.380088 0.748964
vt 0.381610 0.751600
vt 0.381610 0.754644
vt 0.380088 0.757281
vt 0.377452 0.758803
vt 0.374407 0.758803
vt 0.371771 0.757281
vt 0.370249 0.754644
vt 0.370249 0.751600
vt 0.371771 0.748964
vt 0.374407 0.747442
vt 0.946127 0.838157
vt 0.930492 0.838157
vt 0.946127 0.841201
vt 0.930492 0.841201
vt 0.946127 0.844246
vt 0.930492 0.844246
vt 0.946126 0.847290
vt 0.930491 0.847290
vt 0.946126 0.810759
vt 0.946126 0.813803
vt 0.930491 0.813803
vt 0.930491 0.810759
vt 0.946126 0.816847
vt 0.930490 0.816847
vt 0.946125 0.819892
vt 0.930490 0.819892
vt 0.946126 0.822936
vt 0.930490 0.822936
vt 0.923748 0.575345
vt 0.922382 0.570249
vt 0.927434 0.570249
vt 0.927150 0.575793
vt 0.370075 0.621345
vt 0.370040 0.616293
vt 0.372933 0.616293
vt 0.372968 0.621345
vt 0.370005 0.611241
vt 0.372898 0.611241
vt 0.921025 0.577434
vt 0.918007 0.572775
vt 0.870636 0.837552
vt 0.867599 0.842729
vt 0.865529 0.836394
vt 0.868959 0.834294
vt 0.873108 0.839506
vt 0.873736 0.847553
vt 0.875076 0.839637
vt 0.883143 0.848628
vt 0.920577 0.580836
vt 0.915481 0.582202
vt 0.915481 0.577150
vt 0.875133 0.837477
vt 0.883143 0.839126
vt 0.873520 0.834899
vt 0.879078 0.832488
vt 0.926068 0.584007
vt 0.927434 0.589103
vt 0.922382 0.589103
vt 0.922666 0.583559
vt 0.918007 0.586577
vt 0.369979 0.596085
vt 0.370005 0.591033
vt 0.372898 0.591033
vt 0.372872 0.596085
vt 0.369970 0.601137
vt 0.372863 0.601137
vt 0.369979 0.606189
vt 0.372872 0.606189
vt 0.941236 0.570249
vt 0.946288 0.570249
vt 0.950663 0.572775
vt 0.953189 0.577150
vt 0.953189 0.582202
vt 0.950663 0.586577
vt 0.946288 0.589103
vt 0.941236 0.589103
vt 0.936861 0.586577
vt 0.934335 0.582202
vt 0.934335 0.577150
vt 0.936861 0.572775
vt 0.370040 0.585982
vt 0.372933 0.585982
vt 0.370040 0.646605
vt 0.370075 0.641553
vt 0.372968 0.641553
vt 0.372933 0.646605
vt 0.928791 0.581918
vt 0.931809 0.586577
vt 0.370101 0.636501
vt 0.372993 0.636501
vt 0.867348 0.830878
vt 0.867566 0.831095
vt 0.873073 0.829685
vt 0.870691 0.832781
vt 0.929239 0.578516
vt 0.931809 0.572775
vt 0.370110 0.631449
vt 0.370101 0.626397
vt 0.372993 0.626397
vt 0.373003 0.631449
vt 0.671064 0.308774
vt 0.671338 0.297980
vt 0.677018 0.298397
vt 0.676602 0.308989
vt 0.182027 0.957577
vt 0.186014 0.961564
vt 0.181916 0.963517
vt 0.177818 0.960372
vt 0.188172 0.966774
vt 0.183893 0.968290
vt 0.666034 0.527932
vt 0.665524 0.297722
vt 0.671739 0.527998
vt 0.676645 0.319381
vt 0.677454 0.528073
vt 0.678312 0.309664
vt 0.682160 0.304256
vt 0.678757 0.315603
vt 0.405896 0.924115
vt 0.410806 0.924115
vt 0.405896 0.930502
vt 0.402647 0.917728
vt 0.410806 0.917728
vt 0.405896 0.853858
vt 0.410806 0.853858
vt 0.410806 0.860245
vt 0.402647 0.860245
vt 0.682256 0.324331
vt 0.683267 0.320581
vt 0.398090 0.866632
vt 0.410806 0.866632
vt 0.689413 0.321558
vt 0.687921 0.324467
vt 0.683005 0.581540
vt 0.688539 0.581342
vt 0.693533 0.324761
vt 0.693984 0.581254
vt 0.693538 0.321023
vt 0.699148 0.324598
vt 0.699425 0.581313
vt 0.697651 0.321568
vt 0.392521 0.868571
vt 0.374650 0.873019
vt 0.387010 0.866632
vt 0.410806 0.873019
vt 0.261713 0.973105
vt 0.261713 0.966717
vt 0.264907 0.961186
vt 0.270438 0.957993
vt 0.276825 0.957993
vt 0.282356 0.961186
vt 0.285550 0.966718
vt 0.285550 0.973105
vt 0.282356 0.978636
vt 0.276825 0.981829
vt 0.270438 0.981829
vt 0.264907 0.978636
vt 0.374650 0.879406
vt 0.410806 0.879406
vt 0.374650 0.866632
vt 0.374650 0.860245
vt 0.380747 0.860245
vt 0.378991 0.853858
vt 0.704653 0.320454
vt 0.704826 0.324445
vt 0.710504 0.319561
vt 0.708403 0.315733
vt 0.708893 0.309754
vt 0.710642 0.309149
vt 0.378991 0.930502
vt 0.374650 0.930502
vt 0.374650 0.924115
vt 0.378991 0.924115
vt 0.561108 0.632661
vt 0.561108 0.638924
vt 0.554721 0.638924
vt 0.374650 0.917728
vt 0.380747 0.917728
vt 0.705907 0.304388
vt 0.710202 0.298518
vt 0.716008 0.298055
vt 0.161982 0.977622
vt 0.159824 0.972413
vt 0.164103 0.970896
vt 0.166080 0.975669
vt 0.631308 0.297638
vt 0.632115 0.527987
vt 0.626421 0.528075
vt 0.625613 0.297725
vt 0.165969 0.981610
vt 0.170179 0.978814
vt 0.710306 0.528040
vt 0.716008 0.527948
vt 0.315232 0.982281
vt 0.315232 0.955577
vt 0.320762 0.954477
vt 0.320762 0.983381
vt 0.326293 0.955577
vt 0.326293 0.982281
vt 0.252744 0.938256
vt 0.249014 0.939540
vt 0.232858 0.939540
vt 0.229129 0.938256
vt 0.227584 0.935155
vt 0.227584 0.882348
vt 0.254288 0.882348
vt 0.254288 0.935155
vt 0.704951 0.581492
vt 0.710721 0.581835
vt 0.709465 0.585588
vt 0.704606 0.584858
vt 0.706394 0.589032
vt 0.704013 0.588612
vt 0.807610 0.533721
vt 0.809137 0.534741
vt 0.811300 0.537979
vt 0.812060 0.541799
vt 0.811300 0.545618
vt 0.809137 0.548856
vt 0.678503 0.585663
vt 0.683369 0.584911
vt 0.683982 0.588673
vt 0.681596 0.589103
vt 0.688700 0.584650
vt 0.688903 0.588435
vt 0.693997 0.584517
vt 0.694014 0.588329
vt 0.699292 0.584619
vt 0.699110 0.588397
vt 0.677230 0.581908
vt 0.637003 0.297560
vt 0.638075 0.545817
vt 0.632337 0.546201
vt 0.209513 0.955419
vt 0.209513 0.982123
vt 0.191765 0.982123
vt 0.189225 0.980857
vt 0.188172 0.977802
vt 0.188172 0.959739
vt 0.189225 0.956684
vt 0.191765 0.955419
vt 0.638339 0.548578
vt 0.633330 0.549219
vt 0.638714 0.551611
vt 0.635685 0.552076
vt 0.128340 0.769618
vt 0.130439 0.771020
vt 0.132777 0.774521
vt 0.133599 0.778650
vt 0.132777 0.782779
vt 0.130439 0.786279
vt 0.128340 0.787681
vt 0.659922 0.548536
vt 0.664931 0.549153
vt 0.662591 0.552021
vt 0.659559 0.551570
vt 0.654520 0.548290
vt 0.654450 0.551349
vt 0.649129 0.548211
vt 0.649135 0.551289
vt 0.643739 0.548310
vt 0.643821 0.551369
vt 0.643630 0.545592
vt 0.649124 0.545508
vt 0.642704 0.297500
vt 0.648405 0.297464
vt 0.176818 0.983768
vt 0.171179 0.983768
vt 0.175301 0.979489
vt 0.182027 0.981610
vt 0.180074 0.977511
vt 0.929301 0.609705
vt 0.928978 0.604548
vt 0.973826 0.601090
vt 0.973806 0.607449
vt 0.928526 0.599402
vt 0.974705 0.594955
vt 0.919559 0.799925
vt 0.925905 0.799518
vt 0.929764 0.808313
vt 0.917526 0.810759
vt 0.931133 0.796190
vt 0.940362 0.796340
vt 0.544734 0.540554
vt 0.544734 0.528074
vt 0.552753 0.528074
vt 0.544734 0.512084
vt 0.552753 0.512084
vt 0.016718 0.876444
vt 0.028956 0.878889
vt 0.039554 0.890862
vt 0.045673 0.909155
vt 0.045673 0.928865
vt 0.039554 0.944712
vt 0.028956 0.952449
vt 0.016718 0.950003
vt 0.006119 0.938030
vt 0.000000 0.919738
vt 0.000000 0.900028
vt 0.006119 0.884181
vt 0.544734 0.492796
vt 0.552753 0.492796
vt 0.544734 0.473085
vt 0.552753 0.473085
vt 0.933842 0.790832
vt 0.933307 0.784880
vt 0.946481 0.758338
vt 0.946481 0.778048
vt 0.927929 0.656157
vt 0.928270 0.651001
vt 0.978511 0.655556
vt 0.976081 0.661016
vt 0.927929 0.594270
vt 0.976049 0.589103
vt 0.929671 0.779928
vt 0.940362 0.742491
vt 0.928530 0.645842
vt 0.980391 0.649707
vt 0.159824 0.966774
vt 0.164777 0.965774
vt 0.928776 0.640681
vt 0.981369 0.643450
vt 0.161982 0.961564
vt 0.165969 0.957577
vt 0.167922 0.961675
vt 0.693536 0.301804
vt 0.693515 0.298814
vt 0.699208 0.299030
vt 0.698501 0.301401
vt 0.704607 0.299075
vt 0.374650 0.911341
vt 0.387010 0.911341
vt 0.392521 0.908862
vt 0.374650 0.904954
vt 0.374650 0.898567
vt 0.410806 0.898567
vt 0.410806 0.904954
vt 0.976163 0.834336
vt 0.976163 0.827949
vt 0.979357 0.822418
vt 0.984888 0.819224
vt 0.991275 0.819224
vt 0.996807 0.822418
vt 1.000000 0.827949
vt 1.000000 0.834336
vt 0.996807 0.839867
vt 0.991275 0.843061
vt 0.984888 0.843061
vt 0.979357 0.839867
vt 0.410806 0.911341
vt 0.398090 0.911341
vt 0.688567 0.301503
vt 0.687808 0.299239
vt 0.682514 0.298868
vt 0.171179 0.955419
vt 0.176818 0.955419
vt 0.172695 0.959698
vt 0.929040 0.635521
vt 0.981281 0.637092
vt 0.929302 0.630361
vt 0.980200 0.630989
vt 0.923908 0.777304
vt 0.917562 0.777710
vt 0.917526 0.737199
vt 0.929764 0.734754
vt 0.912334 0.781038
vt 0.906927 0.749172
vt 0.544734 0.442976
vt 0.544734 0.430496
vt 0.552753 0.430496
vt 0.544734 0.414506
vt 0.552753 0.414506
vt 0.544734 0.395217
vt 0.552753 0.395217
vt 0.544734 0.375507
vt 0.552753 0.375507
vt 0.909624 0.786396
vt 0.900808 0.767465
vt 0.910159 0.792349
vt 0.900808 0.787175
vt 0.929501 0.625199
vt 0.978428 0.625252
vt 0.929577 0.620033
vt 0.976433 0.619619
vt 0.913796 0.797300
vt 0.906927 0.803022
vt 0.929506 0.614867
vt 0.974744 0.613712
vt 0.188172 0.972413
vt 0.183219 0.973413
vt 0.186014 0.977622
vt 0.654116 0.297528
vt 0.654618 0.545572
vt 0.659825 0.297616
vt 0.660174 0.545776
vt 0.665909 0.546131
vt 0.544734 0.358520
vt 0.544734 0.345398
vt 0.552753 0.345398
vt 0.552753 0.358520
vt 0.544734 0.456098
vt 0.552753 0.456098
vt 0.374650 0.892180
vt 0.410806 0.892180
vt 0.374650 0.885793
vt 0.410806 0.885793
vt 0.561108 0.644435
vt 0.554721 0.644435
vt 0.561108 0.650004
vt 0.554721 0.650004
vt 0.385769 0.747442
vt 0.388813 0.747442
vt 0.391449 0.748964
vt 0.392971 0.751600
vt 0.392971 0.754644
vt 0.391449 0.757281
vt 0.388813 0.758803
vt 0.385769 0.758803
vt 0.383132 0.757281
vt 0.383132 0.748964
vt 0.946768 0.919433
vt 0.962404 0.919433
vt 0.962403 0.922477
vt 0.946768 0.922477
vt 0.946769 0.916389
vt 0.962404 0.916389
vt 0.946769 0.913344
vt 0.962404 0.913344
vt 0.362543 0.747441
vt 0.365179 0.748964
vt 0.366701 0.751600
vt 0.366701 0.754644
vt 0.365179 0.757281
vt 0.362543 0.758803
vt 0.359499 0.758803
vt 0.356862 0.757281
vt 0.355340 0.754644
vt 0.355340 0.751600
vt 0.356862 0.748964
vt 0.359499 0.747441
vt 0.946769 0.910300
vt 0.962404 0.910300
vt 0.946769 0.907256
vt 0.962404 0.907256
vt 0.946769 0.904212
vt 0.962404 0.904212
vt 0.946769 0.901167
vt 0.962404 0.901167
vt 0.946768 0.898123
vt 0.962403 0.898123
vt 0.946768 0.895079
vt 0.962403 0.895079
vt 0.962403 0.892035
vt 0.946768 0.925521
vt 0.962403 0.925521
vt 0.962403 0.928566
vt 0.946768 0.928566
vt 0.961582 0.212456
vt 0.957207 0.214982
vt 0.955841 0.209885
vt 0.958564 0.207796
vt 0.370040 0.570826
vt 0.372933 0.570826
vt 0.372898 0.575878
vt 0.370005 0.575878
vt 0.370075 0.565774
vt 0.372968 0.565774
vt 0.952155 0.214982
vt 0.952439 0.209437
vt 0.542776 0.906842
vt 0.542776 0.903411
vt 0.549625 0.903411
vt 0.549625 0.906842
vt 0.542776 0.899979
vt 0.549625 0.899979
vt 0.542776 0.896548
vt 0.549625 0.896548
vt 0.947780 0.212456
vt 0.945254 0.208081
vt 0.950350 0.206715
vt 0.542776 0.893116
vt 0.549625 0.893116
vt 0.542776 0.889685
vt 0.549625 0.889685
vt 0.947780 0.198653
vt 0.952155 0.196128
vt 0.953521 0.201224
vt 0.950798 0.203313
vt 0.945254 0.203029
vt 0.370075 0.545566
vt 0.372968 0.545566
vt 0.372993 0.550618
vt 0.370100 0.550618
vt 0.373003 0.555670
vt 0.370110 0.555670
vt 0.372993 0.560722
vt 0.370100 0.560722
vt 0.912955 0.586577
vt 0.908580 0.589103
vt 0.903528 0.589103
vt 0.899153 0.586577
vt 0.896627 0.582202
vt 0.896627 0.577150
vt 0.899153 0.572775
vt 0.903528 0.570249
vt 0.908580 0.570249
vt 0.912955 0.572775
vt 0.370040 0.540514
vt 0.372933 0.540514
vt 0.370005 0.535462
vt 0.372898 0.535462
vt 0.957207 0.196127
vt 0.956923 0.201672
vt 0.961582 0.198653
vt 0.369979 0.530411
vt 0.372872 0.530411
vt 0.542776 0.886253
vt 0.549625 0.882822
vt 0.549625 0.886253
vt 0.964108 0.203029
vt 0.959012 0.204394
vt 0.542776 0.910274
vt 0.549625 0.910274
vt 0.964108 0.208081
vt 0.369979 0.580930
vt 0.372872 0.580930
vt 0.372863 0.585982
vt 0.369970 0.585982
vt 0.369970 0.525359
vt 0.372863 0.525359
vt 0.574594 0.976086
vt 0.572898 0.977390
vt 0.568822 0.968925
vt 0.570835 0.968168
vt 0.460182 0.345398
vt 0.460182 0.654508
vt 0.450788 0.654508
vt 0.450788 0.345398
vt 0.422604 0.345398
vt 0.422604 0.654508
vt 0.413209 0.345398
vt 0.441393 0.654508
vt 0.441393 0.345398
vt 0.431998 0.654508
vt 0.431998 0.345398
vt 0.469577 0.345398
vt 0.469577 0.654508
vt 0.544734 0.654508
vt 0.535340 0.654508
vt 0.535340 0.345398
vt 0.478972 0.345398
vt 0.478972 0.654508
vt 0.525945 0.654508
vt 0.525945 0.345398
vt 0.488366 0.345398
vt 0.488366 0.654508
vt 0.497761 0.345398
vt 0.497761 0.654508
vt 0.507156 0.345398
vt 0.507156 0.654508
vt 0.516550 0.345398
vt 0.516550 0.654508
vt 0.033236 0.962672
vt 0.000000 0.962672
vt 0.000000 0.957561
vt 0.033236 0.957561
vt 0.589707 0.957328
vt 0.598562 0.945209
vt 0.605907 0.951066
vt 0.594334 0.959501
vt 0.568822 0.959531
vt 0.570822 0.960129
vt 0.572898 0.951066
vt 0.572737 0.954610
vt 0.596070 0.964309
vt 0.609983 0.968925
vt 0.605907 0.977390
vt 0.593897 0.968936
vt 0.589403 0.943118
vt 0.609983 0.959531
vt 0.598562 0.983247
vt 0.584899 0.959064
vt 0.580243 0.945209
vt 0.589403 0.985338
vt 0.589089 0.970671
vt 0.580981 0.980669
vt 0.580244 0.983247
vt 0.033236 0.993343
vt 0.000000 0.993343
vt 0.000000 0.988231
vt 0.033236 0.988231
vt 0.000000 0.952449
vt 0.033236 0.952449
vt 0.033236 0.972896
vt 0.000000 0.972896
vt 0.000000 0.967784
vt 0.033236 0.967784
vt 0.033236 0.983119
vt 0.000000 0.983119
vt 0.000000 0.978007
vt 0.033236 0.978007
vt 0.139738 0.747468
vt 0.140674 0.739111
vt 0.149548 0.749035
vt 0.143200 0.754711
vt 0.158422 0.758958
vt 0.150013 0.758958
vt 0.159358 0.750602
vt 0.155895 0.743358
vt 0.149082 0.739111
vt 0.133376 0.752992
vt 0.128340 0.752992
vt 0.128340 0.744953
vt 0.133376 0.744953
vt 0.942623 0.197097
vt 0.939828 0.195426
vt 0.942856 0.190825
vt 0.945254 0.192867
vt 0.575820 0.966291
vt 0.575855 0.961635
vt 0.582727 0.963691
vt 0.584462 0.968499
vt 0.578950 0.972736
vt 0.552136 0.899626
vt 0.559154 0.899626
vt 0.559154 0.904415
vt 0.552136 0.904415
vt 0.552136 0.887804
vt 0.559154 0.887804
vt 0.559154 0.892460
vt 0.552136 0.892460
vt 0.577366 0.956887
vt 0.133376 0.761757
vt 0.128340 0.761757
vt 0.128340 0.739111
vt 0.133376 0.769618
vt 0.552136 0.882822
vt 0.559154 0.882822
vt 0.945254 0.212789
vt 0.943978 0.214982
vt 0.939758 0.209973
vt 0.942897 0.208619
vt 0.694499 0.294499
vt 0.699658 0.289463
vt 0.699658 0.296481
vt 0.696509 0.296482
vt 0.938179 0.201969
vt 0.941445 0.201602
vt 0.810452 0.517858
vt 0.807610 0.517983
vt 0.809288 0.510122
vt 0.811862 0.511259
vt 0.811294 0.525973
vt 0.808516 0.526702
vt 0.811813 0.504854
vt 0.814243 0.506292
vt 0.814243 0.531821
vt 0.812056 0.533721
vt 0.559154 0.909064
vt 0.554118 0.909064
vt 0.552136 0.906952
vt 0.582259 0.976199
vt 0.950557 0.742702
vt 0.957902 0.736844
vt 0.967062 0.734754
vt 0.976221 0.736844
vt 0.983566 0.742702
vt 0.987642 0.751166
vt 0.987642 0.760561
vt 0.983566 0.769025
vt 0.976221 0.774883
vt 0.967062 0.776973
vt 0.957902 0.774883
vt 0.950557 0.769025
vt 0.946481 0.760561
vt 0.946481 0.751166
vt 0.749846 0.492519
vt 0.743003 0.480836
vt 0.741907 0.467340
vt 0.746774 0.454706
vt 0.756642 0.445434
vt 0.761598 0.443872
vt 0.781296 0.443057
vt 0.782957 0.443297
vt 0.794191 0.450854
vt 0.801035 0.462538
vt 0.801650 0.470266
vt 0.808497 0.474876
vt 0.806804 0.483267
vt 0.814312 0.488322
vt 0.810006 0.497310
vt 0.803555 0.504854
vt 0.796047 0.499799
vt 0.788909 0.504523
vt 0.782062 0.499912
vt 0.774482 0.502011
vt 0.761081 0.500077
vt 0.930490 0.847269
vt 0.900808 0.847269
vt 0.900808 0.839517
vt 0.930490 0.839517
vt 0.692831 0.963551
vt 0.692831 0.933869
vt 0.701086 0.933869
vt 0.701086 0.963551
vt 0.741907 0.334978
vt 0.743003 0.321482
vt 0.749846 0.309799
vt 0.761081 0.302241
vt 0.774482 0.300307
vt 0.782062 0.302406
vt 0.788909 0.297795
vt 0.796048 0.302519
vt 0.803555 0.297464
vt 0.810006 0.305008
vt 0.814312 0.313996
vt 0.806804 0.319051
vt 0.808497 0.327442
vt 0.801650 0.332053
vt 0.801035 0.339781
vt 0.794191 0.351464
vt 0.782957 0.359021
vt 0.781296 0.359261
vt 0.761598 0.358446
vt 0.756642 0.356884
vt 0.746774 0.347612
vt 0.701391 0.904187
vt 0.701391 0.933869
vt 0.073399 0.948044
vt 0.073399 0.918362
vt 0.082450 0.948044
vt 0.972330 0.892035
vt 0.982297 0.892035
vt 0.982297 0.921717
vt 0.972330 0.921717
vt 0.962405 0.892035
vt 0.962405 0.921717
vt 0.559029 0.924104
vt 0.568080 0.953786
vt 0.559029 0.953786
vt 0.935181 0.373469
vt 0.943740 0.373469
vt 0.943740 0.403151
vt 0.935181 0.403151
vt 0.074195 0.948044
vt 0.082450 0.977726
vt 0.074195 0.977726
vt 0.916839 0.198004
vt 0.916839 0.205870
vt 0.887157 0.205870
vt 0.887157 0.198004
vt 0.916839 0.184464
vt 0.887157 0.184464
vt 0.916839 0.170924
vt 0.887157 0.170924
vt 0.916839 0.157384
vt 0.887157 0.157384
vt 0.916839 0.143844
vt 0.887157 0.143844
vt 0.916839 0.130304
vt 0.887157 0.130304
vt 0.887157 0.116764
vt 0.916839 0.116764
vt 0.916839 0.111568
vt 0.780762 0.419473
vt 0.760911 0.419561
vt 0.315232 0.985509
vt 0.285550 0.985509
vt 0.285550 0.961189
vt 0.315232 0.961189
vt 0.760775 0.414426
vt 0.780745 0.414492
vt 0.287515 0.956443
vt 0.313266 0.956443
vt 0.780745 0.387826
vt 0.760775 0.387892
vt 0.760911 0.382757
vt 0.780762 0.382845
vt 0.974198 0.847391
vt 0.948447 0.847391
vt 0.946481 0.842815
vt 0.976163 0.842815
vt 0.946481 0.819224
vt 0.976163 0.819224
vt 0.930490 0.812437
vt 0.900808 0.812437
vt 0.900808 0.810759
vt 0.930490 0.810759
vt 0.930490 0.825977
vt 0.900808 0.825976
vt 0.780617 0.393028
vt 0.760728 0.393028
vt 0.969453 0.849528
vt 0.953192 0.849528
vt 0.760728 0.409290
vt 0.780617 0.409290
vt 0.770718 0.407963
vt 0.774114 0.407029
vt 0.777477 0.401114
vt 0.776588 0.404522
vt 0.946933 0.791537
vt 0.980068 0.791052
vt 0.980076 0.794574
vt 0.946941 0.794817
vt 0.946884 0.788258
vt 0.980015 0.787530
vt 0.878479 0.586290
vt 0.879415 0.585355
vt 0.882255 0.586995
vt 0.881913 0.588272
vt 0.885535 0.586995
vt 0.885877 0.588272
vt 0.748888 0.222032
vt 0.812437 0.235209
vt 0.811753 0.239115
vt 0.747440 0.230304
vt 0.811318 0.243055
vt 0.746517 0.238651
vt 0.935181 0.397553
vt 0.932416 0.396811
vt 0.932457 0.388388
vt 0.935178 0.387688
vt 0.928417 0.381078
vt 0.930449 0.379155
vt 0.930180 0.406418
vt 0.928111 0.404256
vt 0.811140 0.247015
vt 0.746139 0.247041
vt 0.921067 0.410946
vt 0.920452 0.408160
vt 0.811233 0.250979
vt 0.746334 0.255437
vt 0.889310 0.586290
vt 0.888375 0.585355
vt 0.890015 0.582514
vt 0.891293 0.582856
vt 0.946914 0.798097
vt 0.980047 0.798096
vt 0.979992 0.801618
vt 0.946863 0.801376
vt 0.767310 0.407074
vt 0.979923 0.805140
vt 0.946798 0.804655
vt 0.764803 0.404600
vt 0.979847 0.808661
vt 0.946727 0.807934
vt 0.763868 0.401204
vt 0.890015 0.579234
vt 0.891293 0.578892
vt 0.888375 0.576394
vt 0.889310 0.575459
vt 0.811607 0.254926
vt 0.747126 0.263798
vt 0.812268 0.258834
vt 0.748528 0.272078
vt 0.912042 0.407770
vt 0.911219 0.410441
vt 0.902944 0.405280
vt 0.904958 0.403367
vt 0.898197 0.396757
vt 0.900908 0.396080
vt 0.813218 0.262684
vt 0.750539 0.280232
vt 0.898197 0.386885
vt 0.900945 0.387662
vt 0.814447 0.266453
vt 0.753143 0.288216
vt 0.885535 0.574754
vt 0.885877 0.573476
vt 0.882255 0.574754
vt 0.881912 0.573476
vt 0.979768 0.812182
vt 0.946654 0.811213
vt 0.979682 0.815703
vt 0.946574 0.814492
vt 0.764757 0.397796
vt 0.767231 0.395289
vt 0.770627 0.394355
vt 0.979583 0.819224
vt 0.946481 0.817771
vt 0.774035 0.395244
vt 0.946481 0.778427
vt 0.979583 0.776973
vt 0.979766 0.780491
vt 0.946652 0.781702
vt 0.878479 0.575459
vt 0.879414 0.576394
vt 0.877775 0.579234
vt 0.876497 0.578892
vt 0.756308 0.197991
vt 0.815940 0.223861
vt 0.814529 0.227566
vt 0.753319 0.205839
vt 0.815940 0.270125
vt 0.756308 0.295995
vt 0.903203 0.378011
vt 0.905243 0.380205
vt 0.912321 0.373469
vt 0.912902 0.376275
vt 0.922179 0.373977
vt 0.921326 0.376656
vt 0.813362 0.231354
vt 0.750848 0.213865
vt 0.877775 0.582514
vt 0.876497 0.582856
vt 0.979913 0.784010
vt 0.946789 0.784979
vt 0.776542 0.397718
vt 0.920547 0.379087
vt 0.926559 0.382818
vt 0.913437 0.378814
vt 0.929983 0.389007
vt 0.919749 0.381550
vt 0.924656 0.384569
vt 0.927463 0.389602
vt 0.929920 0.396118
vt 0.927401 0.395372
vt 0.926263 0.402320
vt 0.924434 0.400345
vt 0.919889 0.405648
vt 0.919342 0.403090
vt 0.912791 0.405359
vt 0.913580 0.402907
vt 0.906784 0.401652
vt 0.908665 0.399915
vt 0.903355 0.395486
vt 0.905855 0.394899
vt 0.903416 0.388383
vt 0.905922 0.389136
vt 0.907066 0.382172
vt 0.908893 0.384156
vt 0.913981 0.381386
vt 0.292260 0.954477
vt 0.308522 0.954477
vt 0.963990 0.727772
vt 0.964220 0.732024
vt 0.948515 0.729533
vt 0.950159 0.725496
vt 0.934882 0.720275
vt 0.938387 0.717293
vt 0.952048 0.721000
vt 0.942228 0.714025
vt 0.963751 0.723003
vt 0.932178 0.704352
vt 0.936921 0.703217
vt 0.927929 0.705337
vt 0.932085 0.690343
vt 0.936755 0.691334
vt 0.927929 0.689444
vt 0.934517 0.675244
vt 0.937869 0.677790
vt 0.946392 0.665177
vt 0.948355 0.668895
vt 0.941631 0.680637
vt 0.950556 0.673073
vt 0.961653 0.665251
vt 0.961894 0.670002
vt 0.961440 0.661016
vt 0.975409 0.667585
vt 0.973533 0.672055
vt 0.977060 0.663572
vt 0.990596 0.672814
vt 0.987104 0.675791
vt 0.997583 0.687640
vt 0.993361 0.688633
vt 0.983262 0.679037
vt 0.988645 0.689758
vt 0.993470 0.702573
vt 0.988819 0.701578
vt 0.997615 0.703456
vt 0.987756 0.715119
vt 0.983992 0.712269
vt 0.991117 0.717646
vt 0.979303 0.727792
vt 0.977322 0.724079
vt 0.975107 0.719908
vt 0.972942 0.715831
vt 0.980294 0.709504
vt 0.963532 0.718345
vt 0.984265 0.700635
vt 0.945297 0.683411
vt 0.952707 0.677166
vt 0.962097 0.674648
vt 0.971681 0.676396
vt 0.979565 0.682182
vt 0.984057 0.690890
vt 0.953895 0.716620
vt 0.945931 0.710874
vt 0.941536 0.702089
vt 0.941325 0.692295
vt 0.887247 0.489016
vt 0.887247 0.335976
vt 0.888553 0.334293
vt 0.891707 0.332859
vt 0.902911 0.332859
vt 0.902911 0.493639
vt 0.891458 0.493639
vt 0.888480 0.492285
vt 0.917269 0.334293
vt 0.918575 0.335976
vt 0.918575 0.489016
vt 0.917342 0.492285
vt 0.914364 0.493639
vt 0.914115 0.332859
vt 0.017812 0.436667
vt 0.014310 0.436667
vt 0.014310 0.416592
vt 0.017812 0.416610
vt 0.602154 0.729293
vt 0.614940 0.729293
vt 0.614940 0.893130
vt 0.602154 0.893130
vt 0.560074 0.898219
vt 0.560074 0.895952
vt 0.572584 0.895954
vt 0.580153 0.898219
vt 0.967639 0.741270
vt 0.969463 0.739979
vt 0.969463 0.789816
vt 0.967639 0.789817
vt 0.580150 0.729083
vt 0.577564 0.890964
vt 0.577598 0.736729
vt 0.992362 0.442748
vt 0.988893 0.442278
vt 0.988893 0.273151
vt 0.992366 0.273568
vt 0.845288 0.333365
vt 0.865392 0.333365
vt 0.865392 0.502545
vt 0.845335 0.502545
vt 0.951975 0.736647
vt 0.951975 0.735277
vt 0.964761 0.735277
vt 0.963428 0.736647
vt 0.576105 0.894493
vt 0.447010 0.867684
vt 0.443646 0.862752
vt 0.443199 0.687667
vt 0.447010 0.687417
vt 0.450821 0.867684
vt 0.450821 0.687314
vt 0.576223 0.733396
vt 0.572899 0.732015
vt 0.618539 0.893130
vt 0.618539 0.729195
vt 0.622137 0.893130
vt 0.622137 0.728959
vt 0.463330 0.687314
vt 0.463330 0.867684
vt 0.966406 0.738002
vt 0.968086 0.736654
vt 0.781442 0.366412
vt 0.738048 0.366412
vt 0.738048 0.213372
vt 0.776509 0.261919
vt 0.695071 0.972010
vt 0.695071 0.928617
vt 0.697201 0.928617
vt 0.697201 0.972010
vt 0.310026 0.934822
vt 0.310026 0.973282
vt 0.298574 0.973282
vt 0.298574 0.934822
vt 0.443646 0.867684
vt 0.295302 0.973282
vt 0.295302 0.934822
vt 0.291808 0.973282
vt 0.291808 0.934822
vt 0.178117 0.440005
vt 0.178117 0.615091
vt 0.073623 0.614798
vt 0.967642 0.795643
vt 0.967640 0.792866
vt 0.969464 0.792865
vt 0.969466 0.795642
vt 0.067912 0.004227
vt 0.069975 0.003629
vt 0.069153 0.007350
vt 0.067281 0.007634
vt 0.067281 0.002192
vt 0.068326 0.000697
vt 0.075741 0.628212
vt 0.075755 0.623387
vt 0.178093 0.623673
vt 0.178079 0.628499
vt 0.076245 0.008906
vt 0.075576 0.004127
vt 0.077024 0.004969
vt 0.077608 0.008692
vt 0.691606 0.928617
vt 0.691606 0.972010
vt 0.778665 0.264075
vt 0.024246 0.450489
vt 0.023786 0.614658
vt 0.320503 0.220818
vt 0.321883 0.220817
vt 0.321883 0.323155
vt 0.320503 0.323155
vt 0.788804 0.366412
vt 0.785036 0.366412
vt 0.785036 0.264075
vt 0.788804 0.264075
vt 0.963992 0.801929
vt 0.966366 0.799003
vt 0.968041 0.799002
vt 0.965063 0.802799
vt 0.781442 0.264075
vt 0.076032 0.000506
vt 0.077608 0.001423
vt 0.075765 0.619737
vt 0.178103 0.620023
vt 0.776509 0.213372
vt 0.075773 0.616960
vt 0.444339 0.374550
vt 0.447837 0.374622
vt 0.447837 0.394654
vt 0.444339 0.394654
vt 0.560112 0.729070
vt 0.560111 0.732010
vt 0.001172 0.053896
vt 0.002545 0.052591
vt 0.002545 0.065100
vt 0.001172 0.065100
vt 0.680402 0.972010
vt 0.680402 0.928617
vt 0.014310 0.456743
vt 0.017812 0.456725
vt 0.589368 0.893130
vt 0.589368 0.729293
vt 0.547565 0.895949
vt 0.539996 0.898210
vt 0.934487 0.789816
vt 0.934487 0.739979
vt 0.936311 0.741270
vt 0.936311 0.789817
vt 0.542587 0.890956
vt 0.540073 0.729075
vt 0.542621 0.736722
vt 0.993639 0.443635
vt 0.993635 0.612761
vt 0.990165 0.613232
vt 0.990165 0.444052
vt 0.885496 0.333365
vt 0.885450 0.502545
vt 0.939189 0.735277
vt 0.940522 0.736647
vt 0.544045 0.894486
vt 0.483461 0.687667
vt 0.483013 0.862752
vt 0.479649 0.867684
vt 0.479649 0.687417
vt 0.475838 0.867684
vt 0.475838 0.687314
vt 0.543998 0.733389
vt 0.547323 0.732010
vt 0.585769 0.893130
vt 0.585769 0.729195
vt 0.582170 0.893130
vt 0.582170 0.728959
vt 0.935864 0.736654
vt 0.937545 0.738001
vt 0.441476 0.686655
vt 0.441476 0.839695
vt 0.398082 0.839695
vt 0.403015 0.735202
vt 0.663604 0.928617
vt 0.665734 0.928617
vt 0.665734 0.972010
vt 0.663604 0.972010
vt 0.321479 0.973282
vt 0.321479 0.934822
vt 0.483013 0.867684
vt 0.324750 0.973282
vt 0.324750 0.934822
vt 0.328244 0.973282
vt 0.328244 0.934822
vt 0.181547 0.389115
vt 0.286041 0.563907
vt 0.181547 0.564200
vt 0.934486 0.792864
vt 0.936310 0.792866
vt 0.936308 0.795643
vt 0.934484 0.795642
vt 0.064285 0.007350
vt 0.063464 0.003629
vt 0.065527 0.004227
vt 0.066158 0.007634
vt 0.065113 0.000697
vt 0.066158 0.002192
vt 0.181571 0.572783
vt 0.283909 0.572496
vt 0.283923 0.577322
vt 0.181584 0.577608
vt 0.072343 0.004969
vt 0.073791 0.004127
vt 0.073123 0.008906
vt 0.071759 0.008692
vt 0.669198 0.928617
vt 0.669198 0.972010
vt 0.400860 0.737357
vt 0.335418 0.399598
vt 0.335878 0.563768
vt 0.351145 0.374761
vt 0.351145 0.477099
vt 0.349765 0.477098
vt 0.349765 0.374761
vt 0.394488 0.737357
vt 0.394488 0.839695
vt 0.390720 0.839695
vt 0.390720 0.737357
vt 0.935908 0.799002
vt 0.937583 0.799003
vt 0.939958 0.801929
vt 0.938886 0.802799
vt 0.398082 0.737357
vt 0.071759 0.001423
vt 0.073336 0.000506
vt 0.181561 0.569133
vt 0.283899 0.568846
vt 0.403015 0.686655
vt 0.283891 0.566069
vt 0.447837 0.414687
vt 0.444339 0.414758
vt 0.002545 0.077608
vt 0.001172 0.076304
vt 0.721414 0.469538
vt 0.725790 0.459484
vt 0.728691 0.462385
vt 0.732654 0.463447
vt 0.870572 0.843500
vt 0.866653 0.847328
vt 0.863464 0.504902
vt 0.753440 0.740517
vt 0.753449 0.749197
vt 0.730473 0.749197
vt 0.730473 0.740517
vt 0.010178 0.035490
vt 0.007618 0.038168
vt 0.007618 0.018912
vt 0.010178 0.018912
vt 0.441476 0.455420
vt 0.441423 0.474675
vt 0.427722 0.483461
vt 0.427722 0.455382
vt 0.355053 0.884103
vt 0.355053 0.936735
vt 0.344288 0.936735
vt 0.334787 0.884103
vt 0.879118 0.847328
vt 0.879118 0.835153
vt 0.365889 0.136177
vt 0.379135 0.136177
vt 0.379135 0.164122
vt 0.365889 0.164122
vt 0.919215 0.933842
vt 0.919215 0.603592
vt 0.932570 0.603592
vt 0.932570 0.933842
vt 0.775157 0.790234
vt 0.790076 0.790234
vt 0.790076 0.837150
vt 0.775157 0.837150
vt 0.051639 0.413486
vt 0.051639 0.385541
vt 0.064886 0.385541
vt 0.064886 0.413486
vt 0.025724 0.944202
vt 0.025724 0.964467
vt 0.007499 0.964467
vt 0.007499 0.944202
vt 0.375318 0.884103
vt 0.375318 0.951654
vt 0.365817 0.951654
vt 0.365817 0.936735
vt 0.298425 0.014111
vt 0.298509 0.000865
vt 0.319338 0.000997
vt 0.959288 0.073032
vt 0.958609 0.262283
vt 0.956428 0.262184
vt 0.959092 0.083395
vt 0.720204 0.862249
vt 0.725348 0.864637
vt 0.727735 0.869780
vt 0.727735 0.926209
vt 0.683825 0.891944
vt 0.683825 0.862249
vt 0.959288 0.321837
vt 0.957046 0.321883
vt 0.670559 0.904869
vt 0.677351 0.902420
vt 0.682048 0.897364
vt 0.670559 0.926209
vt 0.273537 0.134002
vt 0.273537 0.141221
vt 0.268592 0.141221
vt 0.268592 0.134002
vt 0.273537 0.127101
vt 0.268592 0.127101
vt 0.273537 0.091703
vt 0.273537 0.121397
vt 0.268592 0.121397
vt 0.268592 0.091703
vt 0.334082 0.301527
vt 0.334082 0.280412
vt 0.347328 0.280412
vt 0.347328 0.301527
vt 0.862594 0.567969
vt 0.845642 0.898219
vt 0.845358 0.528349
vt 0.270481 0.013935
vt 0.291161 0.028994
vt 0.223611 0.028568
vt 0.862595 0.533020
vt 0.223788 0.000395
vt 0.270564 0.000689
vt 0.122137 0.801684
vt 0.122137 0.848601
vt 0.107218 0.848601
vt 0.107218 0.801684
vt 0.349873 0.029454
vt 0.342619 0.014566
vt 0.370563 0.014410
vt 0.417423 0.029076
vt 0.344288 0.951654
vt 0.334787 0.951654
vt 0.321715 0.001437
vt 0.342545 0.001321
vt 0.966921 0.185725
vt 0.966921 0.370229
vt 0.964774 0.179184
vt 0.881755 0.509729
vt 0.884143 0.504586
vt 0.889286 0.502198
vt 0.925666 0.502198
vt 0.925666 0.531893
vt 0.881755 0.566158
vt 0.964774 0.122008
vt 0.966921 0.122028
vt 0.938931 0.545116
vt 0.932140 0.542369
vt 0.927443 0.537313
vt 0.938931 0.566158
vt 0.032027 0.287589
vt 0.027090 0.287851
vt 0.026702 0.280535
vt 0.031640 0.280273
vt 0.026336 0.273643
vt 0.031274 0.273382
vt 0.030972 0.267686
vt 0.026034 0.267947
vt 0.024462 0.238295
vt 0.029400 0.238033
vt 0.281584 0.830651
vt 0.290064 0.829500
vt 0.290076 0.847143
vt 0.284616 0.847160
vt 0.271197 0.830250
vt 0.284392 0.892986
vt 0.247440 0.893130
vt 0.260757 0.827318
vt 0.254729 0.822171
vt 0.282573 0.755092
vt 0.271018 0.758213
vt 0.277153 0.753314
vt 0.247459 0.753310
vt 0.254737 0.759831
vt 0.256357 0.758211
vt 0.290076 0.766581
vt 0.287628 0.759790
vt 0.252422 0.914803
vt 0.255329 0.924857
vt 0.254267 0.928820
vt 0.252422 0.942748
vt 0.255329 0.932783
vt 0.130520 0.374046
vt 0.130520 0.353034
vt 0.143766 0.353034
vt 0.143766 0.374046
vt 0.332810 0.376590
vt 0.332810 0.355475
vt 0.346056 0.355475
vt 0.346056 0.376590
vt 0.443497 0.024173
vt 0.443497 0.003161
vt 0.456743 0.003161
vt 0.456743 0.024173
vt 0.804071 0.441593
vt 0.799592 0.451558
vt 0.796691 0.448656
vt 0.792728 0.447594
vt 0.782956 0.441593
vt 0.236641 0.961832
vt 0.234797 0.947904
vt 0.236641 0.933887
vt 0.233735 0.943941
vt 0.762691 0.469538
vt 0.762691 0.441593
vt 0.782956 0.469538
vt 0.220542 0.002092
vt 0.220377 0.026831
vt 0.218646 0.023562
vt 0.218781 0.005337
vt 0.003807 0.964467
vt 0.003807 0.944202
vt 0.000143 0.964467
vt 0.000143 0.944202
vt 0.025724 0.984733
vt 0.029416 0.964467
vt 0.029416 0.984492
vt 0.033079 0.964467
vt 0.033079 0.984733
vt 0.762691 0.394816
vt 0.782956 0.394816
vt 0.422269 0.005849
vt 0.422392 0.024073
vt 0.420658 0.027342
vt 0.420511 0.002603
vt 0.417266 0.000903
vt 0.370489 0.001164
vt 0.063336 0.287873
vt 0.086514 0.287887
vt 0.086436 0.414160
vt 0.730473 0.691476
vt 0.787532 0.691476
vt 0.787532 0.698333
vt 0.730473 0.698332
vt 0.954117 0.830233
vt 0.935592 0.838437
vt 0.934440 0.829833
vt 0.123410 0.631977
vt 0.123410 0.758250
vt 0.094755 0.758270
vt 0.094755 0.631977
vt 0.373171 0.844784
vt 0.352140 0.844784
vt 0.373171 0.837469
vt 0.375318 0.837469
vt 0.375318 0.816130
vt 0.352140 0.816130
vt 0.974544 0.362183
vt 0.974555 0.424524
vt 0.970928 0.370807
vt 0.737899 0.884028
vt 0.739556 0.885685
vt 0.730619 0.890585
vt 0.209451 0.389302
vt 0.209451 0.362954
vt 0.230280 0.362966
vt 0.230266 0.389313
vt 0.974554 0.426815
vt 0.948207 0.426835
vt 0.948207 0.424491
vt 0.796661 0.919521
vt 0.795040 0.928824
vt 0.783811 0.929096
vt 0.786418 0.919881
vt 0.794776 0.951063
vt 0.796139 0.960560
vt 0.785754 0.959822
vt 0.783463 0.950412
vt 0.805541 0.950601
vt 0.806143 0.960015
vt 0.813949 0.949728
vt 0.814249 0.958704
vt 0.814249 0.921796
vt 0.813767 0.930446
vt 0.805622 0.929527
vt 0.806418 0.920343
vt 0.778959 0.956982
vt 0.776191 0.948894
vt 0.974544 0.441476
vt 0.948197 0.441458
vt 0.805280 0.936519
vt 0.813588 0.936822
vt 0.805262 0.943504
vt 0.813666 0.943168
vt 0.794264 0.936184
vt 0.794180 0.943625
vt 0.782574 0.936168
vt 0.782473 0.943271
vt 0.775185 0.936449
vt 0.776517 0.930311
vt 0.775144 0.942709
vt 0.779602 0.922416
vt 0.948197 0.362188
vt 0.951816 0.370810
vt 0.957875 0.374359
vt 0.964871 0.374358
vt 0.054546 0.342261
vt 0.048608 0.338656
vt 0.058391 0.287870
vt 0.032043 0.287888
vt 0.041744 0.338663
vt 0.035791 0.342280
vt 0.032005 0.350800
vt 0.058352 0.350817
vt 0.773239 0.877285
vt 0.773537 0.877319
vt 0.770790 0.884111
vt 0.754179 0.885685
vt 0.765734 0.888808
vt 0.760314 0.890585
vt 0.252285 0.578824
vt 0.278626 0.578824
vt 0.278626 0.615776
vt 0.252285 0.615776
vt 0.245691 0.615905
vt 0.245691 0.755725
vt 0.219350 0.755725
vt 0.219343 0.615905
vt 0.730619 0.750765
vt 0.737899 0.821725
vt 0.743927 0.816578
vt 0.754367 0.813648
vt 0.767733 0.797204
vt 0.764755 0.813249
vt 0.773194 0.797205
vt 0.773239 0.814373
vt 0.145014 0.965649
vt 0.145014 0.937018
vt 0.165394 0.936923
vt 0.165394 0.965603
vt 0.753440 0.684636
vt 0.782071 0.684636
vt 0.752110 0.640531
vt 0.778626 0.640531
vt 0.778626 0.669211
vt 0.752110 0.669211
vt 0.003769 0.414246
vt 0.023095 0.405586
vt 0.024150 0.414228
vt 0.000634 0.288478
vt 0.212283 0.174300
vt 0.215430 0.161477
vt 0.236641 0.161477
vt 0.236545 0.174300
vt 0.291830 0.832046
vt 0.333333 0.832046
vt 0.333333 0.931145
vt 0.291830 0.931298
vt 0.212283 0.132797
vt 0.215430 0.132797
vt 0.003781 0.387730
vt 0.000634 0.387729
vt 0.492226 0.948014
vt 0.490079 0.948014
vt 0.490079 0.926972
vt 0.516539 0.926672
vt 0.492240 0.968193
vt 0.516509 0.968176
vt 0.351260 0.277652
vt 0.331101 0.278575
vt 0.350904 0.213955
vt 0.289533 0.277190
vt 0.289957 0.220153
vt 0.296847 0.277244
vt 0.319338 0.343437
vt 0.351104 0.315255
vt 0.350949 0.371501
vt 0.347587 0.371492
vt 0.347744 0.315064
vt 0.953602 0.127107
vt 0.953607 0.120242
vt 0.347779 0.309393
vt 0.351145 0.309314
vt 0.347587 0.303726
vt 0.350939 0.303377
vt 0.250636 0.615905
vt 0.247275 0.583791
vt 0.250636 0.579526
vt 0.247275 0.579757
vt 0.240710 0.595977
vt 0.246029 0.585037
vt 0.224168 0.584967
vt 0.224168 0.595977
vt 0.218919 0.584967
vt 0.217673 0.583721
vt 0.214399 0.615905
vt 0.214398 0.579526
vt 0.407125 0.271918
vt 0.406895 0.277584
vt 0.403611 0.277508
vt 0.403861 0.271573
vt 0.406919 0.283254
vt 0.403634 0.283448
vt 0.407125 0.339682
vt 0.403764 0.339695
vt 0.217673 0.579731
vt 0.284155 0.282918
vt 0.295165 0.282918
vt 0.295165 0.330789
vt 0.284155 0.330789
vt 0.783712 0.048346
vt 0.783712 0.000476
vt 0.800254 0.000476
vt 0.800254 0.048346
vt 0.088296 0.357982
vt 0.099237 0.357982
vt 0.099237 0.405852
vt 0.088296 0.405852
vt 0.137405 0.385493
vt 0.137335 0.402036
vt 0.126394 0.402036
vt 0.126394 0.385493
vt 0.240710 0.585037
vt 0.460449 0.216849
vt 0.352425 0.216849
vt 0.352425 0.215087
vt 0.460449 0.215087
vt 0.460449 0.186215
vt 0.352425 0.186216
vt 0.352425 0.182226
vt 0.460449 0.182226
vt 0.460449 0.187977
vt 0.352425 0.187978
vt 0.444762 0.223649
vt 0.355192 0.223649
vt 0.352425 0.220883
vt 0.460449 0.220883
vt 0.354699 0.226371
vt 0.360187 0.228645
vt 0.949588 0.120231
vt 0.949724 0.073002
vt 0.085443 0.972316
vt 0.085050 0.940432
vt 0.089043 0.940432
vt 0.089058 0.975827
vt 0.461753 0.365269
vt 0.074285 0.925513
vt 0.074285 0.940432
vt 0.063521 0.940432
vt 0.063521 0.925513
vt 0.010864 0.283715
vt 0.010864 0.236799
vt 0.021629 0.236799
vt 0.021629 0.283715
vt 0.354699 0.176738
vt 0.360187 0.174467
vt 0.416434 0.174490
vt 0.352425 0.209769
vt 0.400296 0.209769
vt 0.352425 0.193226
vt 0.400296 0.193226
vt 0.552608 0.378411
vt 0.544924 0.378418
vt 0.552921 0.362530
vt 0.762691 0.490368
vt 0.782956 0.490368
vt 0.762691 0.549301
vt 0.773628 0.549301
vt 0.773628 0.562655
vt 0.324196 0.371298
vt 0.751511 0.540638
vt 0.751754 0.549301
vt 0.737644 0.542423
vt 0.742557 0.533491
vt 0.742425 0.490368
vt 0.751533 0.494249
vt 0.742572 0.501388
vt 0.782827 0.501408
vt 0.795747 0.501480
vt 0.787793 0.511733
vt 0.782811 0.533510
vt 0.787738 0.542423
vt 0.773851 0.540649
vt 0.787787 0.523190
vt 0.795747 0.526792
vt 0.751754 0.562655
vt 0.737596 0.511709
vt 0.729635 0.501480
vt 0.742425 0.469538
vt 0.000099 0.283715
vt 0.000099 0.236799
vt 0.085050 0.925513
vt 0.742425 0.441593
vt 0.742425 0.394816
vt 0.029416 0.944442
vt 0.033079 0.944202
vt 0.003807 0.984733
vt 0.000143 0.984733
vt 0.007499 0.984733
vt 0.762704 0.491705
vt 0.773873 0.494260
vt 0.762679 0.543193
vt 0.737591 0.523166
vt 0.729635 0.526792
vt 0.814249 0.085168
vt 0.738840 0.085163
vt 0.738841 0.073706
vt 0.814249 0.073711
vt 0.814245 0.142453
vt 0.738837 0.142449
vt 0.738837 0.130991
vt 0.814246 0.130996
vt 0.738833 0.211191
vt 0.738833 0.199734
vt 0.814242 0.199739
vt 0.814241 0.211196
vt 0.814244 0.153910
vt 0.738836 0.153906
vt 0.814244 0.165367
vt 0.738835 0.165363
vt 0.738838 0.119534
vt 0.814247 0.119539
vt 0.814243 0.176825
vt 0.738835 0.176820
vt 0.814242 0.188282
vt 0.738834 0.188277
vt 0.813932 0.067238
vt 0.738839 0.062249
vt 0.814247 0.062208
vt 0.738839 0.108077
vt 0.814247 0.108082
vt 0.738832 0.050792
vt 0.814241 0.050751
vt 0.814242 0.195156
vt 0.114287 0.956581
vt 0.112390 0.964125
vt 0.102179 0.958928
vt 0.107162 0.952955
vt 0.100707 0.938764
vt 0.092931 0.938593
vt 0.095725 0.927482
vt 0.102657 0.931010
vt 0.122281 0.956757
vt 0.123845 0.964377
vt 0.451829 0.372774
vt 0.416434 0.372774
vt 0.416434 0.365711
vt 0.103064 0.918683
vt 0.107779 0.924869
vt 0.814248 0.096625
vt 0.738840 0.096620
vt 0.123050 0.921735
vt 0.124947 0.914192
vt 0.135164 0.919378
vt 0.128676 0.924613
vt 0.095235 0.949816
vt 0.102315 0.946596
vt 0.632878 0.279933
vt 0.633020 0.378349
vt 0.624932 0.378721
vt 0.624889 0.279937
vt 0.115057 0.921559
vt 0.113493 0.913940
vt 0.544924 0.279951
vt 0.536927 0.378418
vt 0.536927 0.279951
vt 0.552921 0.279951
vt 0.584911 0.279946
vt 0.576931 0.364389
vt 0.576914 0.279947
vt 0.640866 0.279943
vt 0.640742 0.378301
vt 0.560919 0.279951
vt 0.560779 0.358340
vt 0.648730 0.378311
vt 0.648855 0.279953
vt 0.616901 0.279940
vt 0.794391 0.895356
vt 0.816267 0.895356
vt 0.816267 0.908711
vt 0.794391 0.908711
vt 0.780280 0.888477
vt 0.791289 0.874707
vt 0.797542 0.879689
vt 0.805337 0.881463
vt 0.813130 0.879681
vt 0.819378 0.874694
vt 0.830378 0.888477
vt 0.568932 0.358183
vt 0.568916 0.279949
vt 0.371501 0.195239
vt 0.371501 0.208651
vt 0.359326 0.208650
vt 0.359326 0.195238
vt 0.204050 0.897057
vt 0.204135 0.959271
vt 0.192718 0.959287
vt 0.192675 0.894846
vt 0.181553 0.903459
vt 0.181553 0.959287
vt 0.170255 0.959288
vt 0.170255 0.922835
vt 0.208000 0.947090
vt 0.213594 0.947083
vt 0.213610 0.959258
vt 0.207967 0.922813
vt 0.623633 0.801527
vt 0.631478 0.789850
vt 0.644596 0.794509
vt 0.646310 0.762343
vt 0.633988 0.767562
vt 0.636377 0.728835
vt 0.623633 0.732611
vt 0.217557 0.922792
vt 0.217521 0.906326
vt 0.250128 0.391852
vt 0.250130 0.375274
vt 0.262086 0.375392
vt 0.262086 0.391857
vt 0.283749 0.360542
vt 0.286690 0.358290
vt 0.293893 0.367835
vt 0.289637 0.383623
vt 0.280139 0.376413
vt 0.293893 0.394402
vt 0.403818 0.365022
vt 0.403819 0.340862
vt 0.413486 0.340862
vt 0.413486 0.365140
vt 0.286065 0.346610
vt 0.286065 0.334146
vt 0.294841 0.344289
vt 0.295165 0.349873
vt 0.139186 0.401633
vt 0.139186 0.387879
vt 0.148287 0.384615
vt 0.148855 0.394188
vt 0.141122 0.403308
vt 0.824033 0.846658
vt 0.837448 0.846667
vt 0.838422 0.847512
vt 0.822841 0.859494
vt 0.819367 0.852293
vt 0.813113 0.847313
vt 0.816517 0.840884
vt 0.805319 0.845538
vt 0.805368 0.838404
vt 0.797527 0.847320
vt 0.794432 0.840672
vt 0.791278 0.852307
vt 0.785527 0.847631
vt 0.787812 0.859511
vt 0.772235 0.847512
vt 0.772269 0.872847
vt 0.787816 0.867506
vt 0.942861 0.484041
vt 0.920453 0.476085
vt 0.944020 0.476365
vt 0.920157 0.453981
vt 0.928784 0.455143
vt 0.939708 0.490038
vt 0.934857 0.494769
vt 0.782071 0.740517
vt 0.787531 0.733742
vt 0.787531 0.740517
vt 0.928784 0.497771
vt 0.939711 0.463133
vt 0.934859 0.458288
vt 0.787532 0.684636
vt 0.782071 0.675930
vt 0.787532 0.675930
vt 0.730473 0.720192
vt 0.787532 0.720192
vt 0.787531 0.726967
vt 0.730473 0.726966
vt 0.942865 0.469202
vt 0.160281 0.131016
vt 0.161340 0.122375
vt 0.180662 0.131043
vt 0.159450 0.104528
vt 0.180661 0.104528
vt 0.730473 0.733742
vt 0.730473 0.712428
vt 0.787532 0.712428
vt 0.730473 0.705173
vt 0.787532 0.705173
vt 0.730473 0.684636
vt 0.730473 0.675930
vt 0.753440 0.675930
vt 0.945968 0.020919
vt 0.965649 0.020988
vt 0.965649 0.049618
vt 0.945968 0.049573
vt 0.955471 0.956518
vt 0.934440 0.956743
vt 0.319185 0.395674
vt 0.296209 0.395555
vt 0.319212 0.367596
vt 0.344682 0.395530
vt 0.321715 0.395674
vt 0.322873 0.386081
vt 0.331655 0.377672
vt 0.344478 0.377584
vt 0.323794 0.377813
vt 0.848468 0.504071
vt 0.847101 0.513637
vt 0.845652 0.521829
vt 0.935019 0.732824
vt 0.935019 0.633726
vt 0.959288 0.633726
vt 0.959280 0.732824
vt 0.838389 0.872847
vt 0.822844 0.867489
vt 0.901606 0.588325
vt 0.917303 0.588325
vt 0.917303 0.918575
vt 0.901606 0.918575
vt 0.899491 0.900763
vt 0.881928 0.900763
vt 0.881928 0.570513
vt 0.899491 0.570513
vt 0.842219 0.000539
vt 0.842239 0.330789
vt 0.816908 0.330789
vt 0.816908 0.000539
vt 0.918575 0.330789
vt 0.905220 0.330789
vt 0.905220 0.000539
vt 0.918575 0.000539
vt 0.887611 0.330789
vt 0.887611 0.000539
vt 0.903308 0.000539
vt 0.903308 0.330789
vt 0.974374 0.443287
vt 0.979644 0.443287
vt 0.979644 0.773537
vt 0.974374 0.773537
vt 0.862585 0.898219
vt 0.880407 0.504903
vt 0.880407 0.835153
vt 0.880008 0.244212
vt 0.880008 0.086805
vt 0.885496 0.000539
vt 0.885496 0.330789
vt 0.808319 0.749106
vt 0.823155 0.749106
vt 0.823155 0.824427
vt 0.797823 0.824427
vt 0.878337 0.249737
vt 0.867933 0.255469
vt 0.874276 0.253799
vt 0.873890 0.080687
vt 0.878216 0.082479
vt 0.867933 0.080687
vt 0.867933 0.000539
vt 0.800370 0.581921
vt 0.797843 0.494177
vt 0.802595 0.576549
vt 0.807967 0.574324
vt 0.802692 0.746776
vt 0.800361 0.741148
vt 0.823155 0.574324
vt 0.823155 0.494177
vt 0.867933 0.330789
vt 0.568965 0.528625
vt 0.568968 0.535297
vt 0.560970 0.535301
vt 0.560966 0.528630
vt 0.576963 0.528622
vt 0.576965 0.535293
vt 0.616952 0.535283
vt 0.608955 0.535285
vt 0.608903 0.279941
vt 0.632446 0.383778
vt 0.631328 0.535281
vt 0.624944 0.535282
vt 0.600957 0.535287
vt 0.592960 0.535289
vt 0.592909 0.279944
vt 0.600906 0.279943
vt 0.584962 0.535291
vt 0.554656 0.535623
vt 0.554580 0.528116
vt 0.416434 0.228645
vt 0.750976 0.848601
vt 0.748016 0.843678
vt 0.765903 0.841968
vt 0.936387 0.239777
vt 0.936244 0.245547
vt 0.920221 0.242374
vt 0.461767 0.030679
vt 0.451188 0.030679
vt 0.920221 0.078181
vt 0.936387 0.082370
vt 0.237945 0.906709
vt 0.219475 0.922667
vt 0.237945 0.902675
vt 0.239186 0.907960
vt 0.745099 0.837803
vt 0.761036 0.833094
vt 0.745690 0.822979
vt 0.761397 0.824950
vt 0.746355 0.816924
vt 0.765903 0.817272
vt 0.219720 0.928753
vt 0.238642 0.923831
vt 0.461832 0.372774
vt 0.953116 0.262172
vt 0.219475 0.763441
vt 0.238144 0.758283
vt 0.936284 0.077689
vt 0.954046 0.816491
vt 0.951821 0.820611
vt 0.937642 0.813047
vt 0.956743 0.811179
vt 0.941083 0.805830
vt 0.956743 0.795992
vt 0.941077 0.797835
vt 0.956418 0.790186
vt 0.938159 0.792135
vt 0.219793 0.757635
vt 0.138677 0.924823
vt 0.074272 0.969772
vt 0.455327 0.209362
vt 0.453551 0.201566
vt 0.455334 0.193772
vt 0.632471 0.379902
vt 0.059528 0.940432
vt 0.063103 0.972327
vt 0.059522 0.975186
vt 0.957420 0.323313
vt 0.961413 0.323313
vt 0.957420 0.370229
vt 0.416435 0.030361
vt 0.961413 0.179184
vt 0.128100 0.954127
vt 0.134274 0.959633
vt 0.138677 0.954354
vt 0.008382 0.902863
vt 0.008382 0.898760
vt 0.021628 0.898760
vt 0.021628 0.902863
vt 0.877863 0.853086
vt 0.877863 0.857189
vt 0.864616 0.857189
vt 0.864616 0.853086
vt 0.877863 0.885910
vt 0.864616 0.885910
vt 0.864616 0.881807
vt 0.877863 0.881807
vt 0.008382 0.906966
vt 0.021628 0.906966
vt 0.864616 0.848983
vt 0.877863 0.848983
vt 0.877863 0.877704
vt 0.864616 0.877704
vt 0.008382 0.911069
vt 0.021628 0.911069
vt 0.008382 0.878245
vt 0.021628 0.878245
vt 0.021628 0.882348
vt 0.008382 0.882348
vt 0.877863 0.873601
vt 0.864616 0.873601
vt 0.008382 0.915172
vt 0.021628 0.915172
vt 0.008382 0.886451
vt 0.021628 0.886451
vt 0.877863 0.869498
vt 0.864616 0.869498
vt 0.008382 0.919275
vt 0.021628 0.919275
vt 0.008382 0.890554
vt 0.021628 0.890554
vt 0.877863 0.865395
vt 0.864616 0.865395
vt 0.008382 0.923378
vt 0.021628 0.923378
vt 0.877863 0.898219
vt 0.864616 0.898219
vt 0.864616 0.894116
vt 0.877863 0.894116
vt 0.008382 0.894657
vt 0.021628 0.894657
vt 0.877863 0.861292
vt 0.864617 0.861292
vt 0.021628 0.927481
vt 0.008382 0.927481
vt 0.877863 0.890013
vt 0.864616 0.890013
vt 0.724728 0.455521
vt 0.721414 0.441593
vt 0.725790 0.451558
vt 0.728691 0.448656
vt 0.732654 0.447594
vt 0.736618 0.448656
vt 0.739519 0.451558
vt 0.740581 0.455521
vt 0.739519 0.459484
vt 0.736618 0.462385
vt 0.230833 0.954768
vt 0.233735 0.951867
vt 0.226870 0.955830
vt 0.215630 0.961832
vt 0.220006 0.951867
vt 0.222907 0.954768
vt 0.218944 0.947904
vt 0.215630 0.933887
vt 0.222907 0.941040
vt 0.220006 0.943941
vt 0.226870 0.939978
vt 0.230833 0.941040
vt 0.800654 0.455521
vt 0.804071 0.469538
vt 0.796691 0.462385
vt 0.799592 0.459484
vt 0.792728 0.463447
vt 0.785863 0.459484
vt 0.788764 0.462385
vt 0.784801 0.455521
vt 0.788764 0.448656
vt 0.785863 0.451558
vt 0.258230 0.921956
vt 0.273537 0.914803
vt 0.262193 0.920894
vt 0.266156 0.921956
vt 0.269058 0.924857
vt 0.270119 0.928820
vt 0.273537 0.942748
vt 0.269058 0.932783
vt 0.266156 0.935685
vt 0.262193 0.936746
vt 0.258230 0.935685
vt 0.920157 0.498728
vt 0.787531 0.749259
vt 0.782071 0.749259
vt 0.787531 0.763705
vt 0.782071 0.763705
vt 0.023631 0.391150
vt 0.787531 0.777063
vt 0.782071 0.777063
vt 0.787532 0.648126
vt 0.787532 0.661484
vt 0.782071 0.661484
vt 0.782071 0.648126
vt 0.787531 0.788804
vt 0.782071 0.788804
vt 0.787532 0.636385
vt 0.782071 0.636385
vt 0.032108 0.367969
vt 0.026019 0.378007
vt 0.767571 0.750914
vt 0.794016 0.623440
vt 0.788111 0.633588
vt 0.787392 0.587303
vt 0.796165 0.610256
vt 0.796438 0.595812
vt 0.795226 0.587191
vt 0.792045 0.581135
vt 0.787173 0.576311
vt 0.781086 0.573191
vt 0.773917 0.572076
vt 0.761055 0.587763
vt 0.766247 0.573279
vt 0.760268 0.576465
vt 0.755564 0.581341
vt 0.752595 0.587431
vt 0.751698 0.596126
vt 0.752476 0.610552
vt 0.755084 0.623653
vt 0.761341 0.633588
vt 0.058844 0.368453
vt 0.064922 0.378498
vt 0.066764 0.414758
vt 0.067817 0.406080
vt 0.067297 0.391643
vt 0.843265 0.330789
vt 0.843265 0.000539
vt 0.865140 0.000539
vt 0.865140 0.330789
vt 0.794391 0.916031
vt 0.790599 0.912371
vt 0.820059 0.912371
vt 0.816267 0.916031
vt 0.751754 0.569975
vt 0.747962 0.566315
vt 0.777420 0.566315
vt 0.773628 0.569975
vt 0.982188 0.330789
vt 0.976919 0.330789
vt 0.976919 0.000539
vt 0.982188 0.000539
vt 0.982008 0.332600
vt 0.987277 0.332600
vt 0.987277 0.662850
vt 0.982008 0.662850
vt 0.969285 0.000539
vt 0.974555 0.000539
vt 0.974555 0.330789
vt 0.969285 0.330789
vt 0.509343 0.603053
vt 0.500478 0.597944
vt 0.503416 0.591362
vt 0.511450 0.593428
vt 0.221374 0.360051
vt 0.214772 0.360051
vt 0.214772 0.352843
vt 0.221374 0.352843
vt 0.018691 0.612990
vt 0.021629 0.619573
vt 0.012763 0.624682
vt 0.010656 0.615056
vt 0.010664 0.605955
vt 0.017023 0.605903
vt 0.214772 0.345562
vt 0.221374 0.345562
vt 0.016955 0.598623
vt 0.012351 0.598038
vt 0.214772 0.338281
vt 0.221374 0.338281
vt 0.505083 0.584275
vt 0.511442 0.584326
vt 0.509756 0.576409
vt 0.505151 0.576994
vt 0.410941 0.489951
vt 0.404340 0.489951
vt 0.404340 0.481856
vt 0.410941 0.481856
vt 0.410941 0.499052
vt 0.404340 0.499052
vt 0.404340 0.508906
vt 0.410941 0.508906
vt 0.404340 0.473761
vt 0.410941 0.473761
vt 0.503839 0.570653
vt 0.506563 0.568970
vt 0.502042 0.566137
vt 0.504438 0.565520
vt 0.404340 0.469709
vt 0.410941 0.469709
vt 0.015543 0.590599
vt 0.018268 0.592282
vt 0.017668 0.587148
vt 0.020065 0.587766
vt 0.404340 0.467682
vt 0.410941 0.467682
vt 0.021629 0.584926
vt 0.018854 0.585505
vt 0.059796 0.001032
vt 0.059796 0.007634
vt 0.056963 0.007634
vt 0.056963 0.001032
vt 0.500478 0.563298
vt 0.503252 0.563877
vt 0.221374 0.323704
vt 0.221374 0.326946
vt 0.214772 0.326946
vt 0.214772 0.323704
vt 0.221374 0.331806
vt 0.214772 0.331806
vt 0.077416 0.259577
vt 0.082697 0.259577
vt 0.082697 0.276081
vt 0.077416 0.276081
vt 0.006361 0.001141
vt 0.006361 0.043403
vt 0.001080 0.001141
vt 0.484768 0.727407
vt 0.501272 0.727407
vt 0.501272 0.769669
vt 0.484768 0.769669
vt 0.525253 0.362741
vt 0.525253 0.320479
vt 0.530534 0.320479
vt 0.530534 0.369409
vt 0.526982 0.370229
vt 0.501272 0.777354
vt 0.484768 0.777354
vt 0.164122 0.016539
vt 0.160476 0.016539
vt 0.160476 0.000035
vt 0.164122 0.000035
vt 0.004633 0.050891
vt 0.001080 0.050070
vt 0.781171 0.638677
vt 0.764666 0.638677
vt 0.764666 0.589747
vt 0.781171 0.589747
vt 0.920591 0.436837
vt 0.946565 0.436837
vt 0.946565 0.445293
vt 0.920591 0.445293
vt 0.462090 0.249355
vt 0.474555 0.245123
vt 0.473495 0.252362
vt 0.474555 0.260354
vt 0.470671 0.265913
vt 0.474186 0.271688
vt 0.470995 0.276081
vt 0.467959 0.273124
vt 0.462371 0.257806
vt 0.148414 0.436387
vt 0.148414 0.410413
vt 0.161578 0.422940
vt 0.161578 0.436387
vt 0.119547 0.333782
vt 0.113425 0.325478
vt 0.110900 0.314419
vt 0.113425 0.303360
vt 0.120497 0.294491
vt 0.120201 0.281331
vt 0.128236 0.278699
vt 0.144542 0.278699
vt 0.159233 0.285773
vt 0.169400 0.298522
vt 0.173028 0.314419
vt 0.169400 0.330316
vt 0.160951 0.341775
vt 0.160954 0.349170
vt 0.159000 0.351126
vt 0.119681 0.351145
vt 0.161578 0.410413
vt 0.265179 0.372663
vt 0.278626 0.372663
vt 0.278626 0.379979
vt 0.265179 0.379979
vt 0.588285 0.237390
vt 0.588285 0.226047
vt 0.592407 0.216589
vt 0.588673 0.199631
vt 0.627010 0.190900
vt 0.629351 0.192373
vt 0.630993 0.199583
vt 0.641780 0.208874
vt 0.648855 0.223565
vt 0.648855 0.239871
vt 0.641780 0.254562
vt 0.632345 0.262087
vt 0.628385 0.258372
vt 0.622216 0.261136
vt 0.617186 0.256588
vt 0.609124 0.256639
vt 0.602075 0.254683
vt 0.593207 0.247610
vt 0.333529 0.302981
vt 0.346056 0.302981
vt 0.346056 0.314325
vt 0.333529 0.314325
vt 0.346056 0.325668
vt 0.333529 0.325668
vt 0.346056 0.337011
vt 0.333529 0.337011
vt 0.346056 0.347328
vt 0.333529 0.347328
vt 0.145234 0.356682
vt 0.157761 0.356682
vt 0.157761 0.374046
vt 0.145234 0.374046
vt 0.939127 0.739325
vt 0.951654 0.739325
vt 0.951654 0.778644
vt 0.939127 0.778644
vt 0.951654 0.781410
vt 0.939127 0.781410
vt 0.951654 0.788804
vt 0.939127 0.788804
vt 0.934038 0.341071
vt 0.946565 0.341071
vt 0.946565 0.355308
vt 0.934038 0.355308
vt 0.946565 0.371613
vt 0.934038 0.371613
vt 0.946565 0.387919
vt 0.934038 0.387919
vt 0.946565 0.404225
vt 0.934038 0.404225
vt 0.946565 0.420531
vt 0.934038 0.416293
vt 0.100509 0.230828
vt 0.100509 0.244275
vt 0.095079 0.244275
vt 0.095079 0.230828
vt 0.920591 0.416293
vt 0.920591 0.420531
vt 0.209924 0.294441
vt 0.209924 0.307888
vt 0.203163 0.307888
vt 0.203163 0.294441
vt 0.204835 0.326248
vt 0.204835 0.339695
vt 0.198053 0.339695
vt 0.198053 0.326248
vt 0.278626 0.388041
vt 0.265179 0.388041
vt 0.132456 0.036979
vt 0.136860 0.030249
vt 0.147121 0.044638
vt 0.137253 0.048726
vt 0.125494 0.038546
vt 0.125887 0.029811
vt 0.126319 0.050134
vt 0.139625 0.067140
vt 0.151728 0.067434
vt 0.128548 0.065895
vt 0.014363 0.052763
vt 0.016124 0.041088
vt 0.039090 0.027847
vt 0.012332 0.069732
vt 0.125545 0.080055
vt 0.135496 0.083107
vt 0.010312 0.085060
vt 0.122643 0.091900
vt 0.131784 0.093054
vt 0.143930 0.087584
vt 0.141434 0.095656
vt 0.154137 0.100434
vt 0.155512 0.094129
vt 0.164134 0.077004
vt 0.171302 0.082160
vt 0.161499 0.097972
vt 0.158511 0.103470
vt 0.148796 0.109728
vt 0.155825 0.112951
vt 0.136743 0.106155
vt 0.147285 0.117426
vt 0.154672 0.118348
vt 0.134731 0.116109
vt 0.125395 0.116048
vt 0.127494 0.104505
vt 0.113311 0.115256
vt 0.117745 0.103393
vt 0.008631 0.097989
vt 0.007205 0.109238
vt 0.125158 0.125657
vt 0.112973 0.125740
vt 0.006401 0.120879
vt 0.116686 0.138063
vt 0.006243 0.132285
vt 0.126712 0.137489
vt 0.000557 0.120285
vt 0.001355 0.108988
vt 0.000201 0.132201
vt 0.515073 0.918575
vt 0.504591 0.918575
vt 0.509832 0.899416
vt 0.494931 0.913287
vt 0.524733 0.913287
vt 0.002698 0.097246
vt 0.531334 0.902944
vt 0.004456 0.084398
vt 0.533323 0.888007
vt 0.006555 0.069091
vt 0.513686 0.860661
vt 0.534351 0.870313
vt 0.009202 0.051479
vt 0.509832 0.861272
vt 0.693593 0.810465
vt 0.693500 0.804015
vt 0.699858 0.808864
vt 0.695217 0.799944
vt 0.702340 0.804469
vt 0.518546 0.857507
vt 0.486341 0.888007
vt 0.505978 0.860661
vt 0.698173 0.796660
vt 0.705264 0.800355
vt 0.704051 0.794004
vt 0.485313 0.870313
vt 0.501118 0.857507
vt 0.000655 0.179551
vt 0.000261 0.161202
vt 0.006227 0.161307
vt 0.006106 0.178927
vt 0.488330 0.902944
vt 0.000181 0.145383
vt 0.006182 0.145503
vt 0.125158 0.177837
vt 0.123159 0.162744
vt 0.120968 0.150226
vt 0.130529 0.149551
vt 0.133818 0.160176
vt 0.136278 0.136195
vt 0.140745 0.147282
vt 0.142989 0.155890
vt 0.148814 0.132758
vt 0.154310 0.142603
vt 0.155642 0.149386
vt 0.159031 0.139380
vt 0.162231 0.145397
vt 0.156135 0.129351
vt 0.172339 0.163000
vt 0.164210 0.168300
vt 0.150120 0.177925
vt 0.104326 0.818429
vt 0.104326 0.839472
vt 0.066722 0.839472
vt 0.066722 0.818429
vt 0.104326 0.810220
vt 0.066722 0.810220
vt 0.104326 0.860516
vt 0.066722 0.860516
vt 0.183295 0.181367
vt 0.166444 0.189789
vt 0.167353 0.057673
vt 0.181905 0.066153
vt 0.170462 0.051495
vt 0.183395 0.059793
vt 0.103895 0.867666
vt 0.067154 0.867666
vt 0.102860 0.874607
vt 0.068188 0.874607
vt 0.172017 0.046178
vt 0.182517 0.053460
vt 0.182983 0.195661
vt 0.170605 0.202921
vt 0.169358 0.196878
vt 0.184478 0.188625
vt 0.154486 0.211914
vt 0.148655 0.208518
vt 0.143141 0.202191
vt 0.137058 0.177382
vt 0.132896 0.196805
vt 0.121364 0.194212
vt 0.006286 0.191138
vt 0.119333 0.206359
vt 0.028248 0.207704
vt 0.126563 0.208795
vt 0.130505 0.216458
vt 0.118804 0.215627
vt 0.027018 0.219027
vt 0.019511 0.219777
vt 0.016634 0.211790
vt 0.006359 0.202511
vt 0.020041 0.231580
vt 0.026852 0.230717
vt 0.118696 0.227342
vt 0.039238 0.017151
vt 0.040286 0.006274
vt 0.127001 0.018783
vt 0.032415 0.015622
vt 0.034180 0.004989
vt 0.013355 0.233045
vt 0.011652 0.223231
vt 0.025735 0.011516
vt 0.028478 0.003099
vt 0.028723 0.022654
vt 0.023402 0.014763
vt 0.021207 0.009888
vt 0.023251 0.001565
vt 0.020412 0.012111
vt 0.015454 0.012634
vt 0.015719 0.009532
vt 0.017723 0.000514
vt 0.007025 0.234001
vt 0.000298 0.234097
vt 0.000181 0.223408
vt 0.006355 0.224206
vt 0.005942 0.221614
vt 0.009710 0.219299
vt 0.000709 0.219984
vt 0.495465 0.830950
vt 0.498774 0.830345
vt 0.505970 0.836920
vt 0.501112 0.840073
vt 0.509832 0.829434
vt 0.713814 0.805750
vt 0.720102 0.804323
vt 0.720102 0.810668
vt 0.509832 0.836310
vt 0.711176 0.810083
vt 0.718393 0.814668
vt 0.089058 0.000694
vt 0.089059 0.006072
vt 0.086726 0.000706
vt 0.006361 0.063613
vt 0.004029 0.063608
vt 0.004029 0.052837
vt 0.006361 0.052843
vt 0.712254 0.794969
vt 0.717352 0.798620
vt 0.497962 0.844933
vt 0.491837 0.839705
vt 0.494098 0.833525
vt 0.497658 0.850718
vt 0.488637 0.848455
vt 0.487058 0.859384
vt 0.001077 0.201930
vt 0.000716 0.190972
vt 0.006328 0.211164
vt 0.000889 0.210789
vt 0.006042 0.218547
vt 0.000691 0.217016
vt 0.082909 0.000691
vt 0.085242 0.000704
vt 0.082854 0.006071
vt 0.089058 0.011450
vt 0.086726 0.011438
vt 0.715497 0.817915
vt 0.708374 0.814312
vt 0.000212 0.090331
vt 0.000212 0.079560
vt 0.002545 0.079555
vt 0.002544 0.090325
vt 0.082909 0.011450
vt 0.085242 0.011437
vt 0.703422 0.820544
vt 0.697952 0.817480
vt 0.709754 0.820611
vt 0.525566 0.833525
vt 0.527827 0.839705
vt 0.521702 0.844933
vt 0.518552 0.840073
vt 0.531027 0.848455
vt 0.522006 0.850718
vt 0.532606 0.859384
vt 0.012538 0.029875
vt 0.017718 0.030088
vt 0.010720 0.040502
vt 0.013800 0.021251
vt 0.019015 0.021795
vt 0.019980 0.014880
vt 0.014797 0.015348
vt 0.524199 0.830950
vt 0.513694 0.836920
vt 0.520890 0.830346
vt 0.134873 0.019006
vt 0.127011 0.228147
vt 0.145427 0.016925
vt 0.148044 0.026695
vt 0.142083 0.221633
vt 0.138019 0.231738
vt 0.102043 0.906913
vt 0.096788 0.922033
vt 0.074260 0.922033
vt 0.069005 0.906913
vt 0.085524 0.923664
vt 0.158303 0.036793
vt 0.152713 0.039340
vt 0.068626 0.888638
vt 0.102423 0.888638
vt 0.147277 0.124854
vt 0.154767 0.123783
vt 0.134566 0.125987
vt 0.081210 0.795680
vt 0.089839 0.795680
vt 0.097905 0.798614
vt 0.073144 0.798614
vt 0.059242 0.416711
vt 0.069974 0.416711
vt 0.069974 0.427481
vt 0.059242 0.427481
vt 0.411390 0.031390
vt 0.412491 0.041141
vt 0.363181 0.046516
vt 0.361378 0.037036
vt 0.832488 0.332341
vt 0.842239 0.332677
vt 0.840502 0.340719
vt 0.833668 0.340484
vt 0.413180 0.121140
vt 0.412555 0.131043
vt 0.361761 0.127834
vt 0.363129 0.118145
vt 0.842239 0.386433
vt 0.832488 0.386768
vt 0.833668 0.378625
vt 0.840502 0.378390
vt 0.357485 0.038857
vt 0.359874 0.047353
vt 0.359685 0.117455
vt 0.357706 0.126201
vt 0.360456 0.108851
vt 0.364028 0.109081
vt 0.413749 0.111231
vt 0.355208 0.116518
vt 0.355856 0.108498
vt 0.353513 0.123564
vt 0.361296 0.099848
vt 0.356487 0.099577
vt 0.364739 0.100005
vt 0.361626 0.090931
vt 0.356800 0.090614
vt 0.365146 0.090953
vt 0.361791 0.081891
vt 0.356970 0.081825
vt 0.365341 0.081925
vt 0.361905 0.072957
vt 0.357171 0.073157
vt 0.365356 0.072976
vt 0.361767 0.064332
vt 0.357147 0.064560
vt 0.365092 0.064147
vt 0.361086 0.055823
vt 0.356574 0.056215
vt 0.364400 0.055395
vt 0.355548 0.048474
vt 0.353513 0.041661
vt 0.051588 0.941476
vt 0.045923 0.941476
vt 0.045923 0.929808
vt 0.051588 0.929808
vt 0.057252 0.941476
vt 0.008121 0.000438
vt 0.011450 0.005020
vt 0.011450 0.010685
vt 0.008121 0.015267
vt 0.256163 0.762270
vt 0.270992 0.762270
vt 0.263578 0.786143
vt 0.258903 0.801637
vt 0.256163 0.810432
vt 0.258903 0.790650
vt 0.051588 0.881646
vt 0.057252 0.881646
vt 0.260223 0.787463
vt 0.195929 0.316011
vt 0.195929 0.319460
vt 0.185155 0.319460
vt 0.185155 0.316011
vt 0.195929 0.330447
vt 0.185155 0.330447
vt 0.260223 0.804824
vt 0.195929 0.333896
vt 0.185155 0.333896
vt 0.819142 0.463678
vt 0.821883 0.435299
vt 0.821883 0.483461
vt 0.819142 0.474665
vt 0.817823 0.477852
vt 0.814468 0.479172
vt 0.195929 0.337501
vt 0.185155 0.337501
vt 0.807054 0.483461
vt 0.195929 0.341105
vt 0.185155 0.341105
vt 0.811114 0.477852
vt 0.263578 0.806143
vt 0.270992 0.810432
vt 0.266932 0.804824
vt 0.034595 0.929808
vt 0.028930 0.941476
vt 0.028930 0.881646
vt 0.034595 0.881646
vt 0.111959 0.381639
vt 0.111959 0.396468
vt 0.106572 0.398219
vt 0.106572 0.379889
vt 0.268252 0.790650
vt 0.268252 0.801637
vt 0.195929 0.344554
vt 0.185155 0.344554
vt 0.195929 0.355542
vt 0.185155 0.355542
vt 0.809794 0.474665
vt 0.807054 0.435299
vt 0.809794 0.463678
vt 0.195929 0.358991
vt 0.185155 0.358991
vt 0.811114 0.460491
vt 0.153159 0.010685
vt 0.153159 0.005020
vt 0.156489 0.000438
vt 0.156489 0.015267
vt 0.023266 0.941476
vt 0.017602 0.941476
vt 0.017602 0.929808
vt 0.023266 0.929808
vt 0.814468 0.459172
vt 0.023266 0.881646
vt 0.817823 0.460491
vt 0.195929 0.312406
vt 0.185155 0.312406
vt 0.195929 0.362595
vt 0.185155 0.362595
vt 0.011937 0.941476
vt 0.006273 0.941476
vt 0.006273 0.929808
vt 0.011937 0.929808
vt 0.000609 0.941476
vt 0.000609 0.881646
vt 0.006273 0.881646
vt 0.266932 0.787463
vt 0.101185 0.396468
vt 0.101185 0.381639
vt 0.040259 0.941476
vt 0.034595 0.941476
vt 0.040259 0.929808
vt 0.413536 0.050901
vt 0.414502 0.060712
vt 0.823233 0.335431
vt 0.827182 0.342649
vt 0.815640 0.341559
vt 0.821861 0.346943
vt 0.444040 0.892311
vt 0.443973 0.885373
vt 0.475465 0.884650
vt 0.475870 0.891511
vt 0.444066 0.899307
vt 0.476240 0.898424
vt 0.479022 0.884302
vt 0.479485 0.891329
vt 0.479792 0.898242
vt 0.481963 0.883910
vt 0.482355 0.891273
vt 0.482520 0.898175
vt 0.480276 0.905068
vt 0.482983 0.904815
vt 0.476690 0.905392
vt 0.481071 0.912145
vt 0.484048 0.911708
vt 0.477241 0.912545
vt 0.444049 0.906388
vt 0.443988 0.913583
vt 0.810665 0.349952
vt 0.818375 0.352826
vt 0.808934 0.359555
vt 0.817162 0.359555
vt 0.414748 0.070996
vt 0.414758 0.081179
vt 0.414573 0.091271
vt 0.810665 0.369157
vt 0.818375 0.366284
vt 0.414225 0.101283
vt 0.815640 0.377550
vt 0.821861 0.372166
vt 0.443879 0.920919
vt 0.477710 0.919962
vt 0.444244 0.928271
vt 0.477865 0.927489
vt 0.481792 0.919740
vt 0.481859 0.927516
vt 0.485152 0.919483
vt 0.485027 0.927540
vt 0.481693 0.935041
vt 0.484765 0.935127
vt 0.477818 0.934905
vt 0.481331 0.942419
vt 0.484360 0.942761
vt 0.477628 0.942132
vt 0.444547 0.935552
vt 0.444794 0.942774
vt 0.823233 0.383678
vt 0.827182 0.376460
vt 0.445007 0.949958
vt 0.477401 0.948999
vt 0.480482 0.949166
vt 0.478026 0.877762
vt 0.475006 0.878044
vt 0.443879 0.878470
vt 0.482859 0.950109
vt 0.480396 0.876754
vt 0.484972 0.883509
vt 0.482999 0.875205
vt 0.487436 0.943174
vt 0.485529 0.951654
vt 0.182838 0.280683
vt 0.194176 0.279650
vt 0.194656 0.281351
vt 0.182673 0.282443
vt 0.182838 0.218943
vt 0.182673 0.217184
vt 0.194656 0.218276
vt 0.194176 0.219977
vt 0.171892 0.222072
vt 0.171102 0.220491
vt 0.487693 0.935179
vt 0.162812 0.228940
vt 0.161505 0.227750
vt 0.488030 0.927629
vt 0.156824 0.238622
vt 0.155175 0.237984
vt 0.488550 0.919197
vt 0.154734 0.249813
vt 0.152966 0.249813
vt 0.486834 0.911064
vt 0.156824 0.261004
vt 0.155175 0.261642
vt 0.485419 0.904405
vt 0.162812 0.270687
vt 0.161505 0.271876
vt 0.485005 0.898110
vt 0.171892 0.277555
vt 0.171102 0.279136
vt 0.485106 0.891319
vt 0.748300 0.924168
vt 0.736625 0.908124
vt 0.748285 0.904316
vt 0.729424 0.918051
vt 0.759968 0.908082
vt 0.767176 0.918019
vt 0.729424 0.930318
vt 0.736631 0.940254
vt 0.748314 0.944020
vt 0.759975 0.940212
vt 0.767176 0.930285
vt 0.053470 0.001644
vt 0.054725 0.000919
vt 0.055980 0.001644
vt 0.055980 0.003093
vt 0.054725 0.003817
vt 0.053470 0.003093
vt 0.356624 0.000607
vt 0.358073 0.000607
vt 0.358073 0.012723
vt 0.356624 0.012723
vt 0.359522 0.000607
vt 0.359522 0.012723
vt 0.360970 0.000607
vt 0.360970 0.012723
vt 0.034386 0.003092
vt 0.034386 0.001644
vt 0.035641 0.000919
vt 0.036896 0.001644
vt 0.036896 0.003092
vt 0.035641 0.003817
vt 0.362419 0.000607
vt 0.362419 0.012723
vt 0.363868 0.000607
vt 0.363868 0.012723
vt 0.355175 0.000607
vt 0.355175 0.012723
vt 0.173455 0.141765
vt 0.175572 0.141765
vt 0.175572 0.146082
vt 0.173455 0.146082
vt 0.176845 0.210310
vt 0.173106 0.212468
vt 0.169367 0.210310
vt 0.169367 0.205993
vt 0.173106 0.203834
vt 0.176845 0.205993
vt 0.175572 0.150399
vt 0.173455 0.150399
vt 0.157406 0.387210
vt 0.158674 0.385968
vt 0.160305 0.389965
vt 0.158530 0.389965
vt 0.158674 0.393961
vt 0.157406 0.392719
vt 0.154711 0.395674
vt 0.154675 0.393899
vt 0.175572 0.154716
vt 0.173455 0.154716
vt 0.150682 0.394125
vt 0.151898 0.392831
vt 0.175573 0.159033
vt 0.173455 0.159033
vt 0.173455 0.133131
vt 0.175572 0.133131
vt 0.175572 0.137448
vt 0.173455 0.137448
vt 0.151898 0.387098
vt 0.150682 0.385805
vt 0.154711 0.384255
vt 0.154675 0.386030
vt 0.045738 0.001899
vt 0.048314 0.000411
vt 0.050890 0.001899
vt 0.050891 0.004874
vt 0.048314 0.006361
vt 0.045738 0.004874
vt 0.286453 0.130850
vt 0.288804 0.131234
vt 0.286483 0.142211
vt 0.284167 0.141383
vt 0.843511 0.597443
vt 0.843511 0.608662
vt 0.825890 0.608662
vt 0.825890 0.597443
vt 0.843511 0.626971
vt 0.825890 0.626971
vt 0.286453 0.113309
vt 0.288804 0.112925
vt 0.286483 0.101949
vt 0.284167 0.102776
vt 0.843511 0.638190
vt 0.825890 0.638190
vt 0.734764 0.243065
vt 0.702876 0.243154
vt 0.702767 0.232354
vt 0.734694 0.232302
vt 0.702722 0.214753
vt 0.734684 0.214705
vt 0.252439 0.374046
vt 0.241797 0.372584
vt 0.279056 0.365562
vt 0.269677 0.370797
vt 0.702765 0.203926
vt 0.734754 0.203919
vt 0.232744 0.364815
vt 0.284660 0.355031
vt 0.702917 0.191691
vt 0.734926 0.191932
vt 0.279524 0.152591
vt 0.277304 0.151434
vt 0.703108 0.178192
vt 0.735132 0.178851
vt 0.268891 0.161159
vt 0.266828 0.159819
vt 0.843511 0.584945
vt 0.826049 0.584945
vt 0.843511 0.571290
vt 0.827399 0.571290
vt 0.202690 0.309324
vt 0.198386 0.312636
vt 0.189359 0.304542
vt 0.192380 0.300268
vt 0.209916 0.319521
vt 0.204456 0.321234
vt 0.174493 0.293446
vt 0.177355 0.289082
vt 0.830428 0.552805
vt 0.843511 0.552805
vt 0.833143 0.526686
vt 0.843511 0.526686
vt 0.152955 0.278879
vt 0.155592 0.274388
vt 0.251341 0.169348
vt 0.253147 0.170846
vt 0.230902 0.184533
vt 0.229458 0.182813
vt 0.703373 0.159890
vt 0.703759 0.134020
vt 0.735788 0.136100
vt 0.735405 0.161138
vt 0.224446 0.335524
vt 0.219840 0.311081
vt 0.277121 0.300286
vt 0.281727 0.324728
vt 0.227706 0.352822
vt 0.284987 0.342027
vt 0.735859 0.310386
vt 0.704154 0.312521
vt 0.703686 0.286899
vt 0.735442 0.285580
vt 0.703349 0.268745
vt 0.735151 0.268005
vt 0.703093 0.255333
vt 0.734940 0.255003
vt 0.268891 0.083000
vt 0.279524 0.091569
vt 0.277304 0.092726
vt 0.266828 0.084340
vt 0.253147 0.073313
vt 0.251341 0.074811
vt 0.826049 0.650687
vt 0.843511 0.650687
vt 0.843511 0.664343
vt 0.827399 0.664343
vt 0.843511 0.682828
vt 0.830428 0.682828
vt 0.230902 0.059626
vt 0.229458 0.061347
vt 0.843511 0.708946
vt 0.833143 0.708946
vt 0.152955 0.400323
vt 0.174493 0.385756
vt 0.177355 0.390119
vt 0.155592 0.404813
vt 0.189359 0.374660
vt 0.192380 0.378934
vt 0.589411 0.147764
vt 0.589411 0.121762
vt 0.643766 0.121762
vt 0.643766 0.147764
vt 0.643766 0.166315
vt 0.589411 0.166315
vt 0.591924 0.178175
vt 0.641252 0.178175
vt 0.198386 0.366566
vt 0.202690 0.369877
vt 0.598479 0.186410
vt 0.634697 0.186410
vt 0.204456 0.357967
vt 0.209916 0.359680
vt 0.206708 0.348329
vt 0.212468 0.348755
vt 0.607861 0.189567
vt 0.625316 0.189567
vt 0.212468 0.330446
vt 0.206708 0.330873
vt 0.589411 0.099681
vt 0.643766 0.099681
vt 0.133767 0.411250
vt 0.136211 0.415849
vt 0.133767 0.267952
vt 0.136211 0.263353
vt 0.114148 0.257773
vt 0.116400 0.253066
vt 0.643766 0.077579
vt 0.589411 0.077579
vt 0.091180 0.249347
vt 0.092832 0.244366
vt 0.640464 0.053338
vt 0.592713 0.053338
vt 0.114148 0.421429
vt 0.116400 0.426136
vt 0.091180 0.429855
vt 0.092832 0.434836
vt 0.064603 0.439022
vt 0.065851 0.444331
vt 0.636269 0.025539
vt 0.596907 0.025539
vt 0.048471 0.442318
vt 0.049561 0.447682
vt 0.630146 0.010255
vt 0.603031 0.010255
vt 0.064603 0.240180
vt 0.065851 0.234871
vt 0.048471 0.236884
vt 0.049561 0.231520
vt 0.038221 0.236761
vt 0.038100 0.231365
vt 0.623232 0.002687
vt 0.609944 0.002687
vt 0.031331 0.238652
vt 0.028690 0.233948
vt 0.616588 0.000058
vt 0.038221 0.442441
vt 0.038100 0.447837
vt 0.031331 0.440549
vt 0.028690 0.445253
vt 0.843511 0.844784
vt 0.825232 0.844784
vt 0.825232 0.835025
vt 0.843511 0.835025
vt 0.825424 0.823565
vt 0.843511 0.823565
vt 0.108593 0.006132
vt 0.118283 0.004974
vt 0.118667 0.007198
vt 0.109344 0.008263
vt 0.129632 0.006561
vt 0.129688 0.008821
vt 0.728338 0.438090
vt 0.710216 0.444020
vt 0.708138 0.435134
vt 0.727015 0.429682
vt 0.706741 0.424334
vt 0.725967 0.417639
vt 0.739516 0.428387
vt 0.740458 0.436084
vt 0.738532 0.416784
vt 0.226405 0.188548
vt 0.234317 0.190288
vt 0.239238 0.197747
vt 0.233961 0.198741
vt 0.242453 0.199173
vt 0.567150 0.766273
vt 0.567150 0.733438
vt 0.572519 0.733438
vt 0.572519 0.766273
vt 0.424936 0.922060
vt 0.424936 0.972010
vt 0.417435 0.959285
vt 0.248489 0.246833
vt 0.254720 0.219943
vt 0.407178 0.953358
vt 0.392102 0.922060
vt 0.392102 0.953358
vt 0.384421 0.951300
vt 0.378798 0.945677
vt 0.376740 0.937709
vt 0.378798 0.929741
vt 0.384421 0.924118
vt 0.567150 0.774225
vt 0.572519 0.774225
vt 0.567150 0.782177
vt 0.572519 0.782177
vt 0.170970 0.655601
vt 0.165347 0.661224
vt 0.157666 0.663282
vt 0.142589 0.663282
vt 0.124831 0.631984
vt 0.157666 0.631984
vt 0.165347 0.634042
vt 0.170970 0.639665
vt 0.173028 0.647633
vt 0.567150 0.790406
vt 0.572519 0.790406
vt 0.567150 0.798636
vt 0.572519 0.798636
vt 0.567150 0.806588
vt 0.572519 0.806588
vt 0.567150 0.814540
vt 0.572519 0.814540
vt 0.572519 0.829616
vt 0.567150 0.829616
vt 0.572519 0.841463
vt 0.567150 0.841463
vt 0.132332 0.669209
vt 0.572519 0.856234
vt 0.567150 0.856234
vt 0.124831 0.681934
vt 0.238061 0.250398
vt 0.243212 0.247827
vt 0.264948 0.245331
vt 0.232328 0.249879
vt 0.223077 0.200793
vt 0.211174 0.255465
vt 0.227051 0.250873
vt 0.245547 0.865636
vt 0.245547 0.880407
vt 0.240178 0.880407
vt 0.240178 0.865636
vt 0.277354 0.081425
vt 0.269853 0.068700
vt 0.277354 0.031475
vt 0.245547 0.853790
vt 0.240178 0.853790
vt 0.259596 0.062773
vt 0.245547 0.838713
vt 0.240178 0.838713
vt 0.244519 0.062773
vt 0.236838 0.060715
vt 0.231215 0.055092
vt 0.229157 0.047124
vt 0.231215 0.039156
vt 0.236838 0.033533
vt 0.244519 0.031475
vt 0.240178 0.830761
vt 0.245547 0.830761
vt 0.240178 0.822809
vt 0.245547 0.822809
vt 0.240178 0.814579
vt 0.245547 0.814579
vt 0.240178 0.806350
vt 0.245547 0.806350
vt 0.240178 0.798398
vt 0.245547 0.798398
vt 0.240178 0.790446
vt 0.245547 0.790446
vt 0.240178 0.757611
vt 0.245547 0.757611
vt 0.369052 0.734529
vt 0.351294 0.703231
vt 0.384129 0.703231
vt 0.391810 0.705289
vt 0.397433 0.710911
vt 0.399491 0.718880
vt 0.397433 0.726848
vt 0.391810 0.732471
vt 0.384129 0.734529
vt 0.219669 0.193049
vt 0.217800 0.201787
vt 0.215325 0.204285
vt 0.358795 0.740456
vt 0.351294 0.753181
vt 0.211460 0.228096
vt 0.738508 0.028015
vt 0.725700 0.027157
vt 0.726756 0.014876
vt 0.739503 0.016186
vt 0.737363 0.052071
vt 0.724541 0.051583
vt 0.706089 0.020355
vt 0.707499 0.009335
vt 0.705338 0.036881
vt 0.129688 0.235338
vt 0.129632 0.237599
vt 0.118283 0.239186
vt 0.118667 0.236961
vt 0.145220 0.229770
vt 0.145280 0.232135
vt 0.825424 0.412067
vt 0.825232 0.400607
vt 0.843511 0.400607
vt 0.843511 0.412067
vt 0.826802 0.428642
vt 0.843511 0.428642
vt 0.170215 0.217044
vt 0.170646 0.219291
vt 0.829920 0.457074
vt 0.843511 0.457074
vt 0.832311 0.482083
vt 0.843511 0.482083
vt 0.192087 0.205806
vt 0.192913 0.207907
vt 0.843511 0.504384
vt 0.833278 0.504384
vt 0.210772 0.194310
vt 0.211908 0.196220
vt 0.704095 0.111926
vt 0.720998 0.116241
vt 0.704443 0.089834
vt 0.721636 0.079190
vt 0.395952 0.157761
vt 0.398185 0.151355
vt 0.410941 0.151355
vt 0.410941 0.157761
vt 0.151354 0.935114
vt 0.151354 0.898308
vt 0.156433 0.903751
vt 0.155827 0.930014
vt 0.736088 0.116472
vt 0.216229 0.291922
vt 0.273510 0.281127
vt 0.211690 0.287403
vt 0.207405 0.261484
vt 0.736182 0.329814
vt 0.721831 0.330052
vt 0.164988 0.418531
vt 0.177744 0.418531
vt 0.179389 0.424936
vt 0.164988 0.424936
vt 0.276093 0.275265
vt 0.270649 0.249565
vt 0.428346 0.000218
vt 0.442748 0.000218
vt 0.441103 0.007320
vt 0.428346 0.007320
vt 0.705577 0.380437
vt 0.722502 0.366546
vt 0.736713 0.366236
vt 0.736926 0.376027
vt 0.261691 0.235959
vt 0.724800 0.393672
vt 0.737387 0.393179
vt 0.705976 0.408129
vt 0.145280 0.012025
vt 0.170646 0.024868
vt 0.170215 0.027116
vt 0.145220 0.014389
vt 0.192913 0.036252
vt 0.192087 0.038353
vt 0.704984 0.356116
vt 0.211908 0.047939
vt 0.210772 0.049850
vt 0.704570 0.334358
vt 0.843511 0.731248
vt 0.833278 0.731248
vt 0.843511 0.753550
vt 0.832311 0.753550
vt 0.843511 0.778558
vt 0.829920 0.778558
vt 0.843511 0.806991
vt 0.826803 0.806991
vt 0.941716 0.518255
vt 0.946565 0.512812
vt 0.946565 0.549618
vt 0.942355 0.544518
vt 0.441103 0.013542
vt 0.428346 0.013542
vt 0.935845 0.520314
vt 0.936906 0.542989
vt 0.441103 0.019929
vt 0.428346 0.019929
vt 0.931943 0.525370
vt 0.932549 0.538319
vt 0.164988 0.412871
vt 0.177744 0.412871
vt 0.164988 0.406485
vt 0.177744 0.406485
vt 0.281041 0.272519
vt 0.276837 0.250212
vt 0.281801 0.254231
vt 0.284202 0.266969
vt 0.164988 0.399696
vt 0.177744 0.399696
vt 0.284987 0.260226
vt 0.441103 0.026718
vt 0.428346 0.026718
vt 0.930228 0.531939
vt 0.529229 0.251595
vt 0.526995 0.244493
vt 0.541985 0.244493
vt 0.541985 0.251595
vt 0.736698 0.079506
vt 0.704986 0.065096
vt 0.736907 0.069536
vt 0.210796 0.245550
vt 0.201877 0.264339
vt 0.206081 0.286646
vt 0.529229 0.257816
vt 0.541985 0.257816
vt 0.529229 0.264203
vt 0.541985 0.264203
vt 0.198717 0.269889
vt 0.201117 0.282628
vt 0.398185 0.145696
vt 0.398185 0.139309
vt 0.410941 0.139309
vt 0.410941 0.145696
vt 0.162307 0.905802
vt 0.161274 0.928479
vt 0.166215 0.910854
vt 0.165625 0.923803
vt 0.398185 0.132520
vt 0.410941 0.132520
vt 0.167939 0.917420
vt 0.529229 0.270992
vt 0.541985 0.270992
vt 0.197931 0.276633
vt 0.108593 0.238027
vt 0.109344 0.235897
vt 0.825232 0.390849
vt 0.843511 0.390849
vt 0.709609 0.000265
vt 0.728099 0.006300
vt 0.740458 0.008338
vt 0.017812 0.504769
vt 0.008695 0.613232
vt 0.000230 0.612536
vt 0.010627 0.504169
vt 0.200672 0.773239
vt 0.200670 0.674453
vt 0.217557 0.664474
vt 0.216603 0.773336
vt 0.174733 0.773190
vt 0.174780 0.671641
vt 0.167056 0.675343
vt 0.147229 0.675550
vt 0.132509 0.690408
vt 0.132870 0.773537
vt 0.984399 0.842976
vt 0.984553 0.759843
vt 0.990811 0.759852
vt 0.990718 0.842985
vt 0.500000 0.601345
vt 0.500000 0.684478
vt 0.454568 0.684464
vt 0.465386 0.586430
vt 0.485215 0.586550
vt 0.492651 0.588550
vt 0.498006 0.593908
vt 0.984360 0.850676
vt 0.990734 0.850685
vt 0.984349 0.858251
vt 0.990723 0.858260
vt 0.984365 0.865951
vt 0.990684 0.865960
vt 0.990568 0.885788
vt 0.984422 0.885780
vt 0.990519 0.894327
vt 0.984432 0.894345
vt 0.457675 0.582762
vt 0.990561 0.902867
vt 0.984402 0.902875
vt 0.437344 0.577693
vt 0.454015 0.575050
vt 0.437309 0.684459
vt 0.424736 0.684455
vt 0.424782 0.562043
vt 0.424722 0.490051
vt 0.437399 0.490090
vt 0.446861 0.489982
vt 0.447089 0.536947
vt 0.449373 0.539375
vt 0.453944 0.541236
vt 0.984535 0.945370
vt 0.984540 0.942034
vt 0.990592 0.942009
vt 0.990602 0.945344
vt 0.984531 0.992366
vt 0.991094 0.992306
vt 0.036140 0.385720
vt 0.029807 0.386343
vt 0.027324 0.377830
vt 0.033764 0.376560
vt 0.193875 0.578974
vt 0.185317 0.625772
vt 0.185010 0.578784
vt 0.203671 0.579035
vt 0.036896 0.398375
vt 0.030601 0.396104
vt 0.209868 0.644668
vt 0.211416 0.650489
vt 0.210266 0.578784
vt 0.032630 0.408397
vt 0.027324 0.401834
vt 0.007442 0.489223
vt 0.006283 0.483324
vt 0.015618 0.482351
vt 0.017022 0.487978
vt 0.000230 0.417708
vt 0.008615 0.416752
vt 0.414053 0.555919
vt 0.412277 0.561434
vt 0.413831 0.489952
vt 0.017709 0.499548
vt 0.010089 0.498691
vt 0.403641 0.575632
vt 0.405280 0.570673
vt 0.403896 0.684475
vt 0.413478 0.684449
vt 0.216164 0.659123
vt 0.183018 0.628202
vt 0.984358 0.938899
vt 0.990773 0.938892
vt 0.179883 0.628406
vt 0.178438 0.630064
vt 0.178413 0.663901
vt 0.990768 0.936684
vt 0.984349 0.936701
vt 0.452488 0.539576
vt 0.134471 0.682962
vt 0.139802 0.677581
vt 0.656934 0.469876
vt 0.720040 0.469876
vt 0.720057 0.535365
vt 0.656892 0.535365
vt 0.378370 0.846174
vt 0.441476 0.846174
vt 0.441476 0.852756
vt 0.378370 0.852756
vt 0.123985 0.369017
vt 0.118205 0.372376
vt 0.098197 0.310018
vt 0.104773 0.309754
vt 0.097210 0.285474
vt 0.091647 0.288991
vt 0.088587 0.294819
vt 0.092369 0.306959
vt 0.128071 0.374699
vt 0.124451 0.381069
vt 0.724194 0.545238
vt 0.656892 0.545238
vt 0.349814 0.633820
vt 0.281831 0.633085
vt 0.286578 0.627943
vt 0.349801 0.627948
vt 0.286515 0.565644
vt 0.349621 0.565504
vt 0.117406 0.390038
vt 0.123824 0.388186
vt 0.124682 0.398022
vt 0.117917 0.395887
vt 0.089048 0.334404
vt 0.093886 0.329941
vt 0.441476 0.911993
vt 0.441476 0.918575
vt 0.378370 0.918575
vt 0.378370 0.911993
vt 0.441476 0.905411
vt 0.378370 0.905411
vt 0.110337 0.306237
vt 0.103787 0.285210
vt 0.109615 0.288269
vt 0.113396 0.300409
vt 0.441476 0.898829
vt 0.378370 0.898829
vt 0.113132 0.293832
vt 0.441476 0.892247
vt 0.378370 0.892247
vt 0.441476 0.885665
vt 0.378370 0.885665
vt 0.441476 0.879083
vt 0.378370 0.879083
vt 0.378370 0.872501
vt 0.441476 0.872501
vt 0.378370 0.865920
vt 0.441476 0.865920
vt 0.378370 0.859338
vt 0.441476 0.859338
vt 0.088852 0.301395
vt 0.118334 0.405583
vt 0.114153 0.400370
vt 0.349818 0.639674
vt 0.275587 0.639240
vt 0.731122 0.555110
vt 0.656892 0.555110
vt 0.745030 0.586017
vt 0.656892 0.586017
vt 0.090916 0.419847
vt 0.089048 0.413431
vt 0.656892 0.595889
vt 0.748912 0.595889
vt 0.262407 0.667619
vt 0.349839 0.667973
vt 0.349843 0.673827
vt 0.260189 0.673371
vt 0.173325 0.373279
vt 0.179548 0.377535
vt 0.169908 0.381964
vt 0.167616 0.375607
vt 0.136092 0.384224
vt 0.136382 0.377490
vt 0.349846 0.679681
vt 0.257751 0.679647
vt 0.176396 0.367288
vt 0.183206 0.368213
vt 0.656892 0.605762
vt 0.750587 0.605762
vt 0.750636 0.669524
vt 0.656892 0.669471
vt 0.173829 0.303060
vt 0.180247 0.304520
vt 0.183206 0.302643
vt 0.178423 0.298193
vt 0.750604 0.673028
vt 0.656887 0.672880
vt 0.722059 0.675474
vt 0.728864 0.675460
vt 0.729008 0.769177
vt 0.722314 0.769190
vt 0.656545 0.769361
vt 0.656593 0.791334
vt 0.650011 0.791349
vt 0.650011 0.769351
vt 0.728996 0.791175
vt 0.722414 0.791187
vt 0.663175 0.791319
vt 0.663127 0.769346
vt 0.256128 0.743905
vt 0.349873 0.743917
vt 0.349821 0.750636
vt 0.256128 0.750597
vt 0.656337 0.675669
vt 0.662919 0.675654
vt 0.669501 0.675639
vt 0.669708 0.769332
vt 0.669757 0.791305
vt 0.676290 0.769317
vt 0.676339 0.791290
vt 0.676083 0.675625
vt 0.682665 0.675610
vt 0.682872 0.769303
vt 0.682921 0.791276
vt 0.689454 0.769288
vt 0.689503 0.791261
vt 0.689247 0.675596
vt 0.695829 0.675581
vt 0.696036 0.769273
vt 0.696086 0.791246
vt 0.702618 0.769259
vt 0.702668 0.791232
vt 0.702411 0.675567
vt 0.708993 0.675552
vt 0.709200 0.769244
vt 0.709250 0.791217
vt 0.715782 0.769229
vt 0.715575 0.675538
vt 0.715832 0.791202
vt 0.597855 0.932874
vt 0.602948 0.931519
vt 0.604472 0.934694
vt 0.598111 0.936387
vt 0.592619 0.932272
vt 0.591572 0.935635
vt 0.587966 0.929797
vt 0.585762 0.932544
vt 0.500252 0.354962
vt 0.495688 0.352327
vt 0.493052 0.347762
vt 0.493052 0.342491
vt 0.495688 0.337927
vt 0.500252 0.335292
vt 0.505523 0.335292
vt 0.510087 0.337927
vt 0.512723 0.342491
vt 0.512723 0.347762
vt 0.510087 0.352327
vt 0.505523 0.354962
vt 0.585762 0.904967
vt 0.591572 0.901875
vt 0.592619 0.905238
vt 0.587966 0.907714
vt 0.598111 0.901123
vt 0.597855 0.904636
vt 0.604472 0.902816
vt 0.602948 0.905991
vt 0.609773 0.906718
vt 0.607193 0.909116
vt 0.610000 0.913577
vt 0.613279 0.912288
vt 0.610982 0.918755
vt 0.614504 0.918755
vt 0.610000 0.923934
vt 0.613279 0.925222
vt 0.607193 0.928394
vt 0.609773 0.930792
vt 0.172249 0.363088
vt 0.168696 0.365140
vt 0.164593 0.365140
vt 0.161039 0.363088
vt 0.158988 0.359535
vt 0.158988 0.355432
vt 0.161039 0.351879
vt 0.164593 0.349827
vt 0.168696 0.349827
vt 0.172249 0.351879
vt 0.174300 0.355432
vt 0.174300 0.359535
vt 0.373315 0.231998
vt 0.377418 0.231998
vt 0.377418 0.699736
vt 0.373376 0.699736
vt 0.381521 0.231998
vt 0.381460 0.699736
vt 0.385624 0.231999
vt 0.385501 0.699737
vt 0.389727 0.232000
vt 0.389543 0.699738
vt 0.393830 0.232002
vt 0.393585 0.699740
vt 0.397933 0.232005
vt 0.397627 0.699743
vt 0.402036 0.232008
vt 0.401668 0.699746
vt 0.352800 0.232008
vt 0.356903 0.232005
vt 0.357209 0.699743
vt 0.353167 0.699746
vt 0.361006 0.232002
vt 0.361251 0.699740
vt 0.365109 0.232001
vt 0.365293 0.699738
vt 0.369212 0.231999
vt 0.369334 0.699737
vt 0.248092 0.379605
vt 0.248092 0.383708
vt 0.246040 0.387261
vt 0.242487 0.389313
vt 0.238384 0.389313
vt 0.234830 0.387261
vt 0.232779 0.383708
vt 0.232779 0.379605
vt 0.234831 0.376052
vt 0.238384 0.374000
vt 0.242487 0.374000
vt 0.246040 0.376052
vt 0.675128 0.468184
vt 0.675128 0.000446
vt 0.679231 0.000446
vt 0.679170 0.468184
vt 0.671086 0.468184
vt 0.671025 0.000446
vt 0.667044 0.468185
vt 0.666922 0.000447
vt 0.663003 0.468186
vt 0.662819 0.000448
vt 0.658961 0.468188
vt 0.658716 0.000450
vt 0.654919 0.468190
vt 0.654613 0.000453
vt 0.650877 0.468193
vt 0.650510 0.000456
vt 0.695337 0.468190
vt 0.695643 0.000453
vt 0.699746 0.000456
vt 0.699378 0.468193
vt 0.691295 0.468188
vt 0.691540 0.000450
vt 0.687253 0.468186
vt 0.687437 0.000448
vt 0.683211 0.468185
vt 0.683334 0.000447
vt 0.564717 0.538024
vt 0.566672 0.538093
vt 0.566015 0.539533
vt 0.563995 0.539194
vt 0.726311 0.538175
vt 0.723667 0.532751
vt 0.724845 0.531855
vt 0.727737 0.537578
vt 0.566119 0.536610
vt 0.726017 0.530946
vt 0.729085 0.536985
vt 0.791644 0.577841
vt 0.798414 0.578485
vt 0.798563 0.580060
vt 0.791269 0.579454
vt 0.791894 0.576489
vt 0.798279 0.576908
vt 0.563995 0.536534
vt 0.564679 0.535953
vt 0.724614 0.538876
vt 0.721966 0.533664
vt 0.124677 0.747948
vt 0.126977 0.742813
vt 0.128340 0.743358
vt 0.126275 0.748532
vt 0.798436 0.575222
vt 0.791245 0.585583
vt 0.797452 0.586120
vt 0.797458 0.587427
vt 0.791216 0.587165
vt 0.123224 0.747354
vt 0.125755 0.742102
vt 0.791096 0.584007
vt 0.797871 0.584594
vt 0.121832 0.746757
vt 0.124629 0.741237
vt 0.790935 0.582433
vt 0.798319 0.582919
vt 0.120506 0.746193
vt 0.123499 0.740371
vt 0.790967 0.580850
vt 0.798533 0.581643
vt 0.119203 0.745638
vt 0.122275 0.739640
vt 0.118394 0.745232
vt 0.121088 0.739111
vt 0.116098 0.751840
vt 0.116979 0.752145
vt 0.118371 0.752507
vt 0.730406 0.536399
vt 0.727280 0.530169
vt 0.728087 0.529887
vt 0.731495 0.535914
vt 0.732660 0.542992
vt 0.733822 0.542639
vt 0.731259 0.543390
vt 0.729826 0.543791
vt 0.731118 0.550322
vt 0.732610 0.550100
vt 0.734070 0.549877
vt 0.728308 0.544187
vt 0.729537 0.550528
vt 0.726557 0.544654
vt 0.727751 0.550769
vt 0.122849 0.753693
vt 0.124598 0.754101
vt 0.121711 0.759784
vt 0.123583 0.759991
vt 0.121289 0.753281
vt 0.120077 0.759557
vt 0.119792 0.752877
vt 0.118513 0.759332
vt 0.117035 0.759135
vt 0.115590 0.758941
vt 0.114960 0.765943
vt 0.116443 0.765980
vt 0.117962 0.766015
vt 0.114663 0.758747
vt 0.114001 0.765855
vt 0.735284 0.549673
vt 0.734655 0.556980
vt 0.735904 0.556926
vt 0.733155 0.557030
vt 0.732884 0.564102
vt 0.734409 0.564230
vt 0.735680 0.564329
vt 0.731620 0.557074
vt 0.731325 0.563964
vt 0.729998 0.557091
vt 0.729680 0.563787
vt 0.728190 0.557119
vt 0.727855 0.563601
vt 0.121260 0.766115
vt 0.123214 0.766116
vt 0.121494 0.772606
vt 0.123489 0.772393
vt 0.119574 0.766068
vt 0.119773 0.772742
vt 0.118127 0.772864
vt 0.116577 0.772992
vt 0.117469 0.780132
vt 0.119039 0.779826
vt 0.120704 0.779515
vt 0.115063 0.773113
vt 0.115934 0.780426
vt 0.114079 0.773132
vt 0.114931 0.780561
vt 0.733298 0.571557
vt 0.734575 0.571817
vt 0.116673 0.788105
vt 0.117677 0.787838
vt 0.731255 0.578882
vt 0.732518 0.579312
vt 0.731764 0.571241
vt 0.729732 0.578358
vt 0.730199 0.570909
vt 0.728186 0.577809
vt 0.728554 0.570527
vt 0.726571 0.577201
vt 0.726718 0.570114
vt 0.724741 0.576548
vt 0.122442 0.779184
vt 0.124439 0.778751
vt 0.124140 0.785747
vt 0.126101 0.785117
vt 0.122423 0.786285
vt 0.120775 0.786816
vt 0.123518 0.793602
vt 0.124924 0.792669
vt 0.126424 0.791946
vt 0.119213 0.787336
vt 0.122105 0.794555
vt 0.120586 0.795352
vt 0.119512 0.795580
vt 0.777813 0.853369
vt 0.774971 0.859506
vt 0.774100 0.859183
vt 0.776978 0.853017
vt 0.772839 0.858490
vt 0.775642 0.852506
vt 0.728099 0.586273
vt 0.729441 0.586687
vt 0.759430 0.853303
vt 0.762230 0.859733
vt 0.761065 0.860119
vt 0.758307 0.853708
vt 0.726581 0.585466
vt 0.760789 0.852788
vt 0.763541 0.859021
vt 0.725175 0.584488
vt 0.762175 0.852266
vt 0.764768 0.858172
vt 0.723784 0.583503
vt 0.763639 0.851746
vt 0.766001 0.857336
vt 0.721966 0.582797
vt 0.765346 0.851155
vt 0.767603 0.856727
vt 0.128340 0.791445
vt 0.771369 0.850894
vt 0.769241 0.856156
vt 0.767603 0.855709
vt 0.769703 0.850367
vt 0.772857 0.851438
vt 0.770500 0.856828
vt 0.774580 0.845390
vt 0.772991 0.845040
vt 0.771257 0.844710
vt 0.774283 0.851988
vt 0.771667 0.857659
vt 0.776107 0.845735
vt 0.777558 0.846050
vt 0.778981 0.846360
vt 0.780096 0.839409
vt 0.778620 0.839283
vt 0.777112 0.839157
vt 0.779878 0.846609
vt 0.781030 0.839547
vt 0.757522 0.846542
vt 0.756337 0.846809
vt 0.756496 0.839511
vt 0.755271 0.839632
vt 0.758958 0.846220
vt 0.757984 0.839373
vt 0.760424 0.845899
vt 0.759505 0.839238
vt 0.761976 0.845586
vt 0.761112 0.839125
vt 0.763809 0.845212
vt 0.763030 0.838981
vt 0.773864 0.838863
vt 0.772068 0.838755
vt 0.773958 0.832473
vt 0.772108 0.832591
vt 0.763004 0.832569
vt 0.761053 0.832477
vt 0.775521 0.839009
vt 0.775660 0.832412
vt 0.777295 0.832361
vt 0.778841 0.832301
vt 0.778208 0.825172
vt 0.776640 0.825427
vt 0.774981 0.825683
vt 0.780354 0.832245
vt 0.779744 0.824925
vt 0.781318 0.832275
vt 0.780733 0.824842
vt 0.756337 0.832292
vt 0.755084 0.832269
vt 0.757063 0.824963
vt 0.755793 0.824788
vt 0.757858 0.832337
vt 0.758600 0.825200
vt 0.759412 0.832391
vt 0.760168 0.825450
vt 0.761817 0.825745
vt 0.763749 0.826078
vt 0.765306 0.819612
vt 0.763448 0.819045
vt 0.761821 0.818522
vt 0.773254 0.825958
vt 0.771357 0.826312
vt 0.771741 0.819432
vt 0.769806 0.820007
vt 0.773454 0.818940
vt 0.775100 0.818453
vt 0.772533 0.811672
vt 0.771121 0.812564
vt 0.769620 0.813247
vt 0.776662 0.817975
vt 0.773952 0.810759
vt 0.778198 0.817513
vt 0.775473 0.810003
vt 0.779197 0.817300
vt 0.776545 0.809832
vt 0.758733 0.817605
vt 0.757462 0.817267
vt 0.761517 0.810149
vt 0.760165 0.809832
vt 0.760265 0.818051
vt 0.763053 0.810877
vt 0.764486 0.811779
vt 0.765905 0.812687
vt 0.561893 0.539775
vt 0.562581 0.537906
vt 0.563995 0.538909
vt 0.563476 0.539775
vt 0.560773 0.538656
vt 0.560773 0.537073
vt 0.562580 0.536324
vt 0.561890 0.535953
vt 0.767603 0.813764
vt 0.563874 0.536142
vt 0.767603 0.813276
vt 0.790935 0.588791
vt 0.112653 0.516022
vt 0.097632 0.500356
vt 0.131429 0.503301
vt 0.129011 0.508162
vt 0.771526 0.572231
vt 0.771497 0.577618
vt 0.758117 0.579206
vt 0.125603 0.522575
vt 0.123472 0.537814
vt 0.112320 0.634314
vt 0.123301 0.598634
vt 0.125227 0.608125
vt 0.127994 0.616223
vt 0.771526 0.848937
vt 0.771526 0.947213
vt 0.761166 0.947305
vt 0.761166 0.848937
vt 0.097641 0.695092
vt 0.097771 0.648780
vt 0.112128 0.702108
vt 0.132713 0.723648
vt 0.112068 0.723590
vt 0.751341 0.473532
vt 0.767557 0.472382
vt 0.768159 0.482102
vt 0.751990 0.482975
vt 0.097777 0.448962
vt 0.132990 0.449061
vt 0.132855 0.497089
vt 0.177246 0.723667
vt 0.218807 0.724030
vt 0.218790 0.735829
vt 0.179943 0.735490
vt 0.770902 0.542448
vt 0.754789 0.543084
vt 0.771325 0.557682
vt 0.755336 0.558087
vt 0.750704 0.465189
vt 0.766906 0.463766
vt 0.744715 0.474111
vt 0.744104 0.465728
vt 0.755734 0.572306
vt 0.749345 0.457008
vt 0.742743 0.457915
vt 0.748423 0.572703
vt 0.748015 0.559151
vt 0.745563 0.482893
vt 0.748658 0.580544
vt 0.748033 0.543714
vt 0.754489 0.458477
vt 0.747772 0.446934
vt 0.131737 0.621243
vt 0.732045 0.849000
vt 0.744098 0.848966
vt 0.743053 0.932512
vt 0.732179 0.896821
vt 0.740765 0.448849
vt 0.742442 0.434334
vt 0.735673 0.437475
vt 0.733860 0.419412
vt 0.726003 0.420866
vt 0.732133 0.407645
vt 0.723214 0.412092
vt 0.754658 0.940141
vt 0.756151 0.848933
vt 0.732261 0.926372
vt 0.725049 0.920030
vt 0.724987 0.897778
vt 0.464991 0.888426
vt 0.464991 0.866174
vt 0.469970 0.863539
vt 0.469970 0.888205
vt 0.766341 0.250025
vt 0.766341 0.245202
vt 0.814162 0.245202
vt 0.810574 0.250025
vt 0.766341 0.290859
vt 0.810574 0.290859
vt 0.810574 0.330133
vt 0.810574 0.334484
vt 0.766341 0.334484
vt 0.766341 0.330133
vt 0.766341 0.358739
vt 0.810574 0.358739
vt 0.810574 0.295584
vt 0.766341 0.295584
vt 0.879406 0.854131
vt 0.875977 0.849667
vt 0.879054 0.847065
vt 0.884203 0.850809
vt 0.873668 0.854556
vt 0.869846 0.851026
vt 0.819719 0.375221
vt 0.815414 0.245202
vt 0.820658 0.251770
vt 0.824724 0.375193
vt 0.746261 0.586451
vt 0.754633 0.588417
vt 0.741875 0.591202
vt 0.748168 0.596679
vt 0.818205 0.383121
vt 0.822564 0.385568
vt 0.815414 0.390216
vt 0.819133 0.392475
vt 0.853357 0.269159
vt 0.857926 0.275147
vt 0.859187 0.379690
vt 0.856358 0.386851
vt 0.847321 0.262905
vt 0.851006 0.390525
vt 0.837190 0.257508
vt 0.844448 0.391473
vt 0.860778 0.282587
vt 0.862028 0.366565
vt 0.863002 0.290697
vt 0.864459 0.351510
vt 0.132990 0.625373
vt 0.755534 0.453893
vt 0.750865 0.444764
vt 0.766083 0.453008
vt 0.766414 0.457405
vt 0.745501 0.430738
vt 0.740221 0.418215
vt 0.738303 0.407863
vt 0.180005 0.753094
vt 0.180063 0.749081
vt 0.218941 0.749420
vt 0.218906 0.753434
vt 0.218850 0.719015
vt 0.170852 0.718596
vt 0.738064 0.608126
vt 0.737014 0.611422
vt 0.723214 0.607530
vt 0.179002 0.862000
vt 0.179221 0.837482
vt 0.218169 0.837822
vt 0.217955 0.862340
vt 0.732467 0.647060
vt 0.179263 0.833433
vt 0.179576 0.798702
vt 0.218508 0.799042
vt 0.218204 0.833773
vt 0.178820 0.882078
vt 0.178913 0.871776
vt 0.217870 0.872116
vt 0.217780 0.882418
vt 0.766341 0.368515
vt 0.810574 0.368515
vt 0.766341 0.378818
vt 0.810574 0.378818
vt 0.766341 0.389709
vt 0.810574 0.389709
vt 0.766341 0.400563
vt 0.810574 0.400563
vt 0.179630 0.794000
vt 0.218549 0.794340
vt 0.873153 0.696762
vt 0.869846 0.693747
vt 0.886141 0.654529
vt 0.891029 0.652621
vt 0.178724 0.892969
vt 0.217685 0.893309
vt 0.178629 0.903711
vt 0.217591 0.904051
vt 0.724692 0.836939
vt 0.763654 0.836599
vt 0.763748 0.847341
vt 0.724786 0.847681
vt 0.165621 0.664448
vt 0.168039 0.669309
vt 0.134242 0.672254
vt 0.149263 0.656588
vt 0.162213 0.650035
vt 0.160082 0.634796
vt 0.148930 0.538296
vt 0.159911 0.573976
vt 0.161837 0.564485
vt 0.164604 0.556387
vt 0.880076 0.632627
vt 0.869716 0.632536
vt 0.869716 0.534260
vt 0.880076 0.534260
vt 0.134381 0.523830
vt 0.134251 0.477518
vt 0.148738 0.470502
vt 0.148678 0.449020
vt 0.169323 0.448962
vt 0.762233 0.169551
vt 0.761625 0.179268
vt 0.745416 0.178108
vt 0.746070 0.168669
vt 0.169600 0.723549
vt 0.134387 0.723649
vt 0.169465 0.675521
vt 0.723587 0.679460
vt 0.723571 0.667660
vt 0.765132 0.667297
vt 0.762435 0.679121
vt 0.765009 0.109229
vt 0.748902 0.108583
vt 0.717268 0.043807
vt 0.732188 0.043320
vt 0.742202 0.054878
vt 0.765442 0.094001
vt 0.749456 0.093583
vt 0.760969 0.187880
vt 0.744774 0.186448
vt 0.738793 0.177527
vt 0.738178 0.185905
vt 0.765656 0.079457
vt 0.749865 0.079344
vt 0.743411 0.194624
vt 0.736813 0.193714
vt 0.742523 0.078975
vt 0.742134 0.092521
vt 0.739645 0.168748
vt 0.742618 0.071131
vt 0.749656 0.071191
vt 0.742149 0.107951
vt 0.765581 0.074046
vt 0.748554 0.193159
vt 0.741833 0.204693
vt 0.168347 0.551367
vt 0.898188 0.617835
vt 0.897143 0.534289
vt 0.909196 0.534322
vt 0.909063 0.582144
vt 0.734831 0.202775
vt 0.736498 0.217283
vt 0.729735 0.214140
vt 0.727912 0.232191
vt 0.720061 0.230734
vt 0.726179 0.243950
vt 0.717268 0.239501
vt 0.885090 0.534255
vt 0.886583 0.625464
vt 0.916192 0.605353
vt 0.908980 0.611694
vt 0.916254 0.583101
vt 0.507105 0.863539
vt 0.512084 0.866174
vt 0.512084 0.888426
vt 0.507105 0.888205
vt 0.717268 0.245202
vt 0.765089 0.245202
vt 0.765089 0.250025
vt 0.720856 0.250025
vt 0.765089 0.290859
vt 0.720856 0.290859
vt 0.765089 0.334484
vt 0.720856 0.334484
vt 0.720856 0.330133
vt 0.765089 0.330133
vt 0.765089 0.358739
vt 0.720856 0.358739
vt 0.765089 0.295584
vt 0.720856 0.295584
vt 0.879071 0.810979
vt 0.875986 0.808372
vt 0.879420 0.803905
vt 0.884214 0.807228
vt 0.869846 0.807005
vt 0.873677 0.803472
vt 0.678161 0.853772
vt 0.672918 0.860339
vt 0.677223 0.730320
vt 0.682228 0.730349
vt 0.740239 0.065175
vt 0.748683 0.063232
vt 0.735840 0.060380
vt 0.675709 0.722421
vt 0.680067 0.719974
vt 0.672918 0.715325
vt 0.676637 0.713067
vt 0.716691 0.725852
vt 0.715430 0.830395
vt 0.710861 0.836382
vt 0.713861 0.718691
vt 0.704825 0.842636
vt 0.708509 0.715016
vt 0.694694 0.848033
vt 0.701952 0.714069
vt 0.718282 0.822954
vt 0.719532 0.738976
vt 0.720505 0.814845
vt 0.721962 0.754032
vt 0.169600 0.547237
vt 0.749596 0.197742
vt 0.744923 0.206864
vt 0.760473 0.194238
vt 0.760139 0.198633
vt 0.739553 0.220879
vt 0.734268 0.233391
vt 0.732345 0.243737
vt 0.723437 0.693051
vt 0.762315 0.692711
vt 0.762373 0.696725
vt 0.723472 0.697064
vt 0.723527 0.662646
vt 0.771526 0.662227
vt 0.731159 0.040005
vt 0.724208 0.781452
vt 0.763157 0.781112
vt 0.763376 0.805630
vt 0.724422 0.805970
vt 0.726873 0.004173
vt 0.723870 0.742672
vt 0.762801 0.742332
vt 0.763114 0.777063
vt 0.724173 0.777403
vt 0.724508 0.815747
vt 0.763465 0.815407
vt 0.763557 0.825709
vt 0.724597 0.826049
vt 0.765089 0.368515
vt 0.720856 0.368515
vt 0.765089 0.378818
vt 0.720856 0.378818
vt 0.765089 0.389709
vt 0.720856 0.389709
vt 0.765089 0.400563
vt 0.720856 0.400563
vt 0.762747 0.737631
vt 0.723829 0.737970
vt 0.886181 0.762343
vt 0.869846 0.723141
vt 0.873150 0.720122
vt 0.891068 0.764245
vt 0.723437 0.652286
vt 0.771463 0.651867
vt 0.499134 0.720790
vt 0.477941 0.720790
vt 0.476848 0.713067
vt 0.500227 0.713066
vt 0.499134 0.729042
vt 0.477941 0.729042
vt 0.499134 0.859237
vt 0.477941 0.859237
vt 0.898619 0.885701
vt 0.902773 0.887845
vt 0.898699 0.772359
vt 0.902860 0.770224
vt 0.937486 0.770211
vt 0.937400 0.887908
vt 0.971923 0.829085
vt 0.970772 0.839906
vt 0.970788 0.818262
vt 0.967551 0.850339
vt 0.967582 0.807825
vt 0.962720 0.859468
vt 0.962765 0.798688
vt 0.956626 0.867145
vt 0.956682 0.791002
vt 0.941356 0.886071
vt 0.941440 0.772054
vt 0.039389 0.745545
vt 0.039389 0.724900
vt 0.049749 0.745545
vt 0.109197 0.745545
vt 0.098837 0.745545
vt 0.109197 0.724900
vt 0.085087 0.874739
vt 0.074293 0.875879
vt 0.063499 0.874739
vt 0.095495 0.871534
vt 0.053090 0.871534
vt 0.104605 0.866722
vt 0.043981 0.866722
vt 0.112267 0.860649
vt 0.036319 0.860649
vt 0.131155 0.845432
vt 0.017431 0.845432
vt 0.132990 0.841488
vt 0.015596 0.841488
vt 0.132990 0.806939
vt 0.015596 0.806939
vt 0.130914 0.802694
vt 0.017672 0.802694
vt 0.098682 0.777624
vt 0.049904 0.777624
vt 0.095879 0.773700
vt 0.052707 0.773700
vt 0.095879 0.761647
vt 0.052707 0.761647
vt 0.095879 0.749594
vt 0.052707 0.749594
vt 0.134242 0.724900
vt 0.155724 0.724900
vt 0.155724 0.794709
vt 0.134242 0.794709
vt 0.632613 0.713067
vt 0.648710 0.713067
vt 0.648710 0.782875
vt 0.632613 0.782875
vt 0.464991 0.889678
vt 0.511303 0.889678
vt 0.511303 0.959486
vt 0.464991 0.959486
vt 0.651149 0.784127
vt 0.671666 0.784127
vt 0.671666 0.853935
vt 0.651149 0.853935
vt 0.453383 0.855027
vt 0.453383 0.973319
vt 0.383574 0.973319
vt 0.383574 0.855027
vt 0.649962 0.713067
vt 0.671666 0.713067
vt 0.671666 0.782875
vt 0.649962 0.782875
vt 0.323643 0.939954
vt 0.323643 0.870146
vt 0.375038 0.870146
vt 0.375038 0.939954
vt 0.606825 0.713067
vt 0.606825 0.748280
vt 0.596465 0.748280
vt 0.537017 0.713067
vt 0.547377 0.748280
vt 0.537017 0.748280
vt 0.571921 0.879155
vt 0.561239 0.878015
vt 0.582603 0.878015
vt 0.550831 0.874810
vt 0.593011 0.874810
vt 0.541721 0.869998
vt 0.602121 0.869998
vt 0.534059 0.863925
vt 0.609783 0.863925
vt 0.515038 0.848453
vt 0.628804 0.848453
vt 0.513336 0.844779
vt 0.630506 0.844779
vt 0.513336 0.810047
vt 0.630506 0.810047
vt 0.515409 0.805826
vt 0.628434 0.805826
vt 0.547779 0.780815
vt 0.596063 0.780815
vt 0.550335 0.777720
vt 0.593507 0.777720
vt 0.550335 0.764129
vt 0.593507 0.764129
vt 0.550335 0.752329
vt 0.593507 0.752329
vt 0.761208 0.583912
vt 0.758691 0.591329
vt 0.771469 0.583931
vt 0.751323 0.600306
vt 0.741848 0.609009
vt 0.740441 0.612041
vt 0.953153 0.677374
vt 0.948242 0.679084
vt 0.942360 0.671773
vt 0.947046 0.669470
vt 0.931112 0.650189
vt 0.927430 0.653806
vt 0.923945 0.652435
vt 0.927081 0.648202
vt 0.891695 0.647894
vt 0.887012 0.649524
vt 0.735418 0.650615
vt 0.958044 0.686749
vt 0.952913 0.687762
vt 0.961268 0.697460
vt 0.956022 0.697689
vt 0.962329 0.708415
vt 0.957340 0.708417
vt 0.755317 0.067743
vt 0.752764 0.060301
vt 0.765564 0.067742
vt 0.745393 0.051260
vt 0.735987 0.042468
vt 0.734605 0.039414
vt 0.948262 0.737758
vt 0.953174 0.739465
vt 0.947073 0.747372
vt 0.942385 0.745073
vt 0.927471 0.763054
vt 0.931159 0.766672
vt 0.927124 0.768668
vt 0.923984 0.764425
vt 0.891738 0.768960
vt 0.887060 0.767341
vt 0.729865 0.000626
vt 0.952928 0.729077
vt 0.958060 0.730087
vt 0.956031 0.719147
vt 0.961277 0.719372
vt 0.170914 0.708237
vt 0.218941 0.708656
vt 0.252557 0.883867
vt 0.248207 0.877356
vt 0.265613 0.870146
vt 0.267141 0.877826
vt 0.227675 0.576442
vt 0.397557 0.576442
vt 0.397557 0.595282
vt 0.227675 0.595282
vt 0.284453 0.870146
vt 0.282926 0.877826
vt 0.227675 0.557601
vt 0.397557 0.557601
vt 0.463739 0.551998
vt 0.453679 0.551998
vt 0.453678 0.536213
vt 0.463739 0.536213
vt 0.463739 0.567783
vt 0.453679 0.567783
vt 0.665529 0.926020
vt 0.658443 0.936674
vt 0.647007 0.925269
vt 0.657623 0.918129
vt 0.640820 0.910347
vt 0.653350 0.907821
vt 0.675861 0.930262
vt 0.673377 0.942800
vt 0.463739 0.583568
vt 0.453679 0.583568
vt 0.687018 0.930231
vt 0.653354 0.896669
vt 0.657587 0.886347
vt 0.665478 0.878463
vt 0.675765 0.874159
vt 0.686921 0.874128
vt 0.697253 0.878370
vt 0.705160 0.886262
vt 0.709432 0.896569
vt 0.709429 0.907722
vt 0.705195 0.918044
vt 0.697307 0.925932
vt 0.689516 0.942760
vt 0.704414 0.936541
vt 0.715836 0.925131
vt 0.721963 0.910192
vt 0.721963 0.894043
vt 0.715775 0.879121
vt 0.704339 0.867716
vt 0.689405 0.861591
vt 0.673266 0.861632
vt 0.658370 0.867853
vt 0.646948 0.879261
vt 0.640821 0.894199
vt 0.463739 0.520428
vt 0.453679 0.520428
vt 0.453679 0.504643
vt 0.463739 0.504643
vt 0.301860 0.877355
vt 0.297509 0.883867
vt 0.315182 0.890678
vt 0.308671 0.895028
vt 0.227675 0.519920
vt 0.397557 0.519920
vt 0.397557 0.538761
vt 0.227675 0.538761
vt 0.034467 0.545345
vt 0.088170 0.529173
vt 0.092717 0.547457
vt 0.037695 0.558324
vt 0.095462 0.566096
vt 0.039644 0.571555
vt 0.562402 0.351738
vt 0.562402 0.000626
vt 0.575776 0.000626
vt 0.575776 0.351738
vt 0.589151 0.000626
vt 0.589151 0.351738
vt 0.337544 0.151019
vt 0.438579 0.172713
vt 0.436234 0.185881
vt 0.333922 0.171357
vt 0.434822 0.199180
vt 0.331741 0.191901
vt 0.231609 0.156834
vt 0.228660 0.184621
vt 0.236509 0.129325
vt 0.342590 0.130986
vt 0.441846 0.159744
vt 0.243334 0.102228
vt 0.252052 0.075680
vt 0.349035 0.111359
vt 0.446018 0.147037
vt 0.262618 0.049812
vt 0.356847 0.092234
vt 0.451076 0.134656
vt 0.274979 0.024752
vt 0.365986 0.073707
vt 0.456992 0.122662
vt 0.289076 0.000626
vt 0.376408 0.055870
vt 0.463739 0.111114
vt 0.274979 0.400340
vt 0.365986 0.351386
vt 0.376408 0.369223
vt 0.289076 0.424467
vt 0.456992 0.302431
vt 0.463739 0.313979
vt 0.262618 0.375281
vt 0.356847 0.332859
vt 0.451076 0.290437
vt 0.349035 0.313734
vt 0.446018 0.278055
vt 0.252052 0.349413
vt 0.243334 0.322865
vt 0.342590 0.294107
vt 0.441846 0.265349
vt 0.236509 0.295768
vt 0.337544 0.274074
vt 0.438579 0.252379
vt 0.231609 0.268258
vt 0.333922 0.253735
vt 0.436234 0.239212
vt 0.228660 0.240472
vt 0.331741 0.233192
vt 0.434822 0.225912
vt 0.227675 0.212546
vt 0.331013 0.212546
vt 0.434351 0.212546
vt 0.000626 0.224168
vt 0.226423 0.224168
vt 0.226423 0.252111
vt 0.000626 0.252111
vt 0.000626 0.196225
vt 0.226423 0.196225
vt 0.351957 0.834765
vt 0.357459 0.838442
vt 0.337701 0.858201
vt 0.334024 0.852698
vt 0.361662 0.811335
vt 0.368153 0.812626
vt 0.464991 0.203510
vt 0.494278 0.203510
vt 0.494278 0.228870
vt 0.464991 0.228870
vt 0.464991 0.178149
vt 0.494278 0.178149
vt 0.890261 0.320795
vt 0.896821 0.336288
vt 0.876069 0.350260
vt 0.865718 0.325780
vt 0.890283 0.303968
vt 0.865710 0.299203
vt 0.908682 0.348199
vt 0.894855 0.369088
vt 0.464991 0.152789
vt 0.494278 0.152789
vt 0.924226 0.354652
vt 0.919448 0.379304
vt 0.464991 0.127428
vt 0.494278 0.127428
vt 0.351957 0.762545
vt 0.357459 0.758868
vt 0.368153 0.784684
vt 0.361662 0.785975
vt 0.000626 0.140340
vt 0.226423 0.140340
vt 0.226423 0.168282
vt 0.000626 0.168282
vt 0.334024 0.744612
vt 0.337701 0.739109
vt 0.000626 0.112397
vt 0.226423 0.112397
vt 0.310594 0.734907
vt 0.311885 0.728416
vt 0.000626 0.084454
vt 0.226423 0.084454
vt 0.464991 0.076707
vt 0.494278 0.076707
vt 0.494278 0.102068
vt 0.464991 0.102068
vt 0.941085 0.354657
vt 0.946146 0.379341
vt 0.956686 0.348200
vt 0.970773 0.369028
vt 0.968504 0.336174
vt 0.989409 0.350012
vt 0.464991 0.051347
vt 0.494279 0.051347
vt 0.974813 0.320574
vt 0.999374 0.325355
vt 0.464991 0.025986
vt 0.494279 0.025986
vt 0.261803 0.744612
vt 0.258127 0.739109
vt 0.283942 0.728416
vt 0.285233 0.734907
vt 0.000626 0.028569
vt 0.226423 0.028569
vt 0.226423 0.056511
vt 0.000626 0.056511
vt 0.243871 0.762545
vt 0.238368 0.758868
vt 0.000626 0.000626
vt 0.226423 0.000626
vt 0.234166 0.785975
vt 0.227675 0.784684
vt 0.000626 0.419767
vt 0.226423 0.419767
vt 0.226423 0.447710
vt 0.000626 0.447710
vt 0.464991 0.381033
vt 0.494279 0.381033
vt 0.494279 0.406394
vt 0.464991 0.406394
vt 0.464991 0.000626
vt 0.494279 0.000626
vt 0.974840 0.303756
vt 0.999374 0.298769
vt 0.968409 0.288182
vt 0.989219 0.274197
vt 0.956419 0.276346
vt 0.970306 0.255487
vt 0.464991 0.355673
vt 0.494279 0.355673
vt 0.940874 0.269860
vt 0.945731 0.245202
vt 0.464991 0.330312
vt 0.494279 0.330312
vt 0.243871 0.834765
vt 0.238368 0.838442
vt 0.227675 0.812626
vt 0.234166 0.811335
vt 0.000626 0.363882
vt 0.226423 0.363882
vt 0.226423 0.391825
vt 0.000626 0.391825
vt 0.261803 0.852698
vt 0.258127 0.858201
vt 0.000626 0.335939
vt 0.226423 0.335939
vt 0.285233 0.862403
vt 0.283942 0.868894
vt 0.000626 0.307996
vt 0.226423 0.307996
vt 0.464991 0.279591
vt 0.494279 0.279591
vt 0.494279 0.304952
vt 0.464991 0.304952
vt 0.924033 0.269959
vt 0.919029 0.245321
vt 0.908494 0.276407
vt 0.894401 0.255631
vt 0.896591 0.288351
vt 0.875641 0.274538
vt 0.464991 0.254231
vt 0.494278 0.254231
vt 0.311885 0.868894
vt 0.310594 0.862403
vt 0.226423 0.280053
vt 0.000626 0.280053
vt 0.602525 0.351738
vt 0.602525 0.000626
vt 0.615900 0.000626
vt 0.615900 0.351738
vt 0.040296 0.584914
vt 0.096380 0.584914
vt 0.095462 0.603732
vt 0.039644 0.598272
vt 0.629274 0.000626
vt 0.629274 0.351738
vt 0.092717 0.622371
vt 0.037695 0.611504
vt 0.397557 0.614122
vt 0.227675 0.614122
vt 0.088170 0.640654
vt 0.034467 0.624483
vt 0.397557 0.632963
vt 0.227675 0.632963
vt 0.241396 0.895028
vt 0.234885 0.890678
vt 0.235355 0.909612
vt 0.227675 0.908084
vt 0.463739 0.599353
vt 0.453678 0.599353
vt 0.235355 0.925397
vt 0.227675 0.926924
vt 0.463739 0.615138
vt 0.453679 0.615138
vt 0.241396 0.939980
vt 0.234885 0.944331
vt 0.463739 0.630922
vt 0.453679 0.630922
vt 0.463739 0.646707
vt 0.453679 0.646707
vt 0.252557 0.951141
vt 0.248207 0.957653
vt 0.227675 0.651803
vt 0.397557 0.651803
vt 0.397557 0.670643
vt 0.227675 0.670643
vt 0.397557 0.689484
vt 0.227675 0.689484
vt 0.029992 0.637086
vt 0.081864 0.658408
vt 0.073861 0.675464
vt 0.024310 0.649194
vt 0.064235 0.691660
vt 0.017477 0.660691
vt 0.656023 0.351738
vt 0.656023 0.000626
vt 0.669397 0.000626
vt 0.669397 0.351738
vt 0.682771 0.000626
vt 0.682771 0.351738
vt 0.696146 0.000626
vt 0.696146 0.351738
vt 0.053079 0.706842
vt 0.009557 0.671468
vt 0.709520 0.000626
vt 0.709520 0.351738
vt 0.040497 0.720866
vt 0.000626 0.681423
vt 0.397557 0.708324
vt 0.227675 0.708324
vt 0.397557 0.727165
vt 0.227675 0.727165
vt 0.267141 0.957182
vt 0.265613 0.964863
vt 0.282926 0.957182
vt 0.284453 0.964863
vt 0.463739 0.678277
vt 0.453679 0.678277
vt 0.453678 0.662492
vt 0.463739 0.662492
vt 0.463739 0.441503
vt 0.453679 0.441503
vt 0.453679 0.425719
vt 0.463739 0.425719
vt 0.297509 0.951141
vt 0.301860 0.957653
vt 0.463739 0.457288
vt 0.453679 0.457288
vt 0.308671 0.939980
vt 0.315182 0.944330
vt 0.227675 0.425719
vt 0.397557 0.425719
vt 0.397557 0.444559
vt 0.227675 0.444559
vt 0.397557 0.463399
vt 0.227675 0.463399
vt 0.000626 0.488404
vt 0.040497 0.448962
vt 0.053079 0.462985
vt 0.009557 0.498359
vt 0.064235 0.478167
vt 0.017477 0.509137
vt 0.495530 0.351738
vt 0.495530 0.000626
vt 0.508905 0.000626
vt 0.508905 0.351738
vt 0.522279 0.000626
vt 0.522279 0.351738
vt 0.535653 0.000626
vt 0.535653 0.351738
vt 0.073861 0.494363
vt 0.024310 0.520634
vt 0.549028 0.000626
vt 0.549028 0.351738
vt 0.081864 0.511419
vt 0.029992 0.532741
vt 0.397557 0.482240
vt 0.227675 0.482240
vt 0.397557 0.501080
vt 0.227675 0.501080
vt 0.314711 0.925396
vt 0.322392 0.926924
vt 0.314711 0.909612
vt 0.322392 0.908084
vt 0.463739 0.488858
vt 0.453679 0.488858
vt 0.453678 0.473073
vt 0.463739 0.473073
vt 0.642648 0.351738
vt 0.642648 0.000626
vt 0.498822 0.675073
vt 0.495735 0.673856
vt 0.501421 0.662635
vt 0.507334 0.649324
vt 0.504147 0.663537
vt 0.503492 0.648320
vt 0.155526 0.980161
vt 0.144123 0.968747
vt 0.137944 0.953843
vt 0.137945 0.937709
vt 0.144129 0.922788
vt 0.155367 0.911278
vt 0.170302 0.905303
vt 0.186455 0.905303
vt 0.201359 0.911478
vt 0.212762 0.922892
vt 0.218941 0.937796
vt 0.218940 0.953930
vt 0.212756 0.968852
vt 0.201518 0.980361
vt 0.186583 0.986337
vt 0.170430 0.986337
vt 0.490467 0.684578
vt 0.487815 0.683034
vt 0.479392 0.692491
vt 0.478024 0.690101
vt 0.468020 0.697969
vt 0.467254 0.695315
vt 0.465961 0.429114
vt 0.478011 0.435654
vt 0.476401 0.438176
vt 0.464991 0.431953
vt 0.489610 0.444821
vt 0.486651 0.446357
vt 0.498174 0.455571
vt 0.494761 0.456730
vt 0.500340 0.469202
vt 0.506056 0.483953
vt 0.503345 0.468367
vt 0.501694 0.454804
vt 0.499968 0.441944
vt 0.503293 0.441735
vt 0.505189 0.428087
vt 0.507859 0.429441
vt 0.495658 0.425187
vt 0.484656 0.428241
vt 0.965868 0.224746
vt 0.951503 0.224748
vt 0.938231 0.219252
vt 0.928072 0.209095
vt 0.922573 0.195823
vt 0.922573 0.181451
vt 0.928072 0.168180
vt 0.938231 0.158023
vt 0.951503 0.152527
vt 0.965868 0.152528
vt 0.979140 0.158027
vt 0.989297 0.168186
vt 0.994793 0.181458
vt 0.994793 0.195816
vt 0.989297 0.209089
vt 0.979140 0.219247
vt 0.504973 0.418544
vt 0.512132 0.416294
vt 0.661723 0.428015
vt 0.652966 0.417971
vt 0.661404 0.407645
vt 0.647236 0.441859
vt 0.647694 0.418768
vt 0.652532 0.442330
vt 0.514427 0.418227
vt 0.669667 0.446731
vt 0.642748 0.464739
vt 0.647585 0.468120
vt 0.660524 0.482082
vt 0.683498 0.461576
vt 0.701619 0.470884
vt 0.711027 0.480371
vt 0.686698 0.479023
vt 0.663541 0.487176
vt 0.641513 0.495096
vt 0.637650 0.490261
vt 0.686738 0.484354
vt 0.966016 0.534255
vt 0.980921 0.540431
vt 0.992324 0.551845
vt 0.998502 0.566749
vt 0.998502 0.582882
vt 0.992318 0.597804
vt 0.981079 0.609313
vt 0.966144 0.615289
vt 0.949992 0.615289
vt 0.935087 0.609113
vt 0.923684 0.597700
vt 0.917506 0.582796
vt 0.917507 0.566662
vt 0.923690 0.551740
vt 0.934929 0.540231
vt 0.949864 0.534255
vt 0.622027 0.507215
vt 0.604722 0.517431
vt 0.607973 0.521426
vt 0.619152 0.503729
vt 0.594418 0.533737
vt 0.597771 0.536981
vt 0.587319 0.553108
vt 0.591371 0.554064
vt 0.584512 0.571596
vt 0.588507 0.571783
vt 0.589448 0.588957
vt 0.585570 0.589519
vt 0.593996 0.605061
vt 0.590754 0.607753
vt 0.601968 0.619589
vt 0.599098 0.622831
vt 0.612540 0.631302
vt 0.622450 0.640993
vt 0.610616 0.633775
vt 0.596661 0.626413
vt 0.580617 0.622258
vt 0.582431 0.618466
vt 0.563989 0.621711
vt 0.563646 0.617939
vt 0.563462 0.604270
vt 0.572199 0.592661
vt 0.568056 0.590464
vt 0.560195 0.601034
vt 0.551896 0.612689
vt 0.549825 0.608697
vt 0.546935 0.621052
vt 0.572498 0.577849
vt 0.577233 0.578712
vt 0.572808 0.564407
vt 0.577711 0.563797
vt 0.568783 0.550900
vt 0.573320 0.548794
vt 0.564560 0.535766
vt 0.560872 0.539112
vt 0.585911 0.521404
vt 0.550016 0.530258
vt 0.552470 0.526034
vt 0.547530 0.516706
vt 0.565487 0.520960
vt 0.566056 0.516890
vt 0.584096 0.517163
vt 0.601948 0.513124
vt 0.189079 0.529554
vt 0.189012 0.545706
vt 0.170852 0.545706
vt 0.170938 0.529554
vt 0.189012 0.561839
vt 0.170852 0.561839
vt 0.950369 0.958422
vt 0.956553 0.943500
vt 0.962264 0.944644
vt 0.955208 0.961670
vt 0.956554 0.927367
vt 0.962265 0.926235
vt 0.418144 0.517676
vt 0.418046 0.536106
vt 0.398808 0.536106
vt 0.398929 0.517676
vt 0.418046 0.554515
vt 0.398808 0.554515
vt 0.838004 0.710464
vt 0.844214 0.727817
vt 0.838940 0.729333
vt 0.832988 0.712690
vt 0.848049 0.745822
vt 0.842615 0.746587
vt 0.418143 0.499321
vt 0.398928 0.499321
vt 0.829437 0.694232
vt 0.824787 0.697145
vt 0.418144 0.480967
vt 0.398929 0.480967
vt 0.818568 0.679441
vt 0.814377 0.682984
vt 0.418046 0.462536
vt 0.398808 0.462536
vt 0.805663 0.666283
vt 0.801998 0.670367
vt 0.418046 0.444128
vt 0.398808 0.444128
vt 0.791135 0.654977
vt 0.788076 0.659533
vt 0.418046 0.425719
vt 0.398808 0.425719
vt 0.775171 0.645809
vt 0.772777 0.650747
vt 0.418046 0.701719
vt 0.418046 0.720129
vt 0.398809 0.720129
vt 0.398809 0.701720
vt 0.791135 0.873396
vt 0.775171 0.882563
vt 0.772777 0.877625
vt 0.788076 0.868840
vt 0.418046 0.683311
vt 0.398809 0.683311
vt 0.805663 0.862090
vt 0.801998 0.858005
vt 0.418145 0.664881
vt 0.398930 0.664881
vt 0.818568 0.848931
vt 0.814377 0.845389
vt 0.418143 0.646526
vt 0.398928 0.646526
vt 0.829437 0.834141
vt 0.824787 0.831228
vt 0.418145 0.628172
vt 0.398930 0.628172
vt 0.838004 0.817908
vt 0.832988 0.815682
vt 0.418046 0.609741
vt 0.398809 0.609741
vt 0.844214 0.800555
vt 0.838940 0.799039
vt 0.418046 0.591333
vt 0.398808 0.591333
vt 0.848049 0.782550
vt 0.842615 0.781785
vt 0.418046 0.572924
vt 0.398808 0.572924
vt 0.849333 0.764186
vt 0.843846 0.764186
vt 0.838026 0.119082
vt 0.836796 0.101483
vt 0.842229 0.100718
vt 0.843514 0.119082
vt 0.836796 0.136681
vt 0.842229 0.137446
vt 0.833120 0.153935
vt 0.838394 0.155451
vt 0.715895 0.129422
vt 0.715895 0.147831
vt 0.710772 0.147831
vt 0.710772 0.129422
vt 0.715895 0.111013
vt 0.710772 0.111013
vt 0.716016 0.092583
vt 0.710893 0.092583
vt 0.826955 0.170500
vt 0.831971 0.172726
vt 0.716014 0.074228
vt 0.710891 0.074228
vt 0.818757 0.186047
vt 0.823407 0.188960
vt 0.716016 0.055874
vt 0.710893 0.055874
vt 0.808344 0.200207
vt 0.812536 0.203749
vt 0.715895 0.037444
vt 0.710772 0.037444
vt 0.796129 0.212981
vt 0.799794 0.217065
vt 0.715895 0.019035
vt 0.710772 0.019035
vt 0.782207 0.223815
vt 0.785266 0.228371
vt 0.715895 0.000626
vt 0.710772 0.000626
vt 0.766908 0.232601
vt 0.769302 0.237538
vt 0.715895 0.276627
vt 0.715895 0.295036
vt 0.710772 0.295036
vt 0.710772 0.276627
vt 0.782207 0.014349
vt 0.766908 0.005564
vt 0.769302 0.000626
vt 0.785266 0.009793
vt 0.715895 0.258218
vt 0.710772 0.258218
vt 0.796129 0.025184
vt 0.799794 0.021099
vt 0.716016 0.239788
vt 0.710893 0.239788
vt 0.808345 0.037958
vt 0.812536 0.034416
vt 0.716015 0.221433
vt 0.710891 0.221433
vt 0.818757 0.052117
vt 0.823407 0.049204
vt 0.716016 0.203079
vt 0.710893 0.203079
vt 0.826955 0.067664
vt 0.831971 0.065438
vt 0.715895 0.184648
vt 0.710772 0.184648
vt 0.833120 0.084229
vt 0.838394 0.082713
vt 0.715895 0.166240
vt 0.710772 0.166240
vt 0.538088 0.935794
vt 0.538088 0.917386
vt 0.545143 0.900359
vt 0.557966 0.887226
vt 0.575006 0.880407
vt 0.593437 0.880406
vt 0.610444 0.887452
vt 0.623456 0.900475
vt 0.630506 0.917480
vt 0.630506 0.935889
vt 0.623451 0.952916
vt 0.610629 0.966049
vt 0.593588 0.972868
vt 0.575157 0.972868
vt 0.558151 0.965822
vt 0.545139 0.952800
vt 0.950375 0.912463
vt 0.938972 0.901049
vt 0.942204 0.896206
vt 0.955215 0.909230
vt 0.189012 0.577973
vt 0.189012 0.594107
vt 0.170852 0.594107
vt 0.170852 0.577973
vt 0.548846 0.512991
vt 0.533564 0.505669
vt 0.531591 0.509006
vt 0.520488 0.495381
vt 0.516783 0.497345
vt 0.189012 0.610241
vt 0.170852 0.610241
vt 0.510129 0.482538
vt 0.189079 0.626393
vt 0.170938 0.626393
vt 0.924068 0.894873
vt 0.907915 0.894873
vt 0.906767 0.889160
vt 0.925198 0.889159
vt 0.892980 0.900849
vt 0.889726 0.895978
vt 0.189078 0.642479
vt 0.170937 0.642479
vt 0.189079 0.658565
vt 0.170938 0.658565
vt 0.881742 0.912358
vt 0.876903 0.909110
vt 0.875558 0.927280
vt 0.869847 0.926136
vt 0.189012 0.674718
vt 0.170852 0.674718
vt 0.875557 0.943414
vt 0.869846 0.944545
vt 0.189012 0.690851
vt 0.170852 0.690851
vt 0.881736 0.958318
vt 0.876896 0.961551
vt 0.189012 0.706985
vt 0.170852 0.706985
vt 0.893138 0.969731
vt 0.889906 0.974574
vt 0.189012 0.448962
vt 0.189012 0.465095
vt 0.170852 0.465095
vt 0.170852 0.448962
vt 0.908043 0.975907
vt 0.906913 0.981621
vt 0.189012 0.481229
vt 0.170852 0.481229
vt 0.924195 0.975907
vt 0.925343 0.981621
vt 0.189079 0.497381
vt 0.170938 0.497381
vt 0.633225 0.485965
vt 0.189078 0.513467
vt 0.170937 0.513467
vt 0.939130 0.969931
vt 0.942384 0.974802
vt 0.501835 0.484841
vt 0.503767 0.500957
vt 0.499583 0.501188
vt 0.493743 0.516724
vt 0.497114 0.518504
vt 0.484771 0.530519
vt 0.487564 0.533103
vt 0.500652 0.617154
vt 0.497472 0.618637
vt 0.489860 0.605524
vt 0.492550 0.603277
vt 0.505987 0.633586
vt 0.502150 0.633186
vt 0.512537 0.612820
vt 0.517796 0.637487
vt 0.525181 0.616882
vt 0.531933 0.627423
vt 0.533599 0.630580
vt 0.521115 0.639458
vt 0.511017 0.650807
vt 0.525829 0.612664
vt 0.537959 0.612671
vt 0.538654 0.616986
vt 0.514404 0.609019
vt 0.547980 0.624528
vt 0.208558 0.594107
vt 0.190398 0.594107
vt 0.190398 0.577973
vt 0.208558 0.577973
vt 0.190398 0.561839
vt 0.208558 0.561839
vt 0.776176 0.943413
vt 0.781887 0.942281
vt 0.788066 0.957185
vt 0.783227 0.960419
vt 0.799470 0.968598
vt 0.796238 0.973441
vt 0.438732 0.591333
vt 0.419495 0.591333
vt 0.419495 0.572924
vt 0.438732 0.572924
vt 0.419495 0.554515
vt 0.438732 0.554515
vt 0.914603 0.101403
vt 0.920037 0.100639
vt 0.921322 0.119003
vt 0.915834 0.119003
vt 0.920037 0.137367
vt 0.914603 0.136602
vt 0.438732 0.609741
vt 0.419495 0.609741
vt 0.910928 0.084149
vt 0.916202 0.082634
vt 0.438611 0.628172
vt 0.419396 0.628172
vt 0.904976 0.067507
vt 0.909992 0.065281
vt 0.438613 0.646526
vt 0.419398 0.646526
vt 0.896775 0.051961
vt 0.901425 0.049048
vt 0.438611 0.664881
vt 0.419396 0.664881
vt 0.886365 0.037800
vt 0.890556 0.034258
vt 0.438732 0.683311
vt 0.419495 0.683311
vt 0.873986 0.025184
vt 0.877651 0.021099
vt 0.438732 0.701720
vt 0.419495 0.701720
vt 0.860064 0.014349
vt 0.863123 0.009793
vt 0.438732 0.720129
vt 0.419495 0.720129
vt 0.844765 0.005563
vt 0.847159 0.000626
vt 0.438732 0.444128
vt 0.419495 0.444128
vt 0.419495 0.425719
vt 0.438732 0.425719
vt 0.860064 0.223656
vt 0.863123 0.228212
vt 0.847159 0.237380
vt 0.844765 0.232442
vt 0.438732 0.462536
vt 0.419495 0.462536
vt 0.873986 0.212822
vt 0.877651 0.216906
vt 0.438611 0.480967
vt 0.419396 0.480967
vt 0.886365 0.200205
vt 0.890556 0.203747
vt 0.438613 0.499321
vt 0.419398 0.499321
vt 0.896775 0.186044
vt 0.901425 0.188957
vt 0.438611 0.517676
vt 0.419396 0.517676
vt 0.904976 0.170499
vt 0.909992 0.172725
vt 0.438732 0.536106
vt 0.419495 0.536106
vt 0.910928 0.153856
vt 0.916202 0.155372
vt 0.844264 0.489732
vt 0.838990 0.491248
vt 0.832825 0.474683
vt 0.837841 0.472457
vt 0.848099 0.507737
vt 0.842665 0.508502
vt 0.849383 0.526101
vt 0.843896 0.526101
vt 0.445228 0.572923
vt 0.440105 0.572923
vt 0.440105 0.554514
vt 0.445228 0.554514
vt 0.440105 0.536106
vt 0.445228 0.536106
vt 0.445228 0.591332
vt 0.440105 0.591332
vt 0.848099 0.544466
vt 0.842665 0.543701
vt 0.445228 0.609741
vt 0.440105 0.609741
vt 0.844264 0.562470
vt 0.838990 0.560955
vt 0.445107 0.628171
vt 0.439984 0.628171
vt 0.837841 0.579745
vt 0.832825 0.577520
vt 0.445109 0.646526
vt 0.439986 0.646526
vt 0.829277 0.595980
vt 0.824627 0.593066
vt 0.445107 0.664880
vt 0.439984 0.664880
vt 0.818405 0.610768
vt 0.814214 0.607226
vt 0.445228 0.683311
vt 0.440105 0.683311
vt 0.805663 0.624084
vt 0.801998 0.620000
vt 0.445228 0.701719
vt 0.440105 0.701719
vt 0.791135 0.635390
vt 0.788076 0.630834
vt 0.445228 0.720128
vt 0.440105 0.720128
vt 0.775171 0.644558
vt 0.772777 0.639620
vt 0.445228 0.444128
vt 0.440105 0.444128
vt 0.440105 0.425719
vt 0.445228 0.425719
vt 0.791135 0.416813
vt 0.788076 0.421368
vt 0.772777 0.412583
vt 0.775171 0.407645
vt 0.445228 0.462536
vt 0.440105 0.462536
vt 0.805663 0.428118
vt 0.801998 0.432203
vt 0.445107 0.480966
vt 0.439984 0.480966
vt 0.818405 0.441435
vt 0.814214 0.444977
vt 0.445109 0.499321
vt 0.439986 0.499321
vt 0.829277 0.456223
vt 0.824627 0.459136
vt 0.445107 0.517675
vt 0.439984 0.517675
vt 0.052514 0.877131
vt 0.070944 0.877130
vt 0.087951 0.884176
vt 0.100963 0.897199
vt 0.108014 0.914204
vt 0.108013 0.932613
vt 0.100959 0.949640
vt 0.088136 0.962773
vt 0.071095 0.969592
vt 0.052665 0.969593
vt 0.035658 0.962546
vt 0.022646 0.949524
vt 0.015596 0.932518
vt 0.015596 0.914110
vt 0.022651 0.897083
vt 0.035473 0.883950
vt 0.813245 0.980487
vt 0.814375 0.974774
vt 0.830528 0.974773
vt 0.831676 0.980486
vt 0.208558 0.545706
vt 0.190398 0.545706
vt 0.190331 0.529554
vt 0.208472 0.529554
vt 0.845462 0.968796
vt 0.848716 0.973667
vt 0.190332 0.513467
vt 0.208473 0.513467
vt 0.856700 0.957286
vt 0.861539 0.960534
vt 0.190331 0.497381
vt 0.208472 0.497381
vt 0.862883 0.942364
vt 0.868594 0.943508
vt 0.190398 0.481229
vt 0.208558 0.481229
vt 0.620070 0.643720
vt 0.629164 0.653054
vt 0.626608 0.655215
vt 0.633248 0.667328
vt 0.630291 0.667861
vt 0.190398 0.465095
vt 0.208558 0.465095
vt 0.634721 0.681018
vt 0.631713 0.680835
vt 0.190398 0.448962
vt 0.208558 0.448962
vt 0.862883 0.926231
vt 0.868594 0.925099
vt 0.856704 0.911327
vt 0.861544 0.908094
vt 0.856705 0.911328
vt 0.845301 0.899915
vt 0.848533 0.895072
vt 0.208558 0.706985
vt 0.190398 0.706985
vt 0.190398 0.690851
vt 0.208558 0.690851
vt 0.830396 0.893739
vt 0.831526 0.888025
vt 0.190398 0.674718
vt 0.208558 0.674718
vt 0.512105 0.710140
vt 0.509908 0.711815
vt 0.504048 0.700661
vt 0.506564 0.699535
vt 0.499865 0.687685
vt 0.502913 0.688026
vt 0.502025 0.675936
vt 0.190331 0.658565
vt 0.208472 0.658565
vt 0.190332 0.642479
vt 0.208473 0.642479
vt 0.814244 0.893740
vt 0.813096 0.888026
vt 0.799309 0.899716
vt 0.796055 0.894845
vt 0.788071 0.911226
vt 0.783232 0.907978
vt 0.190331 0.626393
vt 0.208472 0.626393
vt 0.781888 0.926148
vt 0.776177 0.925004
vt 0.190398 0.610241
vt 0.208558 0.610241
vt 0.495154 0.702903
vt 0.485173 0.699604
vt 0.503425 0.709427
vt 0.639144 0.674923
vt 0.639992 0.686405
vt 0.642672 0.663987
vt 0.635792 0.644531
vt 0.649711 0.654935
vt 0.650658 0.644974
vt 0.664263 0.643030
vt 0.659439 0.648820
vt 0.624507 0.638016
vt 0.637257 0.641522
vt 0.650420 0.641977
vt 0.663345 0.640159
vt 0.709846 0.485582
vt 0.721962 0.472693
vt 0.474644 0.699916
vt 0.464991 0.704173
vt 0.473250 0.427349
vt 0.209810 0.588953
vt 0.225689 0.588953
vt 0.225689 0.601709
vt 0.209810 0.601709
vt 0.225689 0.614464
vt 0.209810 0.614464
vt 0.952320 0.151202
vt 0.953345 0.145957
vt 0.966101 0.146020
vt 0.967164 0.151275
vt 0.977909 0.141197
vt 0.980906 0.145663
vt 0.867058 0.482541
vt 0.859307 0.483029
vt 0.858215 0.468225
vt 0.865953 0.467572
vt 0.856808 0.453448
vt 0.864529 0.452630
vt 0.399670 0.745466
vt 0.395691 0.739897
vt 0.408847 0.732671
vt 0.411397 0.739028
vt 0.389802 0.754498
vt 0.384621 0.750033
vt 0.855087 0.438704
vt 0.862787 0.437722
vt 0.423341 0.728770
vt 0.424314 0.735553
vt 0.853054 0.424022
vt 0.860731 0.422873
vt 0.438327 0.728416
vt 0.437664 0.735237
vt 0.850635 0.408958
vt 0.858286 0.407645
vt 0.453383 0.731766
vt 0.451091 0.738225
vt 0.858285 0.646642
vt 0.850635 0.645326
vt 0.852988 0.630692
vt 0.860665 0.631842
vt 0.451081 0.844023
vt 0.453383 0.850477
vt 0.438760 0.853775
vt 0.438055 0.846960
vt 0.855032 0.615989
vt 0.862732 0.616975
vt 0.423752 0.853513
vt 0.424680 0.846727
vt 0.856761 0.601246
vt 0.864483 0.602068
vt 0.409234 0.849701
vt 0.411741 0.843332
vt 0.858176 0.586470
vt 0.865915 0.587127
vt 0.396033 0.842558
vt 0.399974 0.836968
vt 0.859277 0.571667
vt 0.867030 0.572160
vt 0.384898 0.832495
vt 0.390048 0.828000
vt 0.860064 0.556843
vt 0.867826 0.557173
vt 0.376460 0.820083
vt 0.382525 0.816937
vt 0.860537 0.541985
vt 0.868304 0.542152
vt 0.371191 0.806009
vt 0.377827 0.804386
vt 0.860695 0.527555
vt 0.868464 0.527558
vt 0.369404 0.791524
vt 0.376235 0.791485
vt 0.860547 0.512690
vt 0.868314 0.512530
vt 0.371096 0.776591
vt 0.377744 0.778169
vt 0.860084 0.497853
vt 0.867845 0.497529
vt 0.376265 0.762501
vt 0.382353 0.765610
vt 0.871408 0.484829
vt 0.878055 0.483252
vt 0.882664 0.495811
vt 0.876577 0.498920
vt 0.890114 0.506922
vt 0.884933 0.511387
vt 0.899982 0.515954
vt 0.896003 0.521523
vt 0.860554 0.796624
vt 0.867945 0.796947
vt 0.867119 0.811934
vt 0.859738 0.811445
vt 0.865958 0.826898
vt 0.858591 0.826245
vt 0.864463 0.841833
vt 0.857115 0.841016
vt 0.911708 0.522392
vt 0.909159 0.528748
vt 0.862635 0.856731
vt 0.855307 0.855749
vt 0.924626 0.525867
vt 0.923653 0.532650
vt 0.860477 0.871565
vt 0.853174 0.870417
vt 0.937975 0.526183
vt 0.938639 0.533004
vt 0.857911 0.886774
vt 0.850635 0.885461
vt 0.951403 0.523195
vt 0.953694 0.529653
vt 0.850635 0.649209
vt 0.857910 0.647894
vt 0.860408 0.662674
vt 0.853105 0.663824
vt 0.953694 0.410943
vt 0.951393 0.417398
vt 0.938367 0.414461
vt 0.939071 0.407645
vt 0.862578 0.677527
vt 0.855250 0.678513
vt 0.924992 0.414693
vt 0.924063 0.407908
vt 0.864415 0.692424
vt 0.857065 0.693245
vt 0.912053 0.418088
vt 0.909546 0.411720
vt 0.865919 0.707357
vt 0.858551 0.708015
vt 0.900286 0.424452
vt 0.896345 0.418862
vt 0.867089 0.722321
vt 0.859707 0.722814
vt 0.890360 0.433421
vt 0.885210 0.428926
vt 0.867925 0.737306
vt 0.860533 0.737635
vt 0.882837 0.444483
vt 0.876772 0.441337
vt 0.868427 0.752326
vt 0.861029 0.752492
vt 0.878138 0.457034
vt 0.871502 0.455412
vt 0.868594 0.766919
vt 0.861195 0.766923
vt 0.876547 0.469935
vt 0.869716 0.469897
vt 0.868437 0.781947
vt 0.861039 0.781788
vt 0.981137 0.069503
vt 0.967452 0.075251
vt 0.952608 0.075325
vt 0.938865 0.069712
vt 0.928317 0.059268
vt 0.922573 0.045603
vt 0.922573 0.030347
vt 0.928317 0.016683
vt 0.938865 0.006238
vt 0.952608 0.000626
vt 0.967452 0.000699
vt 0.981137 0.006448
vt 0.991582 0.016996
vt 0.997198 0.030760
vt 0.997198 0.045191
vt 0.991582 0.058955
vt 0.938634 0.145453
vt 0.941585 0.141017
vt 0.928190 0.134905
vt 0.932611 0.131953
vt 0.209810 0.576198
vt 0.225689 0.576198
vt 0.209810 0.563443
vt 0.225689 0.563443
vt 0.922573 0.121141
vt 0.927788 0.120145
vt 0.209810 0.550687
vt 0.225689 0.550687
vt 0.209810 0.538249
vt 0.225689 0.538249
vt 0.922573 0.106710
vt 0.927788 0.107707
vt 0.928190 0.092946
vt 0.932611 0.095898
vt 0.225689 0.525494
vt 0.209810 0.525494
vt 0.938634 0.082398
vt 0.941585 0.086834
vt 0.225689 0.512739
vt 0.209810 0.512739
vt 0.952320 0.076650
vt 0.953345 0.081895
vt 0.225689 0.499983
vt 0.209810 0.499983
vt 0.967164 0.076576
vt 0.966101 0.081832
vt 0.225689 0.487228
vt 0.209810 0.487228
vt 0.537353 0.525324
vt 0.538333 0.520681
vt 0.524194 0.524695
vt 0.523713 0.520086
vt 0.225689 0.474472
vt 0.209810 0.474472
vt 0.509783 0.523831
vt 0.511611 0.528047
vt 0.225689 0.461717
vt 0.209810 0.461717
vt 0.991454 0.092633
vt 0.986973 0.095629
vt 0.977909 0.086655
vt 0.980906 0.082189
vt 0.997198 0.106298
vt 0.991913 0.107389
vt 0.225689 0.448962
vt 0.209810 0.448962
vt 0.209810 0.653048
vt 0.209810 0.639975
vt 0.225689 0.639975
vt 0.225689 0.653048
vt 0.997198 0.121554
vt 0.991913 0.120462
vt 0.991454 0.135218
vt 0.986973 0.132222
vt 0.209810 0.627219
vt 0.225689 0.627219
vt 0.504621 0.602147
vt 0.501650 0.605180
vt 0.493645 0.594020
vt 0.497501 0.592219
vt 0.500672 0.534983
vt 0.497555 0.531567
s 1
usemtl Barrel+Bolt
f 1/1/1 2/2/2 3/3/3
f 7/4/4 4/5/5 5/6/6
f 5/6/6 6/7/7 7/4/4
f 9/8/8 8/9/9 4/5/5
f 4/5/5 7/4/4 9/8/8
f 13/10/10 10/11/10 11/12/11
f 11/12/11 12/13/12 13/10/10
f 17/14/13 14/15/13 15/16/14
f 15/16/14 16/17/15 17/14/13
f 18/18/16 19/19/17 20/20/18
f 24/21/19 21/22/20 22/23/21
f 22/23/21 23/24/21 24/21/19
f 16/17/15 15/16/14 25/25/22
f 25/25/22 26/26/23 16/17/15
f 27/27/24 7/28/25 6/29/26
f 6/29/26 1/1/1 27/27/24
f 2/30/21 13/31/21 12/32/21
f 12/32/21 28/33/21 2/30/21
f 6/7/7 5/6/6 10/11/10
f 10/11/10 13/10/10 6/7/7
f 29/34/13 9/35/13 7/28/25
f 7/28/25 27/27/24 29/34/13
f 3/3/3 30/36/27 1/1/1
f 27/27/24 1/1/1 30/36/27
f 31/37/28 29/34/13 27/27/24
f 31/37/28 32/38/29 14/15/13
f 14/15/13 29/34/13 31/37/28
f 15/16/14 14/15/13 32/38/29
f 26/26/23 25/25/22 21/22/20
f 21/22/20 24/21/19 26/26/23
f 33/39/30 20/20/18 19/19/17
f 34/40/31 35/41/32 36/42/33
f 38/43/21 37/44/21 33/39/30
f 33/39/30 19/19/17 38/43/21
f 40/45/21 39/46/21 34/40/31
f 34/40/31 36/42/33 40/45/21
f 44/47/21 41/48/21 42/49/34
f 42/49/34 43/50/35 44/47/21
f 20/20/18 31/37/28 27/27/24
f 35/41/32 32/38/29 31/37/28
f 45/51/36 15/16/14 32/38/29
f 42/49/34 45/51/36 43/50/35
f 20/20/18 30/36/27 18/18/16
f 20/20/18 27/27/24 30/36/27
f 1/1/1 6/29/26 13/52/2
f 13/52/2 2/2/2 1/1/1
f 20/20/18 33/39/30 46/53/37
f 47/54/16 36/42/33 35/41/32
f 46/53/37 48/55/38 20/20/18
f 31/37/28 20/20/18 48/55/38
f 35/41/32 48/55/38 47/54/16
f 35/41/32 31/37/28 48/55/38
f 35/41/32 34/40/31 49/56/37
f 50/57/16 43/50/35 45/51/36
f 49/56/37 51/58/27 35/41/32
f 32/38/29 35/41/32 51/58/27
f 45/51/36 51/58/27 50/57/16
f 45/51/36 32/38/29 51/58/27
f 45/51/36 42/49/34 52/59/37
f 53/60/39 21/22/20 25/25/22
f 52/59/37 54/61/27 45/51/36
f 15/16/14 45/51/36 54/61/27
f 25/25/22 54/61/27 53/60/39
f 25/25/22 15/16/14 54/61/27
f 55/62/40 56/63/41 57/64/42
f 61/65/43 58/66/44 59/67/45
f 59/67/45 60/68/46 61/65/43
f 65/69/47 62/70/48 63/71/49
f 63/71/49 64/72/50 65/69/47
f 69/73/51 66/74/52 67/75/53
f 67/75/53 68/76/54 69/73/51
f 26/77/55 24/78/56 70/79/57
f 71/80/58 72/81/59 73/82/60
f 74/83/61 75/84/62 76/85/63
f 77/86/64 17/87/65 16/88/66
f 16/88/66 70/79/57 77/86/64
f 56/63/41 55/62/40 78/89/67
f 67/75/53 78/89/67 55/62/40
f 79/90/68 67/75/53 66/74/52
f 81/91/69 80/92/70 79/90/68
f 79/90/68 66/74/52 81/91/69
f 82/93/71 80/92/70 81/91/69
f 83/94/72 73/82/60 72/81/59
f 84/95/73 85/96/74 86/97/75
f 83/94/72 87/98/76 88/99/76
f 88/99/76 73/82/60 83/94/72
f 84/95/73 89/100/76 90/101/76
f 90/101/76 85/96/74 84/95/73
f 94/102/73 91/103/76 92/104/76
f 92/104/76 93/105/77 94/102/73
f 72/81/59 67/75/53 79/90/68
f 86/97/75 79/90/68 80/92/70
f 95/106/78 80/92/70 82/93/71
f 94/102/73 93/105/77 95/106/78
f 72/81/59 71/80/58 78/89/67
f 72/81/59 78/89/67 67/75/53
f 72/81/59 96/107/79 83/94/72
f 97/108/80 86/97/75 85/96/74
f 96/107/79 72/81/59 98/109/81
f 79/90/68 98/109/81 72/81/59
f 86/97/75 97/108/80 98/109/81
f 86/97/75 98/109/81 79/90/68
f 86/97/75 99/110/82 84/95/73
f 100/111/83 95/106/78 93/105/77
f 99/110/82 86/97/75 101/112/81
f 80/92/70 101/112/81 86/97/75
f 95/106/78 100/111/83 101/112/81
f 95/106/78 101/112/81 80/92/70
f 95/106/78 102/113/82 94/102/73
f 104/114/84 103/115/85 82/93/71
f 82/93/71 75/116/86 104/114/84
f 102/113/82 95/106/78 103/115/85
f 82/93/71 103/115/85 95/106/78
f 108/117/87 105/118/88 106/119/89
f 106/119/89 107/120/90 108/117/87
f 111/121/91 109/122/92 11/123/93
f 11/123/93 110/124/94 111/121/91
f 115/125/95 112/126/96 113/127/97
f 113/127/97 114/128/98 115/125/95
f 16/88/66 26/77/55 70/79/57
f 57/129/99 2/130/100 28/131/101
f 28/131/101 116/132/65 57/129/99
f 83/133/102 33/134/102 37/135/65
f 37/135/65 87/136/65 83/133/102
f 88/137/103 38/138/103 19/139/104
f 19/139/104 73/140/104 88/137/103
f 84/141/102 34/142/102 39/143/65
f 39/143/65 89/144/65 84/141/102
f 94/145/105 42/146/106 41/147/65
f 41/147/65 91/148/65 94/145/105
f 118/149/107 4/150/108 8/151/109
f 8/151/109 117/152/110 118/149/107
f 104/153/111 53/154/111 54/155/112
f 54/155/112 103/156/112 104/153/111
f 56/157/113 3/158/113 2/130/100
f 2/130/100 57/129/99 56/157/113
f 78/159/114 30/160/114 3/158/113
f 3/158/113 56/157/113 78/159/114
f 71/161/115 18/162/115 30/160/114
f 30/160/114 78/159/114 71/161/115
f 73/140/104 19/139/104 18/162/115
f 18/162/115 71/161/115 73/140/104
f 98/163/112 48/164/112 46/165/116
f 46/165/116 96/166/116 98/163/112
f 97/167/117 47/168/117 48/164/112
f 48/164/112 98/163/112 97/167/117
f 96/166/116 46/165/116 33/134/102
f 33/134/102 83/133/102 96/166/116
f 90/169/103 40/170/103 36/171/118
f 36/171/118 85/172/118 90/169/103
f 85/172/118 36/171/118 47/168/117
f 47/168/117 97/167/117 85/172/118
f 103/156/112 54/155/112 52/173/119
f 52/173/119 102/174/120 103/156/112
f 101/175/112 51/176/112 49/177/116
f 49/177/116 99/178/116 101/175/112
f 100/179/121 50/180/122 51/176/112
f 51/176/112 101/175/112 100/179/121
f 92/181/103 44/182/103 43/183/123
f 43/183/123 93/184/124 92/181/103
f 119/185/125 21/186/125 53/154/111
f 53/154/111 104/153/111 119/185/125
f 93/184/124 43/183/123 50/180/122
f 50/180/122 100/179/121 93/184/124
f 99/178/116 49/177/116 34/142/102
f 34/142/102 84/141/102 99/178/116
f 120/187/103 22/188/103 21/186/125
f 21/186/125 119/185/125 120/187/103
f 102/174/120 52/173/119 42/146/106
f 42/146/106 94/145/105 102/174/120
f 104/114/84 75/116/86 74/189/126
f 74/189/126 119/190/126 104/114/84
f 120/191/127 119/190/126 74/189/126
f 74/189/126 121/192/128 120/191/127
f 82/93/71 81/91/69 122/193/129
f 122/193/129 75/116/86 82/93/71
f 76/194/130 123/195/52 77/196/52
f 77/196/52 70/197/131 76/194/130
f 125/198/76 76/194/130 70/197/131
f 70/197/131 124/199/76 125/198/76
f 125/200/132 121/201/103 74/83/61
f 74/83/61 76/85/63 125/200/132
f 76/85/63 75/84/62 122/202/133
f 122/202/133 123/203/103 76/85/63
f 24/78/56 23/204/134 124/205/65
f 124/205/65 70/79/57 24/78/56
f 127/206/135 126/207/136 66/74/52
f 66/74/52 69/73/51 127/206/135
f 128/208/137 129/209/138 130/210/139
f 134/211/140 131/212/141 132/213/141
f 132/213/141 133/214/142 134/211/140
f 131/212/141 8/9/9 9/8/8
f 9/8/8 132/213/141 131/212/141
f 113/215/143 112/216/144 135/217/145
f 135/217/145 136/218/146 113/215/143
f 138/219/147 14/15/13 17/14/13
f 17/14/13 137/220/148 138/219/147
f 139/221/149 140/222/150 141/223/151
f 145/224/76 142/225/152 143/226/153
f 143/226/153 144/227/76 145/224/76
f 147/228/154 138/219/147 137/220/148
f 137/220/148 146/229/155 147/228/154
f 133/230/156 132/231/157 148/232/158
f 148/232/158 128/208/137 133/230/156
f 136/233/76 135/234/76 130/235/76
f 130/235/76 149/236/76 136/233/76
f 112/216/144 134/211/140 133/214/142
f 133/214/142 135/217/145 112/216/144
f 132/231/157 9/35/13 29/34/13
f 29/34/13 148/232/158 132/231/157
f 129/209/138 128/208/137 150/237/159
f 148/232/158 150/237/159 128/208/137
f 151/238/160 148/232/158 29/34/13
f 14/15/13 152/239/161 151/238/160
f 151/238/160 29/34/13 14/15/13
f 138/219/147 152/239/161 14/15/13
f 142/225/152 147/228/154 146/229/155
f 146/229/155 143/226/153 142/225/152
f 153/240/162 141/223/151 140/222/150
f 154/241/163 155/242/164 156/243/165
f 153/240/162 157/244/76 158/245/76
f 158/245/76 141/223/151 153/240/162
f 154/241/163 159/246/76 160/247/76
f 160/247/76 155/242/164 154/241/163
f 164/248/166 161/249/76 162/250/76
f 162/250/76 163/251/167 164/248/166
f 140/222/150 148/232/158 151/238/160
f 156/243/165 151/238/160 152/239/161
f 165/252/168 152/239/161 138/219/147
f 164/248/166 163/251/167 165/252/168
f 140/222/150 139/221/149 150/237/159
f 140/222/150 150/237/159 148/232/158
f 135/253/169 133/230/156 128/208/137
f 128/208/137 130/210/139 135/253/169
f 140/222/150 166/254/170 153/240/162
f 167/255/149 156/243/165 155/242/164
f 166/254/170 140/222/150 168/256/171
f 151/238/160 168/256/171 140/222/150
f 156/243/165 167/255/149 168/256/171
f 156/243/165 168/256/171 151/238/160
f 156/243/165 169/257/170 154/241/163
f 170/258/149 165/252/168 163/251/167
f 169/257/170 156/243/165 171/259/159
f 152/239/161 171/259/159 156/243/165
f 165/252/168 170/258/149 171/259/159
f 165/252/168 171/259/159 152/239/161
f 165/252/168 172/260/170 164/248/166
f 173/261/172 147/228/154 142/225/152
f 172/260/170 165/252/168 174/262/159
f 138/219/147 174/262/159 165/252/168
f 147/228/154 173/261/172 174/262/159
f 147/228/154 174/262/159 138/219/147
f 175/263/173 176/264/174 177/265/175
f 179/266/176 57/64/42 116/267/76
f 116/267/76 178/268/177 179/266/176
f 60/68/46 59/67/45 180/269/178
f 180/269/178 181/270/179 60/68/46
f 184/271/180 182/272/21 176/264/174
f 176/264/174 183/273/181 184/271/180
f 146/274/182 185/275/57 143/276/183
f 186/277/184 187/278/185 188/279/186
f 189/280/61 190/281/187 191/282/188
f 137/283/66 17/87/65 77/86/64
f 77/86/64 185/275/57 137/283/66
f 177/265/175 192/284/189 175/263/173
f 126/207/136 175/263/173 192/284/189
f 193/285/190 66/74/52 126/207/136
f 193/285/190 194/286/191 81/91/69
f 81/91/69 66/74/52 193/285/190
f 195/287/192 81/91/69 194/286/191
f 196/288/193 188/279/186 187/278/185
f 197/289/194 198/290/195 199/291/196
f 201/292/21 200/293/21 196/288/193
f 196/288/193 187/278/185 201/292/21
f 203/294/21 202/295/21 197/289/194
f 197/289/194 199/291/196 203/294/21
f 207/296/21 204/297/21 205/298/194
f 205/298/194 206/299/197 207/296/21
f 188/279/186 193/285/190 126/207/136
f 198/290/195 194/286/191 193/285/190
f 208/300/198 195/287/192 194/286/191
f 205/298/194 208/300/198 206/299/197
f 188/279/186 192/284/189 186/277/184
f 188/279/186 126/207/136 192/284/189
f 188/279/186 196/288/193 209/301/199
f 210/302/200 199/291/196 198/290/195
f 209/301/199 211/303/201 188/279/186
f 193/285/190 188/279/186 211/303/201
f 198/290/195 211/303/201 210/302/200
f 198/290/195 193/285/190 211/303/201
f 198/290/195 197/289/194 212/304/202
f 213/305/203 206/299/197 208/300/198
f 212/304/202 214/306/201 198/290/195
f 194/286/191 198/290/195 214/306/201
f 208/300/198 214/306/201 213/305/203
f 208/300/198 194/286/191 214/306/201
f 208/300/198 205/298/194 215/307/202
f 217/308/204 191/309/205 195/287/192
f 195/287/192 216/310/206 217/308/204
f 215/307/202 216/310/206 208/300/198
f 195/287/192 208/300/198 216/310/206
f 219/311/207 218/312/208 109/122/92
f 109/122/92 111/121/91 219/311/207
f 114/128/98 113/127/97 220/313/209
f 220/313/209 221/314/210 114/128/98
f 222/315/211 105/118/88 108/117/87
f 137/283/66 185/275/57 146/274/182
f 149/316/212 130/317/213 176/318/214
f 176/318/214 182/319/65 149/316/212
f 157/320/65 153/321/215 196/322/215
f 196/322/215 200/323/65 157/320/65
f 141/324/216 158/325/103 201/326/103
f 201/326/103 187/327/216 141/324/216
f 159/328/65 154/329/215 197/330/215
f 197/330/215 202/331/65 159/328/65
f 161/332/65 164/333/217 205/334/218
f 205/334/218 204/335/65 161/332/65
f 110/124/94 11/123/93 10/336/219
f 10/336/219 223/337/220 110/124/94
f 174/338/221 173/339/222 217/340/222
f 217/340/222 216/341/221 174/338/221
f 130/317/213 129/342/223 177/343/223
f 177/343/223 176/318/214 130/317/213
f 129/342/223 150/344/224 192/345/225
f 192/345/225 177/343/223 129/342/223
f 150/344/224 139/346/226 186/347/226
f 186/347/226 192/345/225 150/344/224
f 139/346/226 141/324/216 187/327/216
f 187/327/216 186/347/226 139/346/226
f 166/348/227 168/349/221 211/350/221
f 211/350/221 209/351/227 166/348/227
f 168/349/221 167/352/228 210/353/228
f 210/353/228 211/350/221 168/349/221
f 153/321/215 166/348/227 209/351/227
f 209/351/227 196/322/215 153/321/215
f 155/354/229 160/355/103 203/356/103
f 203/356/103 199/357/229 155/354/229
f 167/352/228 155/354/229 199/357/229
f 199/357/229 210/353/228 167/352/228
f 172/358/230 174/338/221 216/341/221
f 216/341/221 215/359/231 172/358/230
f 169/360/227 171/361/221 214/362/221
f 214/362/221 212/363/227 169/360/227
f 171/361/221 170/364/232 213/365/233
f 213/365/233 214/362/221 171/361/221
f 163/366/234 162/367/103 207/368/103
f 207/368/103 206/369/235 163/366/234
f 173/339/222 142/370/236 224/371/236
f 224/371/236 217/340/222 173/339/222
f 170/364/232 163/366/234 206/369/235
f 206/369/235 213/365/233 170/364/232
f 154/329/215 169/360/227 212/363/227
f 212/363/227 197/330/215 154/329/215
f 142/370/236 145/372/103 225/373/103
f 225/373/103 224/371/236 142/370/236
f 164/333/217 172/358/230 215/359/231
f 215/359/231 205/334/218 164/333/217
f 189/374/237 224/375/238 225/376/239
f 225/376/239 226/377/240 189/374/237
f 122/193/129 81/91/69 195/287/192
f 195/287/192 191/309/205 122/193/129
f 77/196/52 123/195/52 190/378/241
f 190/378/241 185/379/241 77/196/52
f 185/379/241 190/378/241 227/380/21
f 227/380/21 228/381/21 185/379/241
f 189/280/61 226/382/132 227/383/103
f 227/383/103 190/281/187 189/280/61
f 122/202/133 191/282/188 190/281/187
f 190/281/187 123/203/103 122/202/133
f 228/384/65 144/385/242 143/276/183
f 143/276/183 185/275/57 228/384/65
f 68/76/54 67/75/53 55/62/40
f 55/62/40 229/386/243 68/76/54
f 230/387/244 231/388/245 232/389/246
f 218/390/247 233/391/248 234/392/249
f 234/392/249 235/393/250 218/390/247
f 233/391/248 106/394/251 236/395/252
f 236/395/252 234/392/249 233/391/248
f 11/12/11 109/396/253 237/397/253
f 237/397/253 12/13/12 11/12/11
f 241/398/254 238/399/52 239/400/52
f 239/400/52 240/401/255 241/398/254
f 242/402/256 243/403/257 244/404/258
f 22/23/21 245/405/259 246/406/260
f 246/406/260 23/24/21 22/23/21
f 248/407/261 241/398/254 240/401/255
f 240/401/255 247/408/262 248/407/261
f 235/409/263 234/410/264 249/411/265
f 249/411/265 230/387/244 235/409/263
f 12/32/21 237/412/21 232/413/21
f 232/413/21 28/33/21 12/32/21
f 109/396/253 218/390/247 235/393/250
f 235/393/250 237/397/253 109/396/253
f 234/410/264 236/414/52 250/415/52
f 250/415/52 249/411/265 234/410/264
f 231/388/245 230/387/244 251/416/266
f 249/411/265 251/416/266 230/387/244
f 252/417/267 249/411/265 250/415/52
f 238/399/52 253/418/268 252/417/267
f 252/417/267 250/415/52 238/399/52
f 241/398/254 253/418/268 238/399/52
f 245/405/259 248/407/261 247/408/262
f 247/408/262 246/406/260 245/405/259
f 254/419/269 244/404/258 243/403/257
f 255/420/270 256/421/271 257/422/272
f 254/419/269 37/44/21 38/43/21
f 38/43/21 244/404/258 254/419/269
f 255/420/270 39/46/21 40/45/21
f 40/45/21 256/421/271 255/420/270
f 259/423/273 41/48/21 44/47/21
f 44/47/21 258/424/274 259/423/273
f 243/403/257 249/411/265 252/417/267
f 257/422/272 252/417/267 253/418/268
f 260/425/275 253/418/268 241/398/254
f 259/423/273 258/424/274 260/425/275
f 243/403/257 242/402/256 251/416/266
f 243/403/257 251/416/266 249/411/265
f 237/426/276 235/409/263 230/387/244
f 230/387/244 232/389/246 237/426/276
f 243/403/257 261/427/277 254/419/269
f 262/428/256 257/422/272 256/421/271
f 261/427/277 243/403/257 263/429/278
f 252/417/267 263/429/278 243/403/257
f 257/422/272 262/428/256 263/429/278
f 257/422/272 263/429/278 252/417/267
f 257/422/272 264/430/277 255/420/270
f 265/431/256 260/425/275 258/424/274
f 264/430/277 257/422/272 266/432/278
f 253/418/268 266/432/278 257/422/272
f 260/425/275 265/431/256 266/432/278
f 260/425/275 266/432/278 253/418/268
f 260/425/275 267/433/277 259/423/273
f 268/434/279 248/407/261 245/405/259
f 267/433/277 260/425/275 269/435/266
f 241/398/254 269/435/266 260/425/275
f 248/407/261 268/434/279 269/435/266
f 248/407/261 269/435/266 241/398/254
f 63/71/49 62/70/48 270/436/280
f 274/437/281 271/438/282 272/439/13
f 272/439/13 273/440/283 274/437/281
f 229/386/243 55/62/40 57/64/42
f 57/64/42 179/266/176 229/386/243
f 275/441/284 175/263/173 126/207/136
f 126/207/136 127/206/135 275/441/284
f 247/442/285 276/443/286 246/444/287
f 277/445/288 278/446/289 279/447/290
f 280/448/291 281/449/292 282/450/293
f 240/451/294 239/452/65 283/453/57
f 283/453/57 276/443/286 240/451/294
f 270/436/280 284/454/295 63/71/49
f 271/438/282 63/71/49 284/454/295
f 285/455/296 272/439/13 271/438/282
f 285/455/296 286/456/297 287/457/298
f 287/457/298 272/439/13 285/455/296
f 288/458/299 287/457/298 286/456/297
f 289/459/300 279/447/290 278/446/289
f 290/460/301 291/461/302 292/462/303
f 88/99/76 87/98/76 289/459/300
f 289/459/300 278/446/289 88/99/76
f 90/101/76 89/100/76 290/460/301
f 290/460/301 292/462/303 90/101/76
f 92/104/76 91/103/76 293/463/301
f 293/463/301 294/464/304 92/104/76
f 279/447/290 285/455/296 271/438/282
f 291/461/302 286/456/297 285/455/296
f 295/465/305 288/458/299 286/456/297
f 293/463/301 295/465/305 294/464/304
f 279/447/290 284/454/295 277/445/288
f 279/447/290 271/438/282 284/454/295
f 279/447/290 289/459/300 296/466/306
f 297/467/288 292/462/303 291/461/302
f 296/466/306 298/468/307 279/447/290
f 285/455/296 279/447/290 298/468/307
f 291/461/302 298/468/307 297/467/288
f 291/461/302 285/455/296 298/468/307
f 291/461/302 290/460/301 299/469/306
f 300/470/288 294/464/304 295/465/305
f 299/469/306 301/471/307 291/461/302
f 286/456/297 291/461/302 301/471/307
f 295/465/305 301/471/307 300/470/288
f 295/465/305 286/456/297 301/471/307
f 295/465/305 293/463/301 302/472/306
f 302/472/306 303/473/308 295/465/305
f 288/458/299 295/465/305 303/473/308
f 305/474/309 304/475/310 280/476/311
f 280/476/311 282/477/312 305/474/309
f 5/478/313 4/150/108 118/149/107
f 221/314/210 220/313/209 222/315/211
f 222/315/211 108/117/87 221/314/210
f 223/337/220 10/336/219 5/478/313
f 5/478/313 118/149/107 223/337/220
f 240/451/294 276/443/286 247/442/285
f 28/131/101 232/479/314 62/480/315
f 62/480/315 116/132/65 28/131/101
f 37/135/65 254/481/316 289/482/316
f 289/482/316 87/136/65 37/135/65
f 244/483/317 38/138/103 88/137/103
f 88/137/103 278/484/317 244/483/317
f 39/143/65 255/485/316 290/486/316
f 290/486/316 89/144/65 39/143/65
f 41/147/65 259/487/318 293/488/319
f 293/488/319 91/148/65 41/147/65
f 107/489/90 106/490/89 233/491/320
f 233/491/320 219/311/207 107/489/90
f 269/492/321 268/493/322 305/494/322
f 305/494/322 303/495/321 269/492/321
f 232/479/314 231/496/323 270/497/323
f 270/497/323 62/480/315 232/479/314
f 231/496/323 251/498/324 284/499/324
f 284/499/324 270/497/323 231/496/323
f 251/500/324 242/501/325 277/502/325
f 277/502/325 284/503/324 251/500/324
f 242/501/325 244/483/317 278/484/317
f 278/484/317 277/502/325 242/501/325
f 261/504/326 263/505/321 298/506/321
f 298/506/321 296/507/326 261/504/326
f 263/508/321 262/509/327 297/510/327
f 297/510/327 298/511/321 263/508/321
f 254/481/316 261/504/326 296/507/326
f 296/507/326 289/482/316 254/481/316
f 256/512/328 40/170/103 90/169/103
f 90/169/103 292/513/328 256/512/328
f 262/509/327 256/512/328 292/513/328
f 292/513/328 297/510/327 262/509/327
f 267/514/329 269/515/321 303/516/321
f 303/516/321 302/517/330 267/514/329
f 264/518/326 266/519/321 301/520/321
f 301/520/321 299/521/326 264/518/326
f 266/522/321 265/523/331 300/524/332
f 300/524/332 301/525/321 266/522/321
f 258/526/333 44/182/103 92/181/103
f 92/181/103 294/527/334 258/526/333
f 268/493/322 245/528/335 304/529/336
f 304/529/336 305/494/322 268/493/322
f 265/523/331 258/526/333 294/527/334
f 294/527/334 300/524/332 265/523/331
f 255/485/316 264/518/326 299/521/326
f 299/521/326 290/486/316 255/485/316
f 245/528/335 22/188/103 120/187/103
f 120/187/103 304/529/336 245/528/335
f 259/487/318 267/514/329 302/517/330
f 302/517/330 293/488/319 259/487/318
f 305/474/309 282/477/312 288/458/299
f 288/458/299 303/473/308 305/474/309
f 280/476/311 304/475/310 120/191/127
f 120/191/127 121/192/128 280/476/311
f 306/530/337 287/457/298 288/458/299
f 288/458/299 282/477/312 306/530/337
f 283/531/13 307/532/13 281/533/338
f 281/533/338 276/534/338 283/531/13
f 276/534/338 281/533/338 125/198/76
f 125/198/76 124/199/76 276/534/338
f 280/448/291 121/201/103 125/200/132
f 125/200/132 281/449/292 280/448/291
f 306/535/63 282/450/293 281/449/292
f 281/449/292 307/536/103 306/535/63
f 124/205/65 23/204/134 246/444/287
f 246/444/287 276/443/286 124/205/65
f 178/268/177 116/267/76 62/70/48
f 62/70/48 65/69/47 178/268/177
f 308/537/339 309/538/340 310/539/341
f 312/540/342 105/541/343 222/542/344
f 222/542/344 311/543/345 312/540/342
f 236/544/252 106/545/251 105/541/343
f 105/541/343 312/540/342 236/544/252
f 313/546/346 220/547/346 113/215/143
f 113/215/143 136/218/146 313/546/346
f 239/548/52 238/549/52 314/550/347
f 314/550/347 315/551/348 239/548/52
f 316/552/349 317/553/350 318/554/351
f 320/555/352 319/556/353 145/224/76
f 145/224/76 144/227/76 320/555/352
f 315/551/348 314/550/347 321/557/354
f 321/557/354 322/558/355 315/551/348
f 323/559/347 312/560/356 311/561/357
f 311/561/357 308/537/339 323/559/347
f 309/562/76 313/563/76 136/233/76
f 136/233/76 149/236/76 309/562/76
f 311/543/345 222/542/344 220/547/346
f 220/547/346 313/546/346 311/543/345
f 250/564/52 236/565/52 312/560/356
f 312/560/356 323/559/347 250/564/52
f 310/539/341 324/566/358 308/537/339
f 323/559/347 308/537/339 324/566/358
f 325/567/359 250/564/52 323/559/347
f 325/567/359 326/568/360 238/549/52
f 238/549/52 250/564/52 325/567/359
f 314/550/347 238/549/52 326/568/360
f 322/558/355 321/557/354 319/556/353
f 319/556/353 320/555/352 322/558/355
f 327/569/361 318/554/351 317/553/350
f 328/570/362 329/571/363 330/572/364
f 158/245/76 157/244/76 327/569/361
f 327/569/361 317/553/350 158/245/76
f 160/247/76 159/246/76 328/570/362
f 328/570/362 330/572/364 160/247/76
f 162/250/76 161/249/76 331/573/365
f 331/573/365 332/574/366 162/250/76
f 318/554/351 325/567/359 323/559/347
f 329/571/363 326/568/360 325/567/359
f 333/575/367 314/550/347 326/568/360
f 331/573/365 333/575/367 332/574/366
f 318/554/351 324/566/358 316/552/349
f 318/554/351 323/559/347 324/566/358
f 308/537/339 311/561/357 313/576/368
f 313/576/368 309/538/340 308/537/339
f 318/554/351 327/569/361 334/577/369
f 335/578/349 330/572/364 329/571/363
f 334/577/369 336/579/370 318/554/351
f 325/567/359 318/554/351 336/579/370
f 329/571/363 336/579/370 335/578/349
f 329/571/363 325/567/359 336/579/370
f 329/571/363 328/570/362 337/580/369
f 338/581/349 332/574/366 333/575/367
f 337/580/369 339/582/358 329/571/363
f 326/568/360 329/571/363 339/582/358
f 333/575/367 339/582/358 338/581/349
f 333/575/367 326/568/360 339/582/358
f 333/575/367 331/573/365 340/583/369
f 341/584/371 319/556/353 321/557/354
f 340/583/369 342/585/358 333/575/367
f 314/550/347 333/575/367 342/585/358
f 321/557/354 342/585/358 341/584/371
f 321/557/354 314/550/347 342/585/358
f 59/67/45 343/586/372 180/269/178
f 273/587/283 272/588/13 58/66/44
f 58/66/44 61/65/43 273/587/283
f 183/273/181 176/264/174 175/263/173
f 175/263/173 275/441/284 183/273/181
f 64/72/50 63/71/49 271/438/282
f 271/438/282 274/437/281 64/72/50
f 322/589/373 320/590/374 344/591/286
f 345/592/375 346/593/376 347/594/377
f 348/595/291 349/596/378 350/597/379
f 283/453/57 239/452/65 315/598/294
f 315/598/294 344/591/286 283/453/57
f 343/586/372 59/67/45 351/599/380
f 58/66/44 351/599/380 59/67/45
f 352/600/381 58/66/44 272/588/13
f 287/601/298 353/602/382 352/600/381
f 352/600/381 272/588/13 287/601/298
f 354/603/383 353/602/382 287/601/298
f 355/604/384 347/594/377 346/593/376
f 356/605/385 357/606/386 358/607/387
f 355/604/384 200/293/21 201/292/21
f 201/292/21 347/594/377 355/604/384
f 356/605/385 202/295/21 203/294/21
f 203/294/21 357/606/386 356/605/385
f 360/608/385 204/297/21 207/296/21
f 207/296/21 359/609/388 360/608/385
f 346/593/376 58/66/44 352/600/381
f 358/607/387 352/600/381 353/602/382
f 361/610/389 353/602/382 354/603/383
f 360/608/385 359/609/388 361/610/389
f 346/593/376 345/592/375 351/599/380
f 346/593/376 351/599/380 58/66/44
f 346/593/376 362/611/390 355/604/384
f 363/612/375 358/607/387 357/606/386
f 362/611/390 346/593/376 364/613/391
f 352/600/381 364/613/391 346/593/376
f 358/607/387 363/612/375 364/613/391
f 358/607/387 364/613/391 352/600/381
f 358/607/387 365/614/392 356/605/385
f 366/615/393 361/610/389 359/609/388
f 365/614/392 358/607/387 367/616/391
f 353/602/382 367/616/391 358/607/387
f 361/610/389 354/603/383 368/617/394
f 368/617/394 369/618/395 361/610/389
f 361/610/389 369/618/395 360/608/385
f 370/619/396 368/617/394 354/603/383
f 354/603/383 349/620/397 370/619/396
f 371/621/398 134/622/399 112/126/96
f 112/126/96 115/125/95 371/621/398
f 233/491/320 218/312/208 219/311/207
f 117/152/110 8/151/109 131/623/400
f 131/623/400 371/621/398 117/152/110
f 315/598/294 322/589/373 344/591/286
f 180/624/401 309/625/402 149/316/212
f 149/316/212 182/319/65 180/624/401
f 355/626/403 327/627/403 157/320/65
f 157/320/65 200/323/65 355/626/403
f 201/326/103 158/325/103 317/628/404
f 317/628/404 347/629/404 201/326/103
f 356/630/403 328/631/403 159/328/65
f 159/328/65 202/331/65 356/630/403
f 360/632/405 331/633/406 161/332/65
f 161/332/65 204/335/65 360/632/405
f 131/623/400 134/622/399 371/621/398
f 370/634/407 341/635/407 342/636/408
f 342/636/408 368/637/408 370/634/407
f 343/638/409 310/639/409 309/625/402
f 309/625/402 180/624/401 343/638/409
f 351/640/410 324/641/411 310/639/409
f 310/639/409 343/638/409 351/640/410
f 345/642/412 316/643/412 324/644/411
f 324/644/411 351/645/410 345/642/412
f 347/629/404 317/628/404 316/643/412
f 316/643/412 345/642/412 347/629/404
f 364/646/408 336/647/408 334/648/413
f 334/648/413 362/649/413 364/646/408
f 363/650/414 335/651/414 336/652/408
f 336/652/408 364/653/408 363/650/414
f 362/649/413 334/648/413 327/627/403
f 327/627/403 355/626/403 362/649/413
f 203/356/103 160/355/103 330/654/415
f 330/654/415 357/655/415 203/356/103
f 357/655/415 330/654/415 335/651/414
f 335/651/414 363/650/414 357/655/415
f 368/656/408 342/657/408 340/658/416
f 340/658/416 369/659/417 368/656/408
f 367/660/408 339/661/408 337/662/413
f 337/662/413 365/663/413 367/660/408
f 366/664/418 338/665/419 339/666/408
f 339/666/408 367/667/408 366/664/418
f 207/368/103 162/367/103 332/668/420
f 332/668/420 359/669/421 207/368/103
f 372/670/422 319/671/423 341/635/407
f 341/635/407 370/634/407 372/670/422
f 359/669/421 332/668/420 338/665/419
f 338/665/419 366/664/418 359/669/421
f 365/663/413 337/662/413 328/631/403
f 328/631/403 356/630/403 365/663/413
f 225/373/103 145/372/103 319/671/423
f 319/671/423 372/670/422 225/373/103
f 369/659/417 340/658/416 331/633/406
f 331/633/406 360/632/405 369/659/417
f 370/619/396 349/620/397 348/672/424
f 348/672/424 372/673/424 370/619/396
f 225/376/239 372/673/424 348/672/424
f 348/672/424 226/377/240 225/376/239
f 354/603/383 287/601/298 306/674/337
f 306/674/337 349/620/397 354/603/383
f 350/675/425 307/676/13 283/677/13
f 283/677/13 344/678/425 350/675/425
f 227/380/21 350/675/425 344/678/425
f 344/678/425 228/381/21 227/380/21
f 227/383/103 226/382/132 348/595/291
f 348/595/291 350/597/379 227/383/103
f 350/597/379 349/596/378 306/535/63
f 306/535/63 307/536/103 350/597/379
f 320/590/374 144/385/242 228/384/65
f 228/384/65 344/591/286 320/590/374
f 181/270/179 180/269/178 182/272/21
f 182/272/21 184/271/180 181/270/179
f 373/679/65 60/680/46 181/681/179
f 373/679/65 273/682/283 61/683/43
f 373/679/65 181/681/179 184/684/180
f 373/679/65 61/683/43 60/680/46
f 373/679/65 65/685/47 64/686/50
f 373/679/65 274/687/281 273/682/283
f 373/679/65 178/688/177 65/685/47
f 373/679/65 64/686/50 274/687/281
f 373/679/65 183/689/181 275/690/284
f 373/679/65 127/691/135 69/692/51
f 373/679/65 184/684/180 183/689/181
f 373/679/65 275/690/284 127/691/135
f 373/679/65 229/693/243 179/694/176
f 373/679/65 69/692/51 68/695/54
f 373/679/65 179/694/176 178/688/177
f 373/679/65 68/695/54 229/693/243
f 217/308/204 224/375/238 189/374/237
f 189/374/237 191/309/205 217/308/204
f 366/615/393 367/616/391 353/602/382
f 353/602/382 361/610/389 366/615/393
f 377/696/65 374/697/65 375/698/65
f 375/698/65 376/699/65 377/696/65
f 379/700/426 375/701/426 374/702/427
f 374/702/427 378/703/427 379/700/426
f 381/704/65 380/705/65 374/697/65
f 374/697/65 377/696/65 381/704/65
f 378/703/427 374/702/427 380/706/13
f 380/706/13 382/707/13 378/703/427
f 384/708/428 377/709/429 376/710/430
f 376/710/430 383/711/431 384/708/428
f 385/712/432 381/713/52 377/709/429
f 377/709/429 384/708/428 385/712/432
f 386/714/65 384/715/428 383/716/431
f 386/714/65 385/717/432 384/715/428
f 386/714/65 387/718/433 388/719/434
f 386/714/65 389/720/435 387/718/433
f 386/714/65 383/716/431 389/720/435
f 386/714/65 390/721/436 385/717/432
f 386/714/65 391/722/437 392/723/438
f 386/714/65 393/724/439 391/722/437
f 386/714/65 394/725/440 393/724/439
f 386/714/65 392/723/438 390/721/436
f 386/714/65 388/719/434 395/726/441
f 386/714/65 396/727/442 397/728/443
f 386/714/65 395/726/441 396/727/442
f 386/714/65 397/728/443 398/729/444
f 386/714/65 399/730/445 394/725/440
f 386/714/65 398/729/444 399/730/445
f 398/731/444 400/732/446 401/733/426
f 401/733/426 399/734/445 398/731/444
f 397/735/443 402/736/13 400/732/446
f 400/732/446 398/731/444 397/735/443
f 400/737/65 403/738/65 404/739/65
f 404/739/65 401/740/65 400/737/65
f 402/741/65 405/742/65 403/738/65
f 403/738/65 400/737/65 402/741/65
f 407/743/430 404/744/430 403/745/447
f 403/745/447 406/746/448 407/743/430
f 406/746/448 403/745/447 405/747/52
f 405/747/52 408/748/52 406/746/448
f 406/749/449 409/750/450 410/751/451
f 410/751/451 407/752/452 406/749/449
f 408/753/453 411/754/453 409/750/450
f 409/750/450 406/749/449 408/753/453
f 409/755/454 412/756/454 413/757/430
f 413/757/430 410/758/430 409/755/454
f 411/759/52 414/760/52 412/756/454
f 412/756/454 409/755/454 411/759/52
f 416/761/455 413/762/455 412/763/456
f 412/763/456 415/764/456 416/761/455
f 415/764/456 412/763/456 414/765/457
f 414/765/457 417/766/457 415/764/456
f 419/767/458 416/768/458 415/769/454
f 415/769/454 418/770/454 419/767/458
f 418/770/454 415/769/454 417/771/52
f 417/771/52 420/772/52 418/770/454
f 422/773/103 419/774/103 418/775/103
f 418/775/103 421/776/103 422/773/103
f 421/776/103 418/775/103 420/777/103
f 420/777/103 423/778/103 421/776/103
f 425/779/430 422/780/430 421/781/448
f 421/781/448 424/782/448 425/779/430
f 424/782/448 421/781/448 423/783/52
f 423/783/52 426/784/52 424/782/448
f 425/785/459 424/786/460 427/787/461
f 427/787/461 424/786/460 426/788/462
f 426/788/462 428/789/462 427/787/461
f 430/790/463 427/791/463 428/792/464
f 428/792/464 429/793/464 430/790/463
f 432/794/465 431/795/466 427/791/463
f 427/791/463 430/790/463 432/794/465
f 431/796/467 433/797/468 425/785/459
f 425/785/459 427/787/461 431/796/467
f 435/798/469 434/799/469 431/795/466
f 431/795/466 432/794/465 435/798/469
f 434/800/470 436/801/471 433/797/468
f 433/797/468 431/796/467 434/800/470
f 438/802/472 432/803/473 430/804/474
f 430/804/474 437/805/475 438/802/472
f 439/806/476 435/807/477 432/803/473
f 432/803/473 438/802/472 439/806/476
f 441/808/478 439/809/479 438/810/480
f 438/810/480 440/811/481 441/808/478
f 438/810/480 437/812/482 440/811/481
f 440/813/481 442/814/483 443/815/103
f 440/811/481 437/812/482 444/816/484
f 444/816/484 442/817/483 440/811/481
f 441/818/478 440/813/481 443/815/103
f 446/819/485 445/820/486 439/809/479
f 439/809/479 441/808/478 446/819/485
f 446/821/485 441/818/478 443/815/103
f 447/822/487 446/821/485 443/815/103
f 447/823/487 448/824/488 449/825/489
f 449/825/489 446/819/485 447/823/487
f 449/825/489 445/820/486 446/819/485
f 445/826/490 450/827/491 435/807/477
f 435/807/477 439/806/476 445/826/490
f 449/828/492 451/829/493 450/827/491
f 450/827/491 445/826/490 449/828/492
f 450/830/494 452/831/494 434/799/469
f 434/799/469 435/798/469 450/830/494
f 451/832/495 453/833/496 452/831/494
f 452/831/494 450/830/494 451/832/495
f 448/834/497 454/835/498 451/829/493
f 451/829/493 449/828/492 448/834/497
f 454/836/499 455/837/499 453/833/496
f 453/833/496 451/832/495 454/836/499
f 455/838/500 456/839/501 457/840/502
f 457/840/502 453/841/503 455/838/500
f 453/841/503 457/840/502 458/842/504
f 458/842/504 452/843/505 453/841/503
f 457/844/506 459/845/507 460/846/508
f 460/846/508 458/847/508 457/844/506
f 456/848/13 461/849/13 459/845/507
f 459/845/507 457/844/506 456/848/13
f 459/850/103 462/851/103 463/852/103
f 463/852/103 460/853/103 459/850/103
f 461/854/103 464/855/103 462/851/103
f 462/851/103 459/850/103 461/854/103
f 462/856/509 465/857/509 466/858/510
f 466/858/510 463/859/510 462/856/509
f 464/860/13 467/861/13 465/857/509
f 465/857/509 462/856/509 464/860/13
f 465/862/511 468/863/512 469/864/513
f 469/864/513 466/865/514 465/862/511
f 467/866/515 470/867/515 468/863/512
f 468/863/512 465/862/511 467/866/515
f 472/868/508 469/869/508 468/870/158
f 468/870/158 471/871/516 472/868/508
f 471/871/516 468/870/158 470/872/13
f 470/872/13 473/873/13 471/871/516
f 475/874/517 472/875/518 471/876/519
f 471/876/519 474/877/520 475/874/517
f 474/877/520 471/876/519 473/878/521
f 473/878/521 382/879/521 474/877/520
f 477/880/158 476/881/508 475/882/508
f 475/882/508 474/883/158 477/880/158
f 380/706/13 477/880/158 474/883/158
f 474/883/158 382/707/13 380/706/13
f 479/884/65 476/885/65 477/886/65
f 477/886/65 478/887/65 479/884/65
f 478/887/65 477/886/65 380/705/65
f 380/705/65 381/704/65 478/887/65
f 392/888/438 479/889/522 478/890/523
f 478/890/523 390/891/436 392/888/438
f 390/891/436 478/890/523 381/713/52
f 381/713/52 385/712/432 390/891/436
f 391/892/437 480/893/524 479/889/522
f 479/889/522 392/888/438 391/892/437
f 480/894/65 481/895/65 476/885/65
f 476/885/65 479/884/65 480/894/65
f 393/896/439 482/897/21 480/893/524
f 480/893/524 391/892/437 393/896/439
f 482/898/65 483/899/65 481/895/65
f 481/895/65 480/894/65 482/898/65
f 481/900/525 483/901/76 484/902/76
f 484/902/76 485/903/525 481/900/525
f 476/881/508 481/900/525 485/903/525
f 485/903/525 475/882/508 476/881/508
f 484/904/526 486/905/526 487/906/527
f 487/906/527 485/907/528 484/904/526
f 485/907/528 487/906/527 472/875/518
f 472/875/518 475/874/517 485/907/528
f 486/908/76 488/909/76 489/910/529
f 489/910/529 487/911/530 486/908/76
f 487/911/530 489/910/529 469/869/508
f 469/869/508 472/868/508 487/911/530
f 491/912/531 489/913/532 488/914/533
f 488/914/533 490/915/534 491/912/531
f 466/865/514 469/864/513 489/913/532
f 489/913/532 491/912/531 466/865/514
f 493/916/535 491/917/535 490/918/76
f 490/918/76 492/919/76 493/916/535
f 463/859/510 466/858/510 491/917/535
f 491/917/535 493/916/535 463/859/510
f 495/920/103 493/921/103 492/922/103
f 492/922/103 494/923/103 495/920/103
f 460/853/103 463/852/103 493/921/103
f 493/921/103 495/920/103 460/853/103
f 496/924/536 495/925/530 494/926/76
f 494/926/76 436/927/76 496/924/536
f 458/847/508 460/846/508 495/925/530
f 495/925/530 496/924/536 458/847/508
f 452/843/505 496/928/537 436/801/471
f 436/801/471 434/800/470 452/843/505
f 458/842/504 496/928/537 452/843/505
f 436/927/76 494/926/76 497/929/538
f 497/929/538 433/930/538 436/927/76
f 494/923/103 492/922/103 498/931/103
f 498/931/103 497/932/103 494/923/103
f 433/930/538 497/929/538 422/780/430
f 422/780/430 425/779/430 433/930/538
f 497/932/103 498/931/103 419/774/103
f 419/774/103 422/773/103 497/932/103
f 492/919/76 490/918/76 499/933/352
f 499/933/352 498/934/539 492/919/76
f 498/934/539 499/933/352 416/768/458
f 416/768/458 419/767/458 498/934/539
f 490/915/534 488/914/533 500/935/540
f 500/935/540 499/936/540 490/915/534
f 499/936/540 500/935/540 413/762/455
f 413/762/455 416/761/455 499/936/540
f 501/937/541 500/938/542 488/909/76
f 488/909/76 486/908/76 501/937/541
f 410/758/430 413/757/430 500/938/542
f 500/938/542 501/937/541 410/758/430
f 502/939/543 501/940/543 486/905/526
f 486/905/526 484/904/526 502/939/543
f 407/752/452 410/751/451 501/940/543
f 501/940/543 502/939/543 407/752/452
f 484/902/76 483/901/76 503/941/538
f 503/941/538 502/942/544 484/902/76
f 502/942/544 503/941/538 404/744/430
f 404/744/430 407/743/430 502/942/544
f 504/943/65 503/944/65 483/899/65
f 483/899/65 482/898/65 504/943/65
f 401/740/65 404/739/65 503/944/65
f 503/944/65 504/943/65 401/740/65
f 394/945/440 504/946/545 482/897/21
f 482/897/21 393/896/439 394/945/440
f 399/734/445 401/733/426 504/946/545
f 504/946/545 394/945/440 399/734/445
f 382/879/521 473/878/521 505/947/546
f 505/947/546 378/948/547 382/879/521
f 473/873/13 470/872/13 506/949/548
f 506/949/548 505/950/549 473/873/13
f 378/948/547 505/947/546 507/951/550
f 507/951/550 379/952/551 378/948/547
f 505/950/549 506/949/548 508/953/426
f 508/953/426 507/954/426 505/950/549
f 510/955/552 508/956/553 506/957/554
f 506/957/554 509/958/555 510/955/552
f 509/958/555 506/957/554 470/867/515
f 470/867/515 467/866/515 509/958/555
f 512/959/556 510/960/556 509/961/549
f 509/961/549 511/962/549 512/959/556
f 511/962/549 509/961/549 467/861/13
f 467/861/13 464/860/13 511/962/549
f 514/963/103 512/964/103 511/965/103
f 511/965/103 513/966/103 514/963/103
f 513/966/103 511/965/103 464/855/103
f 464/855/103 461/854/103 513/966/103
f 516/967/426 514/968/426 513/969/557
f 513/969/557 515/970/557 516/967/426
f 515/970/557 513/969/557 461/849/13
f 461/849/13 456/848/13 515/970/557
f 516/971/558 515/972/559 517/973/560
f 517/973/560 515/972/559 456/839/501
f 456/839/501 455/838/500 517/973/560
f 518/974/561 517/975/561 455/837/499
f 455/837/499 454/836/499 518/974/561
f 520/976/562 519/977/563 517/975/561
f 517/975/561 518/974/561 520/976/562
f 519/978/564 521/979/565 516/971/558
f 516/971/558 517/973/560 519/978/564
f 523/980/566 522/981/566 519/977/563
f 519/977/563 520/976/562 523/980/566
f 522/982/567 524/983/568 521/979/565
f 521/979/565 519/978/564 522/982/567
f 526/984/569 523/985/570 520/986/571
f 520/986/571 525/987/572 526/984/569
f 525/987/572 520/986/571 518/988/573
f 518/988/573 527/989/574 525/987/572
f 529/990/575 526/991/576 525/992/577
f 525/992/577 528/993/578 529/990/575
f 525/992/577 527/994/579 528/993/578
f 528/993/578 527/994/579 448/824/488
f 448/824/488 447/823/487 528/993/578
f 527/989/574 518/988/573 454/835/498
f 454/835/498 448/834/497 527/989/574
f 528/995/578 447/822/487 443/815/103
f 529/996/575 528/995/578 443/815/103
f 531/997/580 530/998/581 526/991/576
f 526/991/576 529/990/575 531/997/580
f 531/999/580 529/996/575 443/815/103
f 442/814/483 531/999/580 443/815/103
f 442/1000/483 444/1001/484 532/1002/582
f 532/1002/582 531/997/580 442/1000/483
f 532/1002/582 530/998/581 531/997/580
f 530/1003/583 533/1004/584 523/985/570
f 523/985/570 526/984/569 530/1003/583
f 532/1005/585 534/1006/586 533/1004/584
f 533/1004/584 530/1003/583 532/1005/585
f 534/1007/587 535/1008/588 536/1009/589
f 536/1009/589 533/1010/589 534/1007/587
f 533/1010/589 536/1009/589 522/981/566
f 522/981/566 523/980/566 533/1010/589
f 536/1011/590 537/1012/591 524/983/568
f 524/983/568 522/982/567 536/1011/590
f 535/1013/592 538/1014/593 537/1012/591
f 537/1012/591 536/1011/590 535/1013/592
f 429/1015/464 428/1016/464 535/1008/588
f 535/1008/588 534/1007/587 429/1015/464
f 428/1017/462 426/1018/462 539/1019/594
f 539/1019/594 535/1013/592 428/1017/462
f 539/1019/594 538/1014/593 535/1013/592
f 539/1020/595 540/1021/595 541/1022/522
f 541/1022/522 538/1023/522 539/1020/595
f 538/1023/522 541/1022/522 542/1024/596
f 542/1024/596 537/1025/596 538/1023/522
f 540/1026/103 543/1027/103 544/1028/103
f 544/1028/103 541/1029/103 540/1026/103
f 541/1029/103 544/1028/103 545/1030/103
f 545/1030/103 542/1031/103 541/1029/103
f 543/1032/523 546/1033/597 547/1034/598
f 547/1034/598 544/1035/598 543/1032/523
f 544/1035/598 547/1034/598 548/1036/260
f 548/1036/260 545/1037/260 544/1035/598
f 546/1038/599 549/1039/599 550/1040/600
f 550/1040/600 547/1041/600 546/1038/599
f 547/1041/600 550/1040/600 551/1042/601
f 551/1042/601 548/1043/601 547/1041/600
f 553/1044/522 550/1045/522 549/1046/597
f 549/1046/597 552/1047/597 553/1044/522
f 554/1048/602 551/1049/602 550/1045/522
f 550/1045/522 553/1044/522 554/1048/602
f 556/1050/603 553/1051/604 552/1052/605
f 552/1052/605 555/1053/606 556/1050/603
f 557/1054/607 554/1055/608 553/1051/604
f 553/1051/604 556/1050/603 557/1054/607
f 559/1056/609 558/1057/522 556/1058/522
f 556/1058/522 555/1059/595 559/1056/609
f 558/1057/522 560/1060/596 557/1061/610
f 557/1061/610 556/1058/522 558/1057/522
f 562/1062/65 558/1063/65 559/1064/65
f 559/1064/65 561/1065/65 562/1062/65
f 563/1066/65 560/1067/65 558/1063/65
f 558/1063/65 562/1062/65 563/1066/65
f 395/1068/441 562/1069/508 561/1070/611
f 561/1070/611 396/1071/442 395/1068/441
f 388/1072/434 563/1073/612 562/1069/508
f 562/1069/508 395/1068/441 388/1072/434
f 387/1074/433 564/1075/76 563/1073/612
f 563/1073/612 388/1072/434 387/1074/433
f 564/1076/65 565/1077/65 560/1067/65
f 560/1067/65 563/1066/65 564/1076/65
f 389/1078/435 566/1079/613 564/1075/76
f 564/1075/76 387/1074/433 389/1078/435
f 566/1080/65 567/1081/65 565/1077/65
f 565/1077/65 564/1076/65 566/1080/65
f 569/1082/21 565/1083/21 567/1084/614
f 567/1084/614 568/1085/614 569/1082/21
f 560/1060/596 565/1083/21 569/1082/21
f 569/1082/21 557/1061/610 560/1060/596
f 568/1086/615 570/1087/616 571/1088/617
f 571/1088/617 569/1089/617 568/1086/615
f 569/1089/617 571/1088/617 554/1055/608
f 554/1055/608 557/1054/607 569/1089/617
f 570/1090/618 572/1091/618 573/1092/21
f 573/1092/21 571/1093/21 570/1090/618
f 571/1093/21 573/1092/21 551/1049/602
f 551/1049/602 554/1048/602 571/1093/21
f 575/1094/619 573/1095/620 572/1096/621
f 572/1096/621 574/1097/622 575/1094/619
f 548/1043/601 551/1042/601 573/1095/620
f 573/1095/620 575/1094/619 548/1043/601
f 577/1098/21 575/1099/21 574/1100/623
f 574/1100/623 576/1101/624 577/1098/21
f 545/1037/260 548/1036/260 575/1099/21
f 575/1099/21 577/1098/21 545/1037/260
f 579/1102/103 577/1103/103 576/1104/103
f 576/1104/103 578/1105/103 579/1102/103
f 542/1031/103 545/1030/103 577/1103/103
f 577/1103/103 579/1102/103 542/1031/103
f 524/1106/21 579/1107/21 578/1108/625
f 578/1108/625 521/1109/618 524/1106/21
f 537/1025/596 542/1024/596 579/1107/21
f 579/1107/21 524/1106/21 537/1025/596
f 578/1105/103 576/1104/103 512/964/103
f 512/964/103 514/963/103 578/1105/103
f 521/1109/618 578/1108/625 514/968/426
f 514/968/426 516/967/426 521/1109/618
f 576/1101/624 574/1100/623 510/960/556
f 510/960/556 512/959/556 576/1101/624
f 574/1097/622 572/1096/621 508/956/553
f 508/956/553 510/955/552 574/1097/622
f 507/954/426 508/953/426 572/1091/618
f 572/1091/618 570/1090/618 507/954/426
f 379/952/551 507/951/550 570/1087/616
f 570/1087/616 568/1086/615 379/952/551
f 568/1085/614 567/1084/614 375/701/426
f 375/701/426 379/700/426 568/1085/614
f 376/699/65 375/698/65 567/1081/65
f 567/1081/65 566/1080/65 376/699/65
f 383/711/431 376/710/430 566/1079/613
f 566/1079/613 389/1078/435 383/711/431
f 396/1071/442 561/1070/611 402/1110/13
f 402/1110/13 397/1111/443 396/1071/442
f 561/1065/65 559/1064/65 405/742/65
f 405/742/65 402/741/65 561/1065/65
f 405/793/52 559/1056/609 555/1059/595
f 555/1059/595 408/1112/52 405/793/52
f 555/1053/606 552/1052/605 411/1113/453
f 411/1113/453 408/1114/453 555/1053/606
f 552/1047/597 549/1046/597 414/1115/52
f 414/1115/52 411/1116/52 552/1047/597
f 417/1117/457 414/1118/457 549/1039/599
f 549/1039/599 546/1038/599 417/1117/457
f 420/1119/52 417/1120/52 546/1033/597
f 546/1033/597 543/1032/523 420/1119/52
f 423/778/103 420/777/103 543/1027/103
f 543/1027/103 540/1026/103 423/778/103
f 426/1121/52 423/1122/52 540/1021/595
f 540/1021/595 539/1020/595 426/1121/52
f 444/1123/626 429/1124/627 534/1006/586
f 534/1006/586 532/1005/585 444/1123/626
f 437/805/475 430/804/474 429/1125/627
f 429/1125/627 444/1126/626 437/805/475
f 595/1127/103 580/1128/103 581/1129/103
f 595/1127/103 581/1129/103 582/1130/103
f 595/1127/103 582/1130/103 583/1131/103
f 595/1127/103 583/1131/103 584/1132/103
f 595/1127/103 584/1132/103 585/1133/103
f 595/1127/103 585/1133/103 586/1134/103
f 595/1127/103 586/1134/103 587/1135/103
f 595/1127/103 587/1135/103 588/1136/103
f 595/1127/103 588/1136/103 589/1137/103
f 595/1127/103 589/1137/103 590/1138/103
f 595/1127/103 590/1138/103 591/1139/628
f 595/1127/103 591/1139/628 592/1140/629
f 595/1127/103 592/1140/629 593/1141/630
f 593/1141/630 594/1142/103 595/1127/103
f 597/1143/631 583/1144/632 582/1145/426
f 582/1145/426 596/1146/426 597/1143/631
f 598/1147/13 584/1148/13 583/1144/632
f 583/1144/632 597/1143/631 598/1147/13
f 611/1149/65 599/1150/65 600/1151/65
f 611/1149/65 600/1151/65 601/1152/65
f 611/1149/65 601/1152/65 602/1153/633
f 611/1149/65 602/1153/633 603/1154/634
f 611/1149/65 603/1154/634 604/1155/635
f 611/1149/65 604/1155/635 605/1156/65
f 611/1149/65 605/1156/65 606/1157/65
f 611/1149/65 606/1157/65 607/1158/65
f 611/1149/65 607/1158/65 608/1159/65
f 611/1149/65 608/1159/65 609/1160/65
f 611/1149/65 609/1160/65 610/1161/65
f 611/1149/65 610/1161/65 598/1162/65
f 611/1149/65 598/1162/65 597/1163/65
f 597/1163/65 596/1164/65 611/1149/65
f 585/1165/636 584/1148/13 598/1147/13
f 598/1147/13 610/1166/637 585/1165/636
f 586/1167/508 585/1165/636 610/1166/637
f 610/1166/637 609/1168/508 586/1167/508
f 587/1169/612 586/1167/508 609/1168/508
f 609/1168/508 608/1170/525 587/1169/612
f 588/1171/76 587/1169/612 608/1170/525
f 608/1170/525 607/1172/76 588/1171/76
f 606/1173/544 589/1174/544 588/1171/76
f 588/1171/76 607/1172/76 606/1173/544
f 605/1175/430 590/1176/430 589/1174/544
f 589/1174/544 606/1173/544 605/1175/430
f 604/1177/638 591/1178/638 590/1176/430
f 590/1176/430 605/1175/430 604/1177/638
f 613/1179/639 592/1140/629 591/1139/628
f 591/1139/628 612/1180/640 613/1179/639
f 612/1181/76 591/1182/76 604/1183/76
f 604/1183/76 614/1184/76 612/1181/76
f 615/1185/52 613/1186/52 612/1187/52
f 612/1187/52 614/1188/52 615/1185/52
f 614/1189/641 604/1155/635 603/1154/634
f 603/1154/634 615/1190/642 614/1189/641
f 603/1154/634 602/1153/633 616/1191/643
f 616/1191/643 615/1190/642 603/1154/634
f 617/1192/52 613/1186/52 615/1185/52
f 615/1185/52 616/1193/52 617/1192/52
f 594/1194/522 593/1195/644 602/1196/644
f 602/1196/644 601/1197/522 594/1194/522
f 602/1198/21 593/1199/21 617/1200/21
f 617/1200/21 616/1201/21 602/1198/21
f 593/1141/630 592/1140/629 613/1179/639
f 613/1179/639 617/1202/645 593/1141/630
f 595/1203/610 594/1194/522 601/1197/522
f 601/1197/522 600/1204/610 595/1203/610
f 580/1205/21 595/1203/610 600/1204/610
f 600/1204/610 599/1206/21 580/1205/21
f 611/1207/614 581/1208/545 580/1205/21
f 580/1205/21 599/1206/21 611/1207/614
f 596/1146/426 582/1145/426 581/1208/545
f 581/1208/545 611/1207/614 596/1146/426
f 621/1209/103 618/1210/103 619/1211/103
f 619/1211/103 620/1212/103 621/1209/103
f 619/1211/103 622/1213/103 620/1212/103
f 622/1213/103 619/1211/103 623/1214/103
f 623/1214/103 624/1215/103 622/1213/103
f 622/1216/646 625/1217/647 626/1218/430
f 626/1218/430 620/1219/430 622/1216/646
f 624/1220/76 627/1221/76 625/1217/647
f 625/1217/647 622/1216/646 624/1220/76
f 629/1222/65 628/1223/65 625/1224/65
f 625/1224/65 627/1225/65 629/1222/65
f 628/1223/65 626/1226/65 625/1224/65
f 628/1223/65 630/1227/65 631/1228/65
f 631/1228/65 626/1226/65 628/1223/65
f 629/1222/65 627/1225/65 632/1229/65
f 634/1230/65 629/1222/65 632/1229/65
f 632/1229/65 633/1231/65 634/1230/65
f 635/1232/536 632/1233/648 627/1221/76
f 627/1221/76 624/1220/76 635/1232/536
f 636/1234/508 633/1235/508 632/1233/648
f 632/1233/648 635/1232/536 636/1234/508
f 635/1236/103 623/1214/103 637/1237/103
f 637/1237/103 636/1238/103 635/1236/103
f 623/1214/103 635/1236/103 624/1215/103
f 637/1237/103 638/1239/103 636/1238/103
f 638/1240/158 639/1241/158 633/1235/508
f 633/1235/508 636/1234/508 638/1240/158
f 638/1239/103 637/1237/103 640/1242/103
f 640/1242/103 641/1243/103 638/1239/103
f 641/1243/103 640/1242/103 642/1244/103
f 642/1244/103 643/1245/103 641/1243/103
f 641/1246/13 644/1247/13 639/1241/158
f 639/1241/158 638/1240/158 641/1246/13
f 643/1248/549 645/1249/427 644/1247/13
f 644/1247/13 641/1246/13 643/1248/549
f 647/1250/65 646/1251/65 644/1252/65
f 644/1252/65 645/1253/65 647/1250/65
f 646/1251/65 634/1230/65 639/1254/65
f 639/1254/65 644/1252/65 646/1251/65
f 650/1255/65 647/1250/65 648/1256/65
f 648/1256/65 649/1257/65 650/1255/65
f 647/1250/65 645/1253/65 648/1256/65
f 653/1258/65 650/1255/65 651/1259/65
f 651/1259/65 652/1260/65 653/1258/65
f 650/1255/65 649/1257/65 651/1259/65
f 653/1258/65 652/1260/65 654/1261/65
f 656/1262/65 653/1258/65 654/1261/65
f 654/1261/65 655/1263/65 656/1262/65
f 658/1264/522 654/1265/522 652/1266/649
f 652/1266/649 657/1267/596 658/1264/522
f 657/1267/596 652/1266/649 651/1268/21
f 651/1268/21 659/1269/21 657/1267/596
f 659/1270/103 660/1271/103 661/1272/103
f 661/1272/103 657/1273/103 659/1270/103
f 661/1272/103 658/1274/103 657/1273/103
f 658/1274/103 661/1272/103 662/1275/103
f 662/1275/103 663/1276/103 658/1274/103
f 660/1271/103 659/1270/103 664/1277/103
f 665/1278/103 642/1244/103 660/1271/103
f 660/1271/103 664/1277/103 665/1278/103
f 664/1279/625 649/1280/625 648/1281/426
f 648/1281/426 665/1282/426 664/1279/625
f 659/1269/21 651/1268/21 649/1280/625
f 649/1280/625 664/1279/625 659/1269/21
f 642/1244/103 665/1278/103 643/1245/103
f 665/1282/426 648/1281/426 645/1249/427
f 645/1249/427 643/1248/549 665/1282/426
f 667/1283/650 662/1284/651 656/1285/651
f 656/1285/651 666/1286/651 667/1283/652
f 663/1276/103 662/1275/103 667/1287/103
f 667/1287/103 668/1288/103 663/1276/103
f 670/1289/653 668/1290/653 667/1283/654
f 667/1283/652 669/1291/655 670/1289/653
f 666/1286/651 671/1292/76 669/1291/655
f 669/1291/655 667/1283/652 666/1286/651
f 666/1293/65 656/1262/65 655/1263/65
f 655/1263/65 672/1294/65 666/1293/65
f 666/1295/656 672/1296/656 673/1297/656
f 673/1297/656 671/1298/656 666/1295/656
f 670/1299/657 673/1300/657 672/1301/658
f 672/1301/658 668/1302/658 670/1299/657
f 668/1302/658 672/1301/658 655/1303/21
f 655/1303/21 663/1304/21 668/1302/658
f 663/1305/644 655/1306/644 654/1265/522
f 654/1265/522 658/1264/522 663/1305/644
f 634/1230/65 633/1231/65 639/1254/65
f 618/1307/659 674/1308/659 675/1309/660
f 675/1309/659 630/1310/659 618/1307/659
f 631/1228/65 630/1227/65 675/1311/65
f 675/1311/65 676/1312/65 631/1228/65
f 621/1313/76 631/1314/76 676/1315/661
f 676/1315/661 677/1316/661 621/1313/76
f 620/1219/430 626/1218/430 631/747/638
f 631/747/638 621/759/638 620/1219/430
f 674/1317/103 618/1210/103 621/1209/103
f 621/1209/103 677/1318/103 674/1317/103
f 677/1316/661 676/1315/661 678/1319/662
f 678/1319/662 679/1320/662 677/1316/661
f 680/1321/653 674/1298/653 677/1322/653
f 677/1322/653 679/1323/653 680/1321/653
f 680/1324/21 681/1325/21 675/1309/660
f 675/1309/660 674/1308/659 680/1324/21
f 676/1326/656 675/1327/656 681/1296/656
f 681/1296/656 678/1328/656 676/1326/656
f 685/1329/663 682/1330/103 683/1331/103
f 683/1331/103 684/1332/663 685/1329/663
f 693/1333/21 684/1334/21 683/1335/21
f 693/1333/21 683/1335/21 686/1336/21
f 693/1333/21 686/1336/21 687/1337/21
f 693/1333/21 687/1337/21 688/1338/21
f 693/1333/21 688/1338/21 689/1339/21
f 693/1333/21 689/1339/21 690/1340/21
f 693/1333/21 690/1340/21 691/1341/21
f 691/1341/21 692/1342/21 693/1333/21
f 682/1330/103 694/1343/664 686/1344/664
f 686/1344/664 683/1331/103 682/1330/103
f 682/1345/76 685/1346/76 695/1347/76
f 682/1345/76 695/1347/76 696/1348/76
f 682/1345/76 696/1348/76 697/1349/76
f 682/1345/76 697/1349/76 698/1350/76
f 682/1345/76 698/1350/76 699/1351/76
f 682/1345/76 699/1351/76 700/1352/76
f 682/1345/76 700/1352/76 701/1353/76
f 701/1353/76 694/1354/76 682/1345/76
f 694/1343/664 701/1355/665 687/1356/665
f 687/1356/665 686/1344/664 694/1343/664
f 701/1355/665 700/1357/666 688/1358/666
f 688/1358/666 687/1356/665 701/1355/665
f 700/1359/666 699/1360/667 689/1361/667
f 689/1361/667 688/1362/666 700/1359/666
f 699/1360/667 698/1363/65 690/1364/65
f 690/1364/65 689/1361/667 699/1360/667
f 698/1363/65 697/1365/668 691/1366/668
f 691/1366/668 690/1364/65 698/1363/65
f 697/1365/668 696/1367/669 692/1368/669
f 692/1368/669 691/1366/668 697/1365/668
f 696/1367/669 695/1369/670 693/1370/670
f 693/1370/670 692/1368/669 696/1367/669
f 695/1369/670 685/1329/663 684/1332/663
f 684/1332/663 693/1370/670 695/1369/670
f 705/1371/663 702/1372/103 703/1373/103
f 703/1373/103 704/1374/663 705/1371/663
f 713/1375/21 704/1376/21 703/1377/21
f 713/1375/21 703/1377/21 706/1378/21
f 713/1375/21 706/1378/21 707/1379/21
f 713/1375/21 707/1379/21 708/1380/21
f 713/1375/21 708/1380/21 709/1381/21
f 713/1375/21 709/1381/21 710/1382/21
f 713/1375/21 710/1382/21 711/1383/21
f 711/1383/21 712/1384/21 713/1375/21
f 702/1372/103 714/1385/664 706/1386/664
f 706/1386/664 703/1373/103 702/1372/103
f 702/1387/76 705/1388/76 715/1389/76
f 702/1387/76 715/1389/76 716/1390/76
f 702/1387/76 716/1390/76 717/1391/76
f 702/1387/76 717/1391/76 718/1392/76
f 702/1387/76 718/1392/76 719/1393/76
f 702/1387/76 719/1393/76 720/1394/76
f 702/1387/76 720/1394/76 721/1395/76
f 721/1395/76 714/1396/76 702/1387/76
f 714/1385/664 721/1397/665 707/1398/665
f 707/1398/665 706/1386/664 714/1385/664
f 721/1397/665 720/1399/666 708/1400/666
f 708/1400/666 707/1398/665 721/1397/665
f 720/1401/666 719/1402/667 709/1403/667
f 709/1403/667 708/1404/666 720/1401/666
f 719/1402/667 718/1405/65 710/1406/65
f 710/1406/65 709/1403/667 719/1402/667
f 718/1405/65 717/1407/668 711/1408/668
f 711/1408/668 710/1406/65 718/1405/65
f 717/1407/668 716/1409/669 712/1410/669
f 712/1410/669 711/1408/668 717/1407/668
f 716/1409/669 715/1411/670 713/1412/670
f 713/1412/670 712/1410/669 716/1409/669
f 715/1411/670 705/1371/663 704/1374/663
f 704/1374/663 713/1412/670 715/1411/670
f 725/1413/671 722/1414/672 723/1415/673
f 723/1415/673 724/1416/674 725/1413/671
f 724/1417/675 723/1418/65 726/1419/65
f 726/1419/65 727/1420/675 724/1417/675
f 723/1415/673 722/1414/672 728/1421/676
f 723/1418/65 728/1422/677 729/1423/677
f 729/1423/677 726/1419/65 723/1418/65
f 726/1424/678 730/1425/679 731/1426/680
f 731/1426/680 727/1427/681 726/1424/678
f 726/1424/678 729/1428/682 730/1425/679
f 734/1429/683 732/1430/683 730/1431/684
f 730/1431/684 733/1432/685 734/1429/683
f 732/1433/686 735/1434/686 731/1435/686
f 731/1435/686 730/1436/686 732/1433/686
f 733/1437/687 730/1425/679 736/1438/688
f 736/1438/688 737/1439/687 733/1437/687
f 730/1425/679 729/1428/682 738/1440/689
f 738/1440/689 736/1438/688 730/1425/679
f 740/1441/690 739/1442/691 737/1443/691
f 737/1443/691 736/1444/690 740/1441/690
f 742/1445/692 740/1441/690 736/1444/690
f 736/1444/690 741/1446/693 742/1445/692
f 744/1447/694 741/1448/695 736/1438/688
f 736/1438/688 743/1449/696 744/1447/694
f 745/1450/697 736/1438/688 738/1440/689
f 736/1438/688 745/1450/697 743/1449/696
f 747/1451/13 746/1452/698 743/1453/698
f 743/1453/698 745/1454/13 747/1451/13
f 748/1455/699 747/1451/13 745/1454/13
f 745/1454/13 738/1456/699 748/1455/699
f 749/1457/700 746/1458/701 747/1459/702
f 747/1459/702 748/1460/703 749/1457/700
f 752/1461/704 750/1462/704 751/1463/705
f 751/1463/705 749/1464/706 752/1461/704
f 749/1464/706 751/1463/705 753/1465/707
f 753/1465/707 754/1466/708 749/1464/706
f 749/1457/700 754/1467/709 755/1468/710
f 755/1468/710 746/1458/701 749/1457/700
f 749/1457/700 722/1414/672 756/1469/711
f 756/1469/711 752/1470/711 749/1457/700
f 748/1460/703 728/1421/676 722/1414/672
f 722/1414/672 749/1457/700 748/1460/703
f 758/1471/712 757/1472/712 750/1178/712
f 750/1178/712 752/1473/712 758/1471/712
f 758/1474/21 752/1470/711 756/1469/711
f 756/1469/711 759/1475/21 758/1474/21
f 761/1476/713 759/1477/714 756/1478/713
f 756/1478/713 760/1479/713 761/1476/713
f 722/1480/715 762/1481/716 760/1482/715
f 760/1482/715 756/1483/715 722/1480/715
f 759/1484/717 761/1485/717 757/1486/717
f 757/1486/717 758/1487/717 759/1484/717
f 757/1488/13 761/1489/13 763/1490/13
f 763/1490/13 764/1491/13 757/1488/13
f 761/1492/65 760/1493/65 734/1494/65
f 734/1494/65 763/1495/65 761/1492/65
f 733/1496/718 765/1497/719 763/1498/719
f 763/1498/719 734/1499/719 733/1496/718
f 764/1500/720 763/1501/720 765/1502/720
f 765/1502/720 766/1503/720 764/1500/720
f 760/1504/13 762/1505/13 732/1506/13
f 732/1506/13 734/1507/13 760/1504/13
f 739/1508/721 764/1509/721 766/1510/721
f 766/1510/721 737/1511/721 739/1508/721
f 750/1512/103 757/1513/103 764/1514/103
f 764/1514/103 739/1515/103 750/1512/103
f 751/1516/52 750/1517/52 739/1432/52
f 739/1432/52 740/1518/52 751/1516/52
f 733/1437/687 737/1439/687 766/1519/76
f 766/1519/76 765/1520/76 733/1437/687
f 725/1521/722 767/1522/722 762/1523/722
f 762/1523/722 722/1524/722 725/1521/722
f 762/1525/103 767/1526/103 735/1527/103
f 735/1527/103 732/1528/103 762/1525/103
f 769/1529/717 768/1530/717 767/1531/717
f 767/1531/717 725/1532/717 769/1529/717
f 767/1533/13 768/1534/13 770/1535/13
f 770/1535/13 735/1536/13 767/1533/13
f 735/1537/720 770/1538/720 771/1539/720
f 771/1539/720 731/1540/720 735/1537/720
f 773/1541/723 771/1542/724 770/1543/723
f 770/1543/723 772/1544/723 773/1541/723
f 768/1545/725 774/1546/725 772/1547/725
f 772/1547/725 770/1548/725 768/1545/725
f 776/1549/726 773/1550/726 772/1551/726
f 772/1551/726 775/1552/726 776/1549/726
f 774/1553/727 777/1535/727 775/1554/727
f 775/1554/727 772/1555/727 774/1553/727
f 768/1543/728 769/1556/729 778/1557/728
f 778/1557/728 774/1558/728 768/1543/728
f 774/1559/730 778/1560/730 779/1561/730
f 779/1561/730 777/1562/730 774/1559/730
f 777/1563/731 779/1564/731 780/1565/732
f 780/1565/732 781/1566/732 777/1563/731
f 777/1567/733 781/1568/733 782/1569/733
f 782/1569/733 775/1570/733 777/1567/733
f 784/1571/734 783/1572/734 781/1566/732
f 781/1566/732 780/1565/732 784/1571/734
f 781/1573/735 783/1574/736 785/1575/736
f 785/1575/736 782/1576/735 781/1573/735
f 782/1577/737 785/1578/738 786/1579/739
f 786/1579/739 787/1580/737 782/1577/737
f 787/1580/737 776/1581/740 775/1582/740
f 775/1582/740 782/1577/737 787/1580/737
f 785/1578/738 788/1583/741 789/1584/742
f 789/1584/742 786/1579/739 785/1578/738
f 783/1574/736 790/1585/743 788/1586/743
f 788/1586/743 785/1575/736 783/1574/736
f 792/1587/744 786/1588/745 789/1589/746
f 789/1589/746 791/1590/747 792/1587/744
f 793/1591/748 787/1592/749 786/1588/745
f 786/1588/745 792/1587/744 793/1591/748
f 795/1593/750 794/1594/52 793/1595/52
f 793/1595/52 792/1596/750 795/1593/750
f 796/1597/751 795/1593/750 792/1596/750
f 792/1596/750 791/1598/751 796/1597/751
f 784/1599/752 780/1600/753 794/1601/754
f 794/1601/754 795/1602/755 784/1599/752
f 797/1603/756 784/1599/752 795/1602/755
f 795/1602/755 796/1604/757 797/1603/756
f 797/1605/758 790/1606/759 783/1572/734
f 783/1572/734 784/1571/734 797/1605/758
f 799/1607/760 798/1608/761 790/1606/759
f 790/1606/759 797/1605/758 799/1607/760
f 799/1609/762 797/1603/756 800/1610/763
f 800/1610/763 801/1611/762 799/1609/762
f 796/1604/757 800/1610/763 797/1603/756
f 801/1528/764 800/1612/675 802/1613/675
f 802/1613/675 803/1614/764 801/1528/764
f 800/1612/675 804/1615/65 805/1616/65
f 805/1616/65 802/1613/675 800/1612/675
f 796/1604/757 806/1617/21 804/1618/21
f 804/1618/21 800/1610/763 796/1604/757
f 802/1619/765 789/1589/746 807/1620/766
f 807/1620/766 803/1621/766 802/1619/765
f 805/1622/76 808/1623/76 791/1590/747
f 791/1590/747 802/1619/765 805/1622/76
f 791/1590/747 789/1589/746 802/1619/765
f 810/1624/76 809/1625/76 808/1623/76
f 808/1623/76 805/1622/76 810/1624/76
f 804/1615/65 811/1626/677 810/1627/677
f 810/1627/677 805/1616/65 804/1615/65
f 806/1628/103 796/1597/751 791/1598/751
f 791/1598/751 808/1629/103 806/1628/103
f 812/1630/767 806/1628/103 808/1629/103
f 808/1629/103 809/1631/767 812/1630/767
f 806/1617/21 812/1632/21 811/1633/21
f 811/1633/21 804/1618/21 806/1617/21
f 746/1452/698 812/1630/767 809/1631/767
f 809/1631/767 743/1453/698 746/1452/698
f 812/1632/21 746/1458/701 755/1468/710
f 755/1468/710 811/1633/21 812/1632/21
f 811/1626/677 755/1634/699 744/1635/699
f 744/1635/699 810/1627/677 811/1626/677
f 755/1634/699 813/1636/13 814/1637/13
f 814/1637/13 744/1635/699 755/1634/699
f 813/1638/768 755/1468/710 754/1467/709
f 814/1639/769 741/1448/695 744/1447/694
f 744/1447/694 743/1449/696 809/1625/76
f 809/1625/76 810/1624/76 744/1447/694
f 814/1639/769 815/1640/770 741/1448/695
f 813/1636/13 816/1641/698 815/1642/698
f 815/1642/698 814/1637/13 813/1636/13
f 819/1643/76 817/1644/76 818/1645/771
f 818/1645/771 815/1640/770 819/1643/76
f 816/1641/698 820/1646/767 819/1647/767
f 819/1647/767 815/1642/698 816/1641/698
f 741/1448/695 815/1640/770 818/1645/771
f 818/1645/771 821/1648/695 741/1448/695
f 813/1638/768 754/1467/709 816/1649/772
f 823/1650/773 822/1651/21 820/1652/21
f 820/1652/21 816/1649/772 823/1650/773
f 823/1650/773 816/1649/772 754/1467/709
f 754/1467/709 824/1653/709 823/1650/773
f 823/1654/699 825/1655/13 826/1656/13
f 826/1656/13 818/1657/699 823/1654/699
f 825/1658/774 823/1650/773 824/1653/709
f 822/1659/677 823/1654/699 818/1657/699
f 818/1657/699 817/1660/677 822/1659/677
f 754/1466/708 753/1465/707 827/1661/775
f 827/1661/775 824/1662/775 754/1466/708
f 824/1662/775 827/1661/775 828/1663/775
f 828/1663/775 829/1664/775 824/1662/775
f 829/1665/776 830/1666/777 831/1667/772
f 831/1667/772 824/1653/709 829/1665/776
f 831/1667/772 825/1658/774 824/1653/709
f 825/1655/13 831/1668/698 832/1669/698
f 832/1669/698 826/1656/13 825/1655/13
f 831/1668/698 833/1670/767 834/1671/767
f 834/1671/767 832/1669/698 831/1668/698
f 830/1666/777 835/1672/21 833/1673/21
f 833/1673/21 831/1667/772 830/1666/777
f 832/1674/770 821/1648/695 826/1675/778
f 834/1676/76 836/1677/76 837/1678/779
f 837/1678/779 832/1674/770 834/1676/76
f 832/1674/770 837/1678/779 838/1679/695
f 838/1679/695 821/1648/695 832/1674/770
f 839/1680/780 742/1445/692 741/1446/693
f 741/1446/693 821/1681/780 839/1680/780
f 840/1682/780 839/1680/780 821/1681/780
f 821/1681/780 838/1683/780 840/1682/780
f 826/1675/778 821/1648/695 818/1645/771
f 842/1684/781 840/1682/780 838/1683/780
f 838/1683/780 841/1685/782 842/1684/781
f 844/1686/783 843/1687/784 841/1688/785
f 841/1688/785 838/1679/695 844/1686/783
f 845/1689/786 838/1679/695 837/1678/779
f 844/1686/783 838/1679/695 845/1689/786
f 847/1690/13 846/1691/698 844/1692/698
f 844/1692/698 845/1693/13 847/1690/13
f 830/1694/699 847/1690/13 845/1693/13
f 845/1693/13 837/1695/699 830/1694/699
f 846/1696/701 847/1697/787 829/1665/776
f 847/1697/787 830/1666/777 829/1665/776
f 846/1691/698 848/1698/767 849/1699/767
f 849/1699/767 844/1692/698 846/1691/698
f 848/1700/21 846/1696/701 850/1701/788
f 850/1701/788 851/1702/21 848/1700/21
f 852/1703/789 850/1701/788 846/1696/701
f 846/1696/701 829/1665/776 852/1703/789
f 851/1704/677 850/1705/699 843/1706/699
f 843/1706/699 853/1707/677 851/1704/677
f 850/1705/699 854/1708/13 855/1709/13
f 855/1709/13 843/1706/699 850/1705/699
f 850/1701/788 852/1703/789 854/1710/774
f 843/1687/784 844/1686/783 849/1711/76
f 849/1711/76 853/1712/76 843/1687/784
f 843/1687/784 855/1713/778 841/1688/785
f 855/1713/778 856/1714/790 841/1688/785
f 854/1708/13 857/1715/698 856/1716/698
f 856/1716/698 855/1709/13 854/1708/13
f 858/1717/791 859/1718/792 856/1714/790
f 857/1715/698 860/1719/767 858/1720/767
f 858/1720/767 856/1716/698 857/1715/698
f 841/1688/785 856/1714/790 859/1718/792
f 859/1721/793 861/1722/794 862/1723/794
f 862/1723/794 863/1724/795 859/1721/793
f 863/1725/796 842/1684/781 841/1685/782
f 841/1685/782 859/1726/797 863/1725/796
f 865/1727/798 861/1728/799 859/1718/792
f 859/1718/792 864/1729/800 865/1727/798
f 866/1730/801 864/1729/800 859/1718/792
f 859/1718/792 858/1717/791 866/1730/801
f 866/1730/801 858/1717/791 867/1731/802
f 867/1731/802 868/1732/803 866/1730/801
f 870/1733/804 869/1734/805 866/1735/805
f 866/1735/805 868/1736/804 870/1733/804
f 869/1734/805 871/1737/806 864/1738/807
f 864/1738/807 866/1735/805 869/1734/805
f 872/1739/808 860/1740/809 869/1741/810
f 869/1741/810 870/1742/811 872/1739/808
f 869/1741/810 873/1743/812 871/1744/813
f 873/1743/812 869/1741/810 860/1740/809
f 876/1745/814 874/1746/815 873/1747/814
f 873/1747/814 875/1748/815 876/1745/814
f 852/1749/816 877/1750/817 875/1751/818
f 875/1751/818 873/1752/819 852/1749/816
f 852/1703/789 873/1743/812 857/1753/820
f 873/1743/812 874/1754/821 878/1755/822
f 878/1755/822 871/1744/813 873/1743/812
f 860/1740/809 857/1753/820 873/1743/812
f 874/1756/823 876/1757/823 879/1758/824
f 879/1758/824 880/1759/823 874/1756/823
f 880/1760/21 881/1761/21 874/1754/821
f 881/1761/21 878/1755/822 874/1754/821
f 881/1762/825 882/1763/826 883/1764/826
f 883/1764/826 884/1765/825 881/1762/825
f 882/1766/21 881/1761/21 880/1760/21
f 878/1767/827 881/1762/825 884/1765/825
f 884/1765/825 865/1768/828 878/1767/827
f 883/1769/76 885/1770/76 884/1771/76
f 884/1771/76 861/1728/799 865/1727/798
f 885/1770/76 861/1728/799 884/1771/76
f 886/1772/829 862/1773/830 861/1774/830
f 861/1774/830 885/1775/829 886/1772/829
f 888/1776/720 886/1777/720 885/1778/720
f 885/1778/720 887/1779/720 888/1776/720
f 885/1770/76 889/1780/76 890/1781/76
f 890/1781/76 887/1782/831 885/1770/76
f 889/1780/76 885/1770/76 883/1769/76
f 882/1763/826 891/1783/832 889/1784/833
f 889/1784/833 883/1764/826 882/1763/826
f 891/1783/832 892/1785/834 890/1786/835
f 890/1786/835 889/1784/833 891/1783/832
f 891/1787/21 882/1766/21 880/1760/21
f 892/1788/21 891/1787/21 880/1760/21
f 880/1760/21 893/1782/836 892/1788/21
f 894/1789/21 892/1788/21 893/1782/836
f 892/1785/834 894/1790/837 895/1791/838
f 895/1791/838 890/1786/835 892/1785/834
f 880/1792/717 879/1793/717 896/1794/717
f 896/1794/717 893/1795/717 880/1792/717
f 893/1796/839 896/1797/840 897/1798/841
f 897/1798/841 898/1799/842 893/1796/839
f 900/1800/843 899/1801/844 893/1782/836
f 893/1782/836 898/1802/845 900/1800/843
f 899/1801/844 901/1803/21 893/1782/836
f 901/1803/21 894/1789/21 893/1782/836
f 894/1804/837 901/1805/846 902/1806/846
f 902/1806/846 895/1807/838 894/1804/837
f 901/1805/846 899/1808/847 903/1809/847
f 903/1809/847 902/1806/846 901/1805/846
f 902/1810/76 887/1782/831 895/1811/76
f 903/1812/848 887/1782/831 902/1810/76
f 887/1782/831 903/1812/848 904/1813/849
f 904/1813/849 905/1814/850 887/1782/831
f 899/1808/847 900/1815/851 904/1816/852
f 904/1816/852 903/1809/847 899/1808/847
f 904/1813/849 868/1732/803 867/1731/802
f 867/1731/802 906/1817/853 904/1813/849
f 908/1818/854 907/1819/855 904/1813/849
f 904/1813/849 906/1817/853 908/1818/854
f 900/1815/851 870/1733/804 868/1736/804
f 868/1736/804 904/1816/852 900/1815/851
f 904/1813/849 907/1819/855 905/1814/850
f 905/1820/856 907/1821/857 909/1822/858
f 909/1822/858 910/1823/859 905/1820/856
f 910/1823/859 888/1824/860 887/1825/861
f 887/1825/861 905/1820/856 910/1823/859
f 897/1826/862 896/1827/103 888/1828/103
f 888/1828/103 910/1829/863 897/1826/862
f 911/1830/864 897/1826/862 910/1829/863
f 910/1829/863 909/1831/864 911/1830/864
f 911/1832/865 912/1833/865 898/1799/842
f 898/1799/842 897/1798/841 911/1832/865
f 914/1834/866 913/1835/866 912/1836/866
f 912/1836/866 911/1837/866 914/1834/866
f 914/1838/867 911/1839/867 909/1840/867
f 909/1840/867 915/1841/867 914/1838/867
f 914/1842/868 916/1843/869 913/1844/869
f 916/1845/870 914/1846/871 915/1847/871
f 915/1847/871 917/1848/870 916/1845/870
f 915/1849/872 918/1850/873 917/1851/873
f 907/1852/874 918/1853/874 915/1854/874
f 915/1854/874 909/1855/874 907/1852/874
f 918/1850/873 919/1856/875 920/1857/875
f 920/1857/875 917/1851/873 918/1850/873
f 921/1858/876 916/1845/870 917/1848/870
f 917/1848/870 920/1859/876 921/1858/876
f 919/1856/875 922/1860/877 923/1861/877
f 923/1861/877 920/1857/875 919/1856/875
f 924/1862/878 921/1863/879 920/1864/879
f 920/1864/879 923/1865/878 924/1862/878
f 924/1866/880 925/1867/881 926/1868/882
f 926/1868/882 921/1869/882 924/1866/880
f 921/1869/882 926/1868/882 913/1844/869
f 913/1844/869 916/1843/869 921/1869/882
f 928/1870/883 927/1871/884 925/1867/881
f 925/1867/881 924/1866/880 928/1870/883
f 928/1872/885 924/1862/878 923/1865/878
f 923/1865/878 929/1873/885 928/1872/885
f 931/1874/886 930/1875/887 927/1871/884
f 927/1871/884 928/1870/883 931/1874/886
f 931/1876/888 928/1877/888 929/1878/888
f 929/1878/888 932/1879/888 931/1876/888
f 922/1860/877 933/1880/889 929/1881/890
f 929/1881/890 923/1861/877 922/1860/877
f 933/1880/889 934/1882/891 932/1883/892
f 932/1883/892 929/1881/890 933/1880/889
f 934/1882/891 935/1884/893 932/1883/892
f 936/1885/13 931/1886/13 932/1887/13
f 932/1887/13 935/1888/13 936/1885/13
f 934/1889/894 937/1890/895 938/1891/896
f 938/1891/896 935/1892/894 934/1889/894
f 940/1893/897 937/1894/898 934/1895/899
f 934/1895/899 939/1896/900 940/1893/897
f 939/1896/900 934/1895/899 933/1897/901
f 933/1897/901 941/1898/901 939/1896/900
f 943/1899/52 942/1900/764 940/1901/764
f 940/1901/764 939/1902/52 943/1899/52
f 944/1903/750 943/1899/52 939/1902/52
f 939/1902/52 941/1904/750 944/1903/750
f 930/1905/902 945/1906/903 942/1907/904
f 942/1907/904 943/1908/905 930/1905/902
f 927/1909/906 930/1905/902 943/1908/905
f 943/1908/905 944/1910/906 927/1909/906
f 946/1911/907 945/1912/908 930/1913/909
f 930/1913/909 936/1914/909 946/1911/907
f 930/1875/887 931/1874/886 936/1915/910
f 945/1912/908 946/1911/907 947/1916/911
f 947/1916/911 948/1917/912 945/1912/908
f 945/1906/903 948/1918/913 949/1919/914
f 949/1919/914 942/1907/904 945/1906/903
f 948/1917/912 947/1916/911 950/1920/915
f 950/1920/915 951/1921/915 948/1917/912
f 948/1918/913 951/1922/916 952/1923/917
f 952/1923/917 953/1924/918 948/1918/913
f 949/1919/914 948/1918/913 953/1924/918
f 956/1925/103 953/1926/751 954/1927/751
f 954/1927/751 955/1928/103 956/1925/103
f 957/1929/21 949/1919/914 953/1924/918
f 953/1924/918 956/1930/21 957/1929/21
f 953/1926/751 952/1931/750 958/1932/750
f 958/1932/750 954/1927/751 953/1926/751
f 954/1933/919 959/1934/920 960/1935/76
f 960/1935/76 955/1936/76 954/1933/919
f 958/1937/921 961/1938/922 962/1939/923
f 962/1939/923 954/1933/919 958/1937/921
f 959/1934/920 954/1933/919 962/1939/923
f 963/1940/924 938/1891/896 937/1890/895
f 937/1890/895 962/1941/925 963/1940/924
f 964/1942/926 963/1940/924 962/1941/925
f 962/1941/925 961/1943/926 964/1942/926
f 959/1934/920 962/1939/923 937/1894/898
f 937/1894/898 940/1893/897 959/1934/920
f 961/1943/926 965/1944/927 966/1945/927
f 966/1945/927 964/1942/926 961/1943/926
f 967/1946/928 965/1947/899 961/1938/922
f 961/1938/922 958/1937/921 967/1946/928
f 965/1948/929 968/1949/929 966/1950/929
f 965/1951/930 969/1952/931 970/1953/931
f 970/1953/931 968/1954/930 965/1951/930
f 971/1955/932 969/1956/933 965/1947/899
f 965/1947/899 967/1946/928 971/1955/932
f 973/1957/934 970/1953/931 969/1952/931
f 969/1952/931 972/1958/935 973/1957/934
f 974/1959/936 972/1960/937 969/1956/933
f 969/1956/933 971/1955/932 974/1959/936
f 976/1961/52 975/1962/764 971/1362/764
f 971/1362/764 967/1963/52 976/1961/52
f 975/1964/764 977/1965/675 974/1966/675
f 974/1966/675 971/1967/764 975/1964/764
f 979/1968/938 978/1969/939 975/1970/940
f 975/1970/940 976/1971/941 979/1968/938
f 978/1969/939 980/1972/942 977/1973/943
f 977/1973/943 975/1970/940 978/1969/939
f 978/1974/944 981/1975/944 982/1976/945
f 982/1976/945 980/1977/946 978/1974/944
f 981/1975/944 978/1974/944 979/1978/947
f 979/1978/947 983/1979/947 981/1975/944
f 979/1980/948 984/1981/948 983/1982/948
f 984/1983/949 979/1984/949 951/1921/915
f 951/1921/915 950/1920/915 984/1983/949
f 951/1922/916 979/1968/938 976/1971/941
f 976/1971/941 952/1923/917 951/1922/916
f 981/1576/950 983/1985/950 968/1986/950
f 968/1986/950 970/1573/950 981/1576/950
f 983/1987/13 984/1988/13 966/1989/13
f 966/1989/13 968/1990/13 983/1987/13
f 984/1991/951 950/1992/951 964/1993/951
f 964/1993/951 966/1994/951 984/1991/951
f 950/1995/952 947/1996/953 963/1997/953
f 963/1997/953 964/1998/952 950/1995/952
f 980/1977/946 982/1976/945 985/1999/954
f 985/1999/954 986/2000/955 980/1977/946
f 980/1972/942 986/2001/906 987/2002/956
f 987/2002/956 988/2003/918 980/1972/942
f 988/2003/918 977/1973/943 980/1972/942
f 991/2004/103 988/2005/751 989/2006/751
f 989/2006/751 990/2007/103 991/2004/103
f 992/2008/21 977/1973/943 988/2003/918
f 988/2003/918 991/2009/21 992/2008/21
f 988/2005/751 987/2010/750 993/2011/750
f 993/2011/750 989/2006/751 988/2005/751
f 989/2012/957 974/1959/936 994/2013/76
f 994/2013/76 990/2014/76 989/2012/957
f 993/2015/958 995/2016/901 972/1960/937
f 972/1960/937 989/2012/957 993/2015/958
f 989/2012/957 972/1960/937 974/1959/936
f 997/2017/959 996/2018/960 995/2016/901
f 995/2016/901 993/2015/958 997/2017/959
f 987/2010/750 998/2019/52 997/2020/52
f 997/2020/52 993/2011/750 987/2010/750
f 995/2021/961 996/2022/962 999/2023/963
f 999/2023/963 1000/2024/964 995/2021/961
f 1000/2024/964 973/1957/934 972/1958/935
f 972/1958/935 995/2021/961 1000/2024/964
f 1001/2025/965 985/2026/966 1000/2027/966
f 1000/2027/966 999/2028/965 1001/2025/965
f 985/2026/966 982/1840/967 973/2029/967
f 973/2029/967 1000/2027/966 985/2026/966
f 1001/2030/968 1002/2031/969 986/2000/955
f 986/2000/955 985/1999/954 1001/2030/968
f 1002/2031/969 1001/2030/968 1003/2032/970
f 1003/2033/13 1001/2034/13 999/2035/13
f 999/2035/13 1004/2036/13 1003/2033/13
f 798/1608/761 799/1607/760 1002/2031/969
f 1002/2031/969 1003/2032/970 798/1608/761
f 798/2037/971 1003/2038/972 1004/2039/972
f 1004/2039/972 1005/2040/973 798/2037/971
f 996/2022/962 807/2041/974 1005/2042/975
f 1005/2042/975 1004/2043/976 996/2022/962
f 996/2022/962 1004/2043/976 999/2023/963
f 788/1583/741 1005/2042/975 807/2041/974
f 807/2041/974 789/1584/742 788/1583/741
f 790/2034/977 798/2037/971 1005/2040/973
f 1005/2040/973 788/2035/977 790/2034/977
f 803/1621/766 807/1620/766 996/2018/960
f 996/2018/960 997/2017/959 803/1621/766
f 986/2001/906 1002/2044/978 998/2045/979
f 998/2045/979 987/2002/956 986/2001/906
f 1002/2044/978 799/1609/762 801/1611/762
f 801/1611/762 998/2045/979 1002/2044/978
f 998/2019/52 801/2046/764 803/2047/764
f 803/2047/764 997/2020/52 998/2019/52
f 982/1797/980 981/2048/980 970/2049/980
f 970/2049/980 973/2050/980 982/1797/980
f 990/2014/76 994/2013/76 817/1644/76
f 817/1644/76 819/1643/76 990/2014/76
f 820/1646/767 991/2004/103 990/2007/103
f 990/2007/103 819/1647/767 820/1646/767
f 992/2051/65 822/1659/677 817/1660/677
f 817/1660/677 994/2052/65 992/2051/65
f 977/1965/675 992/2051/65 994/2052/65
f 994/2052/65 974/1966/675 977/1965/675
f 822/1651/21 992/2008/21 991/2009/21
f 991/2009/21 820/1652/21 822/1651/21
f 952/1931/750 976/1961/52 967/1963/52
f 967/1963/52 958/1932/750 952/1931/750
f 947/1996/953 946/2029/981 938/2053/981
f 938/2053/981 963/1997/953 947/1996/953
f 946/2054/982 936/2055/982 935/1877/982
f 935/1877/982 938/2056/982 946/2054/982
f 942/2057/764 949/2058/675 959/2059/675
f 959/2059/675 940/2060/764 942/2057/764
f 949/2058/675 957/2061/65 960/2062/65
f 960/2062/65 959/2059/675 949/2058/675
f 955/1936/76 960/1935/76 836/1677/76
f 836/1677/76 834/1676/76 955/1936/76
f 957/2061/65 835/2063/677 836/2064/677
f 836/2064/677 960/2062/65 957/2061/65
f 835/1672/21 957/1929/21 956/1930/21
f 956/1930/21 833/1673/21 835/1672/21
f 835/2063/677 830/1694/699 837/1695/699
f 837/1695/699 836/2064/677 835/2063/677
f 833/1670/767 956/1925/103 955/1928/103
f 955/1928/103 834/1671/767 833/1670/767
f 925/2065/983 927/1909/906 944/1910/906
f 944/1910/906 1006/2066/984 925/2065/983
f 1006/2067/751 944/1903/750 941/1904/750
f 941/1904/750 1007/2068/751 1006/2067/751
f 1009/2069/103 1006/2067/751 1007/2068/751
f 1007/2068/751 1008/2070/103 1009/2069/103
f 1006/2066/984 1009/2071/21 1010/2072/21
f 1010/2072/21 1011/2073/985 1006/2066/984
f 1011/2073/985 925/2065/983 1006/2066/984
f 941/1898/901 933/1897/901 922/2074/986
f 922/2074/986 1007/2075/919 941/1898/901
f 1013/2076/76 1008/2077/76 1007/2075/919
f 1007/2075/919 1012/2078/987 1013/2076/76
f 1012/2078/987 1007/2075/919 922/2074/986
f 919/2079/988 1014/2080/989 1012/2078/987
f 1012/2078/987 922/2074/986 919/2079/988
f 1015/2081/764 1011/2082/675 1012/2083/675
f 1012/2083/675 1014/2084/764 1015/2081/764
f 1011/2082/675 1010/2085/65 1013/2086/65
f 1013/2086/65 1012/2083/675 1011/2082/675
f 853/1712/76 849/1711/76 1008/2077/76
f 1008/2077/76 1013/2076/76 853/1712/76
f 1010/2085/65 851/1704/677 853/1707/677
f 853/1707/677 1013/2086/65 1010/2085/65
f 1009/2071/21 848/1700/21 851/1702/21
f 851/1702/21 1010/2072/21 1009/2071/21
f 1016/2087/990 1014/2080/989 919/2079/988
f 919/2079/988 918/2088/991 1016/2087/990
f 1017/2089/52 1015/2090/764 1014/2091/764
f 1014/2091/764 1016/2092/52 1017/2089/52
f 1011/2073/985 1015/2093/992 926/2094/992
f 926/2094/992 925/2065/983 1011/2073/985
f 926/2094/992 1015/2093/992 1017/2095/993
f 1017/2095/993 913/2096/994 926/2094/992
f 1018/2097/750 1017/2089/52 1016/2092/52
f 1016/2092/52 908/2098/750 1018/2097/750
f 913/2096/994 1017/2095/993 1018/2099/995
f 1018/2099/995 912/2100/996 913/2096/994
f 1019/2101/751 1018/2097/750 908/2098/750
f 908/2098/750 906/2102/751 1019/2101/751
f 900/1800/843 912/2100/996 1018/2099/995
f 1018/2099/995 1019/2103/997 900/1800/843
f 908/1818/854 1016/2087/990 918/2088/991
f 918/2088/991 907/1819/855 908/1818/854
f 872/2104/103 1019/2101/751 906/2102/751
f 906/2102/751 867/2105/103 872/2104/103
f 872/1739/808 870/1742/811 900/1800/843
f 900/1800/843 1019/2103/997 872/1739/808
f 860/1719/767 872/2104/103 867/2105/103
f 867/2105/103 858/1720/767 860/1719/767
f 848/1698/767 1009/2069/103 1008/2070/103
f 1008/2070/103 849/1699/767 848/1698/767
f 900/1800/843 898/1802/845 912/2100/996
f 896/2106/13 879/2107/13 886/1404/13
f 886/1404/13 888/2108/13 896/2106/13
f 895/1811/76 887/1782/831 890/1781/76
f 879/2109/65 876/2110/65 862/2111/65
f 862/2111/65 886/2112/65 879/2109/65
f 876/2113/998 875/2114/998 863/2115/998
f 863/2115/998 862/2116/998 876/2113/998
f 871/1737/806 878/1767/827 865/1768/828
f 865/1768/828 864/1738/807 871/1737/806
f 875/2117/52 877/2118/52 842/2119/52
f 842/2119/52 863/772/52 875/2117/52
f 829/1664/775 828/1663/775 877/1750/817
f 877/1750/817 852/1749/816 829/1664/775
f 877/2118/52 828/2120/52 840/2121/52
f 840/2121/52 842/2119/52 877/2118/52
f 828/2120/52 827/2122/52 839/2123/52
f 839/2123/52 840/2121/52 828/2120/52
f 854/1710/774 852/1703/789 857/1753/820
f 827/2122/52 753/2124/52 742/2125/52
f 742/2125/52 839/2123/52 827/2122/52
f 753/2124/52 751/1516/52 740/1518/52
f 740/1518/52 742/2125/52 753/2124/52
f 794/1594/52 1020/2126/764 1021/2127/764
f 1021/2127/764 793/1595/52 794/1594/52
f 780/1600/753 778/2128/999 1020/2129/1000
f 1020/2129/1000 794/1601/754 780/1600/753
f 1020/2130/764 724/1417/675 727/1420/675
f 727/1420/675 1021/2131/764 1020/2130/764
f 778/2128/999 725/1413/671 724/1416/674
f 724/1416/674 1020/2129/1000 778/2128/999
f 727/1427/681 731/1426/680 773/2132/1001
f 773/2132/1001 1021/2133/1002 727/1427/681
f 1021/2133/1002 773/2132/1001 787/1592/749
f 787/1592/749 793/1591/748 1021/2133/1002
f 776/2134/76 787/1592/749 773/2132/1001
f 779/2135/21 778/2128/999 780/1600/753
f 725/1413/671 778/2128/999 769/2136/21
f 731/1426/680 771/2137/76 773/2132/1001
f 728/1422/677 748/1455/699 738/1456/699
f 738/1456/699 729/1423/677 728/1422/677
f 1029/2138/103 1022/2139/103 1023/2140/103
f 1029/2138/103 1023/2140/103 1024/2141/103
f 1029/2138/103 1024/2141/103 1025/2142/103
f 1029/2138/103 1025/2142/103 1026/2143/103
f 1029/2138/103 1026/2143/103 1027/2144/103
f 1027/2144/103 1028/2145/103 1029/2138/103
f 1031/2146/13 1023/2147/13 1022/2148/717
f 1022/2148/717 1030/2149/717 1031/2146/13
f 1032/2150/720 1024/2151/720 1023/2147/13
f 1023/2147/13 1031/2146/13 1032/2150/720
f 1033/2152/76 1025/2153/76 1024/2151/720
f 1024/2151/720 1032/2150/720 1033/2152/76
f 1034/2154/662 1026/2155/662 1025/2153/76
f 1025/2153/76 1033/2152/76 1034/2154/662
f 1035/2156/52 1027/2157/52 1026/2155/662
f 1026/2155/662 1034/2154/662 1035/2156/52
f 1036/2158/657 1028/2159/657 1027/1545/52
f 1027/1545/52 1035/2160/52 1036/2158/657
f 1037/2161/21 1029/2162/21 1028/2159/657
f 1028/2159/657 1036/2158/657 1037/2161/21
f 1030/2149/717 1022/2148/717 1029/2162/21
f 1029/2162/21 1037/2161/21 1030/2149/717
f 1041/2163/65 1038/2164/65 1039/2165/65
f 1039/2165/65 1040/2166/65 1041/2163/65
f 1043/2167/1003 1041/2168/1003 1040/2169/1004
f 1040/2169/1004 1042/2170/1004 1043/2167/1003
f 1042/2170/1004 1040/2169/1004 1044/2171/1005
f 1044/2171/1005 1045/2172/1006 1042/2170/1004
f 1040/2166/65 1046/2173/65 1047/2174/65
f 1047/2174/65 1044/2175/65 1040/2166/65
f 1040/2166/65 1039/2165/65 1048/2176/65
f 1048/2176/65 1046/2173/65 1040/2166/65
f 1039/2177/1007 1038/2178/1008 1049/2179/1008
f 1049/2179/1008 1050/2180/1007 1039/2177/1007
f 1052/2181/1009 1039/2177/1007 1050/2180/1007
f 1050/2180/1007 1051/2182/1010 1052/2181/1009
f 1053/2183/65 1048/2176/65 1039/2165/65
f 1039/2165/65 1052/2184/65 1053/2183/65
f 1042/2185/103 1050/2186/103 1049/2187/103
f 1049/2187/103 1043/2188/103 1042/2185/103
f 1050/2186/103 1054/2189/103 1055/2190/103
f 1055/2190/103 1051/2191/103 1050/2186/103
f 1056/2192/103 1054/2189/103 1050/2186/103
f 1050/2186/103 1042/2185/103 1056/2192/103
f 1058/2193/103 1057/2194/103 1054/2189/103
f 1054/2189/103 1056/2192/103 1058/2193/103
f 1057/2195/1011 1059/2196/1011 1048/2197/1012
f 1048/2197/1012 1054/2198/1012 1057/2195/1011
f 1048/2197/1012 1053/2199/1013 1055/2200/1013
f 1055/2200/1013 1054/2198/1012 1048/2197/1012
f 1046/2201/1014 1060/2202/1015 1058/2203/1015
f 1058/2203/1015 1056/2204/1014 1046/2201/1014
f 1061/2205/1016 1047/2206/1016 1046/2201/1014
f 1046/2201/1014 1056/2204/1014 1061/2205/1016
f 1061/2207/103 1056/2192/103 1042/2185/103
f 1042/2185/103 1045/2208/103 1061/2207/103
f 1045/2208/103 1062/2209/103 1063/2210/103
f 1063/2210/103 1061/2207/103 1045/2208/103
f 1061/2205/1016 1063/2211/1017 1064/2212/1017
f 1064/2212/1017 1047/2206/1016 1061/2205/1016
f 1066/2213/1017 1065/2214/1017 1064/2212/1017
f 1064/2212/1017 1063/2211/1017 1066/2213/1017
f 1066/2213/1017 1063/2211/1017 1067/2215/1017
f 1063/2216/1018 1062/2217/1019 1067/2218/1020
f 1045/2172/1006 1044/2171/1005 1068/2219/52
f 1068/2219/52 1062/2220/52 1045/2172/1006
f 1067/2218/1020 1062/2217/1019 1069/2221/1021
f 1069/2221/1021 1070/2222/1022 1067/2218/1020
f 1062/2217/1019 1068/2223/1023 1071/2224/1024
f 1062/2217/1019 1071/2224/1024 1072/2225/1025
f 1072/2225/1025 1069/2221/1021 1062/2217/1019
f 1072/2225/1025 1073/2226/1026 1069/2221/1021
f 1074/2227/1027 1070/2222/1022 1069/2221/1021
f 1073/2226/1026 1075/2228/1028 1069/2221/1021
f 1075/2228/1028 1074/2227/1027 1069/2221/1021
f 1077/2229/1029 1076/2230/1030 1074/2231/1030
f 1074/2231/1030 1075/2232/1031 1077/2229/1029
f 1076/2230/1030 1078/2233/1032 1070/2234/1032
f 1070/2234/1032 1074/2231/1030 1076/2230/1030
f 1081/2235/1033 1079/2236/1033 1065/2237/1033
f 1081/2235/1033 1065/2237/1033 1066/2238/1033
f 1081/2235/1033 1066/2238/1033 1078/2239/1033
f 1081/2235/1033 1078/2239/1033 1076/2240/1033
f 1081/2235/1033 1076/2240/1033 1077/2241/1033
f 1077/2241/1033 1080/2242/1033 1081/2235/1033
f 1080/2243/1034 1077/2229/1029 1075/2232/1031
f 1075/2232/1031 1073/2244/1035 1080/2243/1034
f 1081/2245/1036 1080/2243/1034 1073/2244/1035
f 1073/2244/1035 1072/2246/1036 1081/2245/1036
f 1072/2246/1036 1071/2247/1037 1079/2248/1037
f 1079/2248/1037 1081/2245/1036 1072/2246/1036
f 1079/2249/65 1071/2250/65 1082/2251/65
f 1082/2251/65 1065/2252/65 1079/2249/65
f 1064/2212/1017 1065/2214/1017 1082/2253/1017
f 1071/2224/1024 1068/2223/1023 1082/2254/1038
f 1068/2223/1023 1064/2255/1018 1082/2254/1038
f 1067/2256/103 1070/2234/1032 1078/2233/1032
f 1078/2233/1032 1066/2257/103 1067/2256/103
f 1064/2258/65 1068/2259/65 1044/2175/65
f 1044/2175/65 1047/2174/65 1064/2258/65
f 1084/2260/103 1083/2261/103 1057/2194/103
f 1057/2194/103 1058/2193/103 1084/2260/103
f 1060/2202/1015 1085/2262/631 1084/2263/631
f 1084/2263/631 1058/2203/1015 1060/2202/1015
f 1060/2264/65 1059/2265/65 1086/2266/65
f 1086/2266/65 1085/2267/65 1060/2264/65
f 1046/2173/65 1048/2176/65 1059/2265/65
f 1059/2265/65 1060/2264/65 1046/2173/65
f 1083/2268/637 1086/2269/636 1059/2196/1011
f 1059/2196/1011 1057/2195/1011 1083/2268/637
f 1085/2267/65 1086/2266/65 1087/2270/65
f 1088/2271/13 1087/2272/13 1086/2269/636
f 1086/2269/636 1083/2268/637 1088/2271/13
f 1088/2273/103 1083/2261/103 1084/2260/103
f 1085/2262/631 1087/2272/13 1088/2271/13
f 1088/2271/13 1084/2263/631 1085/2262/631
f 1090/2274/103 1089/2275/103 1051/2191/103
f 1051/2191/103 1055/2190/103 1090/2274/103
f 1091/2276/1039 1090/2277/1039 1055/2200/1013
f 1055/2200/1013 1053/2199/1013 1091/2276/1039
f 1091/2276/1039 1092/1111/1039 1093/2108/1039
f 1093/2108/1039 1090/2277/1039 1091/2276/1039
f 1093/2108/1039 1094/2278/1039 1090/2277/1039
f 1090/2279/1040 1094/2280/1041 1089/2281/1042
f 1095/2282/52 1052/2181/1009 1051/2182/1010
f 1051/2182/1010 1089/2283/52 1095/2282/52
f 1097/2284/1043 1089/2281/1042 1094/2280/1041
f 1094/2280/1041 1096/2285/1044 1097/2284/1043
f 1099/2286/1045 1095/2287/1046 1089/2281/1042
f 1099/2286/1045 1089/2281/1042 1097/2284/1043
f 1097/2284/1043 1098/2288/1047 1099/2286/1045
f 1098/2288/1047 1097/2284/1043 1100/2289/1048
f 1101/2290/1049 1097/2284/1043 1096/2285/1044
f 1100/2289/1048 1097/2284/1043 1102/2291/1050
f 1102/2291/1050 1097/2284/1043 1101/2290/1049
f 1101/2292/1051 1103/2293/1051 1104/2294/1052
f 1104/2294/1052 1102/2295/1053 1101/2292/1051
f 1096/2296/1054 1105/2297/1054 1103/2293/1051
f 1103/2293/1051 1101/2292/1051 1096/2296/1054
f 1092/2298/1055 1106/2299/1055 1107/2300/1055
f 1092/2298/1055 1107/2300/1055 1108/2301/1055
f 1092/2298/1055 1108/2301/1055 1104/2302/1055
f 1092/2298/1055 1104/2302/1055 1103/2303/1055
f 1092/2298/1055 1103/2303/1055 1105/2304/1055
f 1105/2304/1055 1093/2305/1055 1092/2298/1055
f 1102/2295/1053 1104/2294/1052 1108/2306/1056
f 1108/2306/1056 1100/2307/1057 1102/2295/1053
f 1100/2307/1057 1108/2306/1056 1107/2308/1058
f 1107/2308/1058 1098/2309/1058 1100/2307/1057
f 1106/2310/1059 1099/2311/1059 1098/2309/1058
f 1098/2309/1058 1107/2308/1058 1106/2310/1059
f 1109/2251/65 1099/2250/65 1106/2312/65
f 1106/2312/65 1092/2313/65 1109/2251/65
f 1091/2276/1039 1109/2314/1039 1092/1111/1039
f 1099/2286/1045 1109/2315/1060 1095/2287/1046
f 1095/2287/1046 1109/2315/1060 1091/2316/1040
f 1105/2297/1054 1096/2296/1054 1094/2317/103
f 1094/2317/103 1093/2318/103 1105/2297/1054
f 1052/2184/65 1095/2319/65 1091/2320/65
f 1091/2320/65 1053/2183/65 1052/2184/65
f 1043/2188/103 1049/2187/103 1110/2321/103
f 1110/2321/103 1111/2322/103 1043/2188/103
f 1038/2178/1008 1112/2323/1061 1110/2324/1061
f 1110/2324/1061 1049/2179/1008 1038/2178/1008
f 1111/2325/1062 1113/2326/1062 1041/2168/1003
f 1041/2168/1003 1043/2167/1003 1111/2325/1062
f 1111/2322/103 1110/2321/103 1114/2327/103
f 1114/2327/103 1115/2328/103 1111/2322/103
f 1115/2329/1063 1116/2330/1063 1113/2326/1062
f 1113/2326/1062 1111/2325/1062 1115/2329/1063
f 1116/2331/65 1117/2332/65 1112/2333/65
f 1112/2333/65 1113/2334/65 1116/2331/65
f 1113/2334/65 1112/2333/65 1038/2164/65
f 1038/2164/65 1041/2163/65 1113/2334/65
f 1112/2323/1061 1117/2335/1064 1114/2336/1064
f 1114/2336/1064 1110/2324/1061 1112/2323/1061
f 1119/2337/65 1118/2338/65 1117/2332/65
f 1117/2332/65 1116/2331/65 1119/2337/65
f 1114/2336/1064 1117/2335/1064 1118/2339/1065
f 1118/2339/1065 1120/2340/1065 1114/2336/1064
f 1115/2328/103 1114/2327/103 1120/2341/103
f 1120/2341/103 1121/2342/103 1115/2328/103
f 1121/2342/103 1120/2341/103 1122/2343/103
f 1122/2343/103 1123/2344/103 1121/2342/103
f 1120/2340/1065 1118/2339/1065 1124/2345/76
f 1124/2345/76 1122/1773/76 1120/2340/1065
f 1125/2346/21 1119/2347/1066 1121/2348/1066
f 1121/2348/1066 1123/2349/21 1125/2346/21
f 1119/2347/1066 1116/2330/1063 1115/2329/1063
f 1115/2329/1063 1121/2348/1066 1119/2347/1066
f 1125/2350/65 1124/2351/65 1118/2338/65
f 1118/2338/65 1119/2337/65 1125/2350/65
f 1125/2352/52 1123/2353/52 1122/2354/52
f 1122/2354/52 1124/2355/52 1125/2352/52
f 1129/2356/1067 1126/2357/1068 1127/2358/132
f 1127/2358/132 1128/2359/1069 1129/2356/1067
f 1131/2360/1070 1126/2361/1070 1129/2362/1070
f 1129/2362/1070 1130/2363/1070 1131/2360/1070
f 1133/2364/1070 1132/2365/1070 1126/2361/1070
f 1126/2361/1070 1131/2360/1070 1133/2364/1070
f 1126/2357/1068 1132/2366/1071 1134/2367/1072
f 1134/2367/1072 1135/2368/1073 1127/2358/132
f 1134/2367/1072 1127/2358/132 1126/2357/1068
f 1137/2369/1074 1127/2358/132 1135/2368/1073
f 1135/2368/1073 1136/2370/1075 1137/2369/1074
f 1127/2358/132 1137/2369/1074 1128/2359/1069
f 1129/2356/1067 1128/2359/1069 1138/2371/1076
f 1138/2371/1076 1139/2372/1077 1129/2356/1067
f 1138/2371/1076 1128/2359/1069 1137/2369/1074
f 1137/2369/1074 1140/2373/1078 1138/2371/1076
f 1142/2374/1079 1141/2375/1080 1138/2376/1080
f 1138/2376/1080 1140/2377/1079 1142/2374/1079
f 1141/1900/1080 1143/2378/1081 1139/2379/1081
f 1139/2379/1081 1138/2380/1080 1141/1900/1080
f 1145/2381/1082 1142/2374/1079 1140/2377/1079
f 1140/2377/1079 1144/2382/1083 1145/2381/1082
f 1140/2373/1078 1137/2369/1074 1146/2383/1084
f 1146/2383/1084 1144/2384/1085 1140/2373/1078
f 1145/2381/1082 1144/2382/1083 1147/2385/1086
f 1147/2385/1086 1148/2386/1087 1145/2381/1082
f 1146/2383/1084 1149/2387/1088 1147/2388/1089
f 1147/2388/1089 1144/2384/1085 1146/2383/1084
f 1146/2383/1084 1137/2369/1074 1136/2370/1075
f 1136/2370/1075 1150/2389/1090 1146/2383/1084
f 1149/2387/1088 1146/2383/1084 1150/2389/1090
f 1150/2389/1090 1151/2390/1091 1149/2387/1088
f 1153/2391/1092 1149/2387/1088 1151/2390/1091
f 1151/2390/1091 1152/2392/1093 1153/2391/1092
f 1149/2387/1088 1153/2391/1092 1154/2393/1094
f 1154/2393/1094 1147/2388/1089 1149/2387/1088
f 1156/2394/1095 1153/2391/1092 1152/2392/1093
f 1152/2392/1093 1155/2395/1096 1156/2394/1095
f 1154/2393/1094 1153/2391/1092 1156/2394/1095
f 1156/2394/1095 1157/2396/1097 1154/2393/1094
f 1154/2397/1098 1157/2398/1099 1158/2399/1100
f 1147/2385/1086 1154/2397/1098 1159/2400/1101
f 1158/2399/1100 1159/2400/1101 1154/2397/1098
f 1170/2401/65 1160/2402/65 1158/2403/65
f 1170/2401/65 1158/2403/65 1161/2404/65
f 1170/2401/65 1161/2404/65 1162/2405/65
f 1170/2401/65 1162/2405/65 1163/2406/65
f 1170/2401/65 1163/2406/65 1164/2407/65
f 1170/2401/65 1164/2407/65 1165/2408/65
f 1170/2401/65 1165/2408/65 1166/2409/65
f 1170/2401/65 1166/2409/65 1167/2410/65
f 1170/2401/65 1167/2410/65 1168/2411/65
f 1168/2411/65 1169/2412/65 1170/2401/65
f 1159/2400/1101 1158/2399/1100 1160/2413/1102
f 1160/2413/1102 1171/2414/1102 1159/2400/1101
f 1157/2398/1099 1161/2415/1103 1158/2399/1100
f 1162/2416/1104 1161/2415/1103 1157/2398/1099
f 1157/2398/1099 1172/2417/1105 1162/2416/1104
f 1172/2417/1105 1173/2418/1106 1163/2419/1106
f 1163/2419/1106 1162/2416/1104 1172/2417/1105
f 1156/2394/1095 1174/2420/1107 1172/2421/1108
f 1172/2421/1108 1157/2396/1097 1156/2394/1095
f 1172/2421/1108 1174/2420/1107 1175/2422/1109
f 1175/2422/1109 1173/2423/1110 1172/2421/1108
f 1177/2424/1111 1173/2423/1110 1175/2422/1109
f 1175/2422/1109 1176/2425/1112 1177/2424/1111
f 1164/2426/1113 1163/2419/1106 1173/2418/1106
f 1173/2418/1106 1177/2427/1114 1164/2426/1113
f 1180/2428/657 1178/2429/657 1179/2430/657
f 1179/2430/657 1177/2431/657 1180/2428/657
f 1177/2432/1114 1179/2433/1115 1165/2434/1115
f 1165/2434/1115 1164/2435/1113 1177/2432/1114
f 1176/2425/1112 1181/2436/1116 1179/2437/1117
f 1179/2437/1117 1177/2424/1111 1176/2425/1112
f 1181/2436/1116 1176/2425/1112 1182/2438/242
f 1176/2425/1112 1175/2422/1109 1182/2438/242
f 1184/2439/1118 1181/2440/1070 1182/2441/1070
f 1182/2441/1070 1183/2442/1070 1184/2439/1118
f 1187/2443/1119 1185/2444/1120 1186/2445/1121
f 1186/2445/1121 1182/2446/242 1187/2443/1119
f 1183/2442/1070 1182/2441/1070 1186/2447/1070
f 1186/2447/1070 1188/2448/1070 1183/2442/1070
f 1182/2438/242 1175/2422/1109 1189/2449/1122
f 1189/2449/1122 1187/2450/1119 1182/2438/242
f 1135/2451/1123 1134/2452/1123 1185/2453/1123
f 1185/2453/1123 1187/2454/1123 1135/2451/1123
f 1187/2454/1123 1189/2455/1123 1136/2456/1123
f 1136/2456/1123 1135/2451/1123 1187/2454/1123
f 1195/2457/1124 1190/2458/1125 1191/2459/1125
f 1195/2457/1124 1191/2459/1125 1192/2460/1126
f 1195/2457/1124 1192/2460/1126 1136/2461/1127
f 1195/2457/1124 1136/2461/1127 1189/2462/1128
f 1195/2457/1124 1189/2462/1128 1193/2463/1125
f 1193/2463/1125 1194/2464/1126 1195/2457/1124
f 1175/2422/1109 1174/2420/1107 1196/2465/1129
f 1196/2465/1129 1189/2449/1122 1175/2422/1109
f 1196/2465/1129 1193/2466/1130 1189/2449/1122
f 1194/2467/1131 1193/2466/1130 1196/2465/1129
f 1196/2465/1129 1197/2468/1132 1194/2467/1131
f 1195/2469/1133 1194/2467/1131 1197/2468/1132
f 1197/2468/1132 1198/2470/1134 1195/2469/1133
f 1202/2471/1135 1190/2472/1136 1195/2473/1133
f 1202/2471/1135 1195/2473/1133 1198/2474/1134
f 1202/2471/1135 1198/2474/1134 1199/2475/1137
f 1202/2471/1135 1199/2475/1137 1200/2476/1138
f 1200/2476/1138 1201/2477/1139 1202/2471/1135
f 1202/2478/1135 1203/2479/1140 1191/2480/1141
f 1191/2480/1141 1190/2481/1136 1202/2478/1135
f 1201/2482/1139 1204/2483/1142 1203/2479/1140
f 1203/2479/1140 1202/2478/1135 1201/2482/1139
f 1200/2484/1138 1205/2485/1143 1204/2483/1142
f 1204/2483/1142 1201/2482/1139 1200/2484/1138
f 1199/2486/1137 1206/2487/1144 1205/2485/1143
f 1205/2485/1143 1200/2484/1138 1199/2486/1137
f 1198/2470/1134 1197/2468/1132 1206/2487/1144
f 1206/2487/1144 1199/2486/1137 1198/2470/1134
f 1197/2468/1132 1196/2465/1129 1155/2395/1096
f 1155/2395/1096 1206/2487/1144 1197/2468/1132
f 1206/2487/1144 1155/2395/1096 1152/2392/1093
f 1152/2392/1093 1205/2485/1143 1206/2487/1144
f 1174/2420/1107 1156/2394/1095 1155/2395/1096
f 1155/2395/1096 1196/2465/1129 1174/2420/1107
f 1205/2485/1143 1152/2392/1093 1151/2390/1091
f 1151/2390/1091 1204/2483/1142 1205/2485/1143
f 1204/2483/1142 1151/2390/1091 1150/2389/1090
f 1150/2389/1090 1203/2479/1140 1204/2483/1142
f 1203/2479/1140 1150/2389/1090 1192/2488/1145
f 1192/2488/1145 1191/2480/1141 1203/2479/1140
f 1136/2370/1075 1192/2488/1145 1150/2389/1090
f 1208/2489/1146 1186/2445/1121 1185/2444/1120
f 1185/2444/1120 1207/2490/1147 1208/2489/1146
f 1185/2444/1120 1209/2491/1148 1207/2490/1147
f 1209/2492/1149 1185/2493/1149 1134/2494/1149
f 1209/2492/1149 1134/2494/1149 1210/2495/1149
f 1209/2492/1149 1210/2495/1149 1211/2496/1149
f 1209/2492/1149 1211/2496/1149 1212/2497/1149
f 1209/2492/1149 1212/2497/1149 1213/2498/1149
f 1213/2498/1149 1214/2499/1149 1209/2492/1149
f 1215/2500/1150 1207/2490/1147 1209/2491/1148
f 1209/2491/1148 1214/2501/1151 1215/2500/1150
f 1216/2502/1152 1215/2500/1150 1214/2501/1151
f 1214/2501/1151 1213/2503/1153 1216/2502/1152
f 1220/2504/1154 1216/2505/1152 1213/2506/1153
f 1220/2504/1154 1213/2506/1153 1212/2507/1155
f 1220/2504/1154 1212/2507/1155 1217/2508/1156
f 1220/2504/1154 1217/2508/1156 1218/2509/1157
f 1218/2509/1157 1219/2510/1158 1220/2504/1154
f 1212/2511/1155 1211/2512/1159 1221/2513/1160
f 1221/2513/1160 1217/2514/1156 1212/2511/1155
f 1217/2514/1156 1221/2513/1160 1222/2515/1161
f 1222/2515/1161 1218/2516/1157 1217/2514/1156
f 1218/2516/1157 1222/2515/1161 1223/2517/1162
f 1223/2517/1162 1219/2518/1158 1218/2516/1157
f 1219/2518/1158 1223/2517/1162 1224/2519/1163
f 1224/2519/1163 1220/2520/1154 1219/2518/1158
f 1220/2520/1154 1224/2519/1163 1215/2500/1150
f 1215/2500/1150 1216/2502/1152 1220/2520/1154
f 1223/2517/1162 1225/2521/1164 1226/2522/1165
f 1226/2522/1165 1224/2519/1163 1223/2517/1162
f 1224/2519/1163 1226/2522/1165 1207/2490/1147
f 1207/2490/1147 1215/2500/1150 1224/2519/1163
f 1228/2523/1166 1227/2524/1167 1226/2522/1165
f 1226/2522/1165 1225/2521/1164 1228/2523/1166
f 1207/2490/1147 1226/2522/1165 1227/2524/1167
f 1227/2524/1167 1208/2489/1146 1207/2490/1147
f 1188/2448/1070 1208/2525/1070 1227/2526/1118
f 1227/2526/1118 1229/2527/1118 1188/2448/1070
f 1229/2527/1118 1227/2526/1118 1228/2528/1118
f 1228/2528/1118 1230/2529/1070 1229/2527/1118
f 1232/2530/1168 1229/2531/1169 1230/2532/1170
f 1230/2532/1170 1231/2533/1170 1232/2530/1168
f 1233/2534/1171 1188/2535/1172 1229/2531/1169
f 1229/2531/1169 1232/2530/1168 1233/2534/1171
f 1235/2536/13 1232/2537/13 1231/2538/13
f 1231/2538/13 1234/2539/13 1235/2536/13
f 1236/2540/13 1233/2541/13 1232/2537/13
f 1232/2537/13 1235/2536/13 1236/2540/13
f 1238/2542/1173 1235/2543/1173 1234/2544/1174
f 1234/2544/1174 1237/2545/1174 1238/2542/1173
f 1239/2546/1175 1236/2547/1175 1235/2543/1173
f 1235/2543/1173 1238/2542/1173 1239/2546/1175
f 1239/2548/52 1238/2549/52 1237/2550/52
f 1239/2548/52 1237/2550/52 1240/2551/52
f 1239/2548/52 1240/2551/52 1241/2552/52
f 1239/2548/52 1241/2552/52 1242/2553/52
f 1239/2548/52 1242/2553/52 1243/2554/52
f 1239/2548/52 1243/2554/52 1244/2555/52
f 1239/2548/52 1244/2555/52 1245/2556/52
f 1239/2548/52 1245/2556/52 1246/2557/52
f 1239/2548/52 1246/2557/52 1247/2558/52
f 1247/2558/52 1248/2559/52 1239/2548/52
f 1248/2560/1176 1249/2561/1177 1236/2547/1175
f 1236/2547/1175 1239/2546/1175 1248/2560/1176
f 1247/2562/1178 1250/2563/1178 1249/2561/1177
f 1249/2561/1177 1248/2560/1176 1247/2562/1178
f 1250/2564/13 1251/2565/13 1252/2566/13
f 1252/2566/13 1249/2567/13 1250/2564/13
f 1249/2567/13 1252/2566/13 1233/2541/13
f 1233/2541/13 1236/2540/13 1249/2567/13
f 1251/2568/1179 1184/2569/1179 1183/2570/1180
f 1183/2570/1180 1252/2571/1181 1251/2568/1179
f 1252/2572/1181 1183/2573/1180 1188/2535/1172
f 1188/2535/1172 1233/2534/1171 1252/2572/1181
f 1254/2574/13 1253/2575/13 1251/2565/13
f 1251/2565/13 1250/2564/13 1254/2574/13
f 1253/2576/1182 1255/2577/1183 1184/2569/1179
f 1184/2569/1179 1251/2568/1179 1253/2576/1182
f 1255/2578/1070 1256/2579/1070 1181/2440/1070
f 1181/2440/1070 1184/2439/1118 1255/2578/1070
f 1258/2580/1184 1257/2581/1185 1255/2577/1183
f 1255/2577/1183 1253/2576/1182 1258/2580/1184
f 1257/2582/1070 1259/2583/1070 1260/2584/1070
f 1260/2584/1070 1255/2578/1070 1257/2582/1070
f 1260/2584/1070 1256/2579/1070 1255/2578/1070
f 1260/2585/1186 1259/2586/1187 1261/2587/1188
f 1261/2587/1188 1262/2588/1189 1260/2585/1186
f 1179/2437/1117 1256/2589/1190 1260/2585/1186
f 1260/2585/1186 1262/2588/1189 1179/2437/1117
f 1179/2433/1115 1262/2590/1191 1166/2591/1192
f 1166/2591/1192 1165/2434/1115 1179/2433/1115
f 1261/2592/1193 1167/2593/1194 1262/2590/1191
f 1167/2593/1194 1166/2591/1192 1262/2590/1191
f 1264/2594/1195 1263/2595/1196 1168/2596/1196
f 1168/2596/1196 1167/2593/1194 1264/2594/1195
f 1264/2594/1195 1167/2593/1194 1261/2592/1193
f 1148/2597/103 1159/2598/103 1171/2599/103
f 1148/2597/103 1171/2599/103 1265/2600/103
f 1148/2597/103 1265/2600/103 1266/2601/103
f 1148/2597/103 1266/2601/103 1263/2602/103
f 1148/2597/103 1263/2602/103 1264/2603/103
f 1148/2597/103 1264/2603/103 1267/2604/103
f 1148/2597/103 1267/2604/103 1143/2605/103
f 1148/2597/103 1143/2605/103 1141/2606/103
f 1148/2597/103 1141/2606/103 1142/2607/103
f 1142/2607/103 1145/2608/103 1148/2597/103
f 1264/2594/1195 1268/2609/1197 1267/2610/1198
f 1264/2594/1195 1261/2592/1193 1268/2609/1197
f 1259/2586/1187 1269/2611/1199 1268/2612/1200
f 1268/2612/1200 1261/2587/1188 1259/2586/1187
f 1269/2611/1199 1270/2613/1201 1139/2372/1077
f 1139/2372/1077 1268/2612/1200 1269/2611/1199
f 1143/2378/1081 1267/2610/1198 1268/2609/1197
f 1268/2609/1197 1139/2379/1081 1143/2378/1081
f 1130/2363/1070 1270/2614/1070 1269/2615/1070
f 1269/2615/1070 1271/2616/1070 1130/2363/1070
f 1271/2616/1070 1269/2615/1070 1259/2583/1070
f 1259/2583/1070 1257/2582/1070 1271/2616/1070
f 1272/2617/1202 1271/2618/1203 1257/2581/1185
f 1257/2581/1185 1258/2580/1184 1272/2617/1202
f 1273/2619/1204 1130/2620/1204 1271/2618/1203
f 1271/2618/1203 1272/2617/1202 1273/2619/1204
f 1275/2621/13 1272/2622/13 1258/2623/13
f 1258/2623/13 1274/2624/13 1275/2621/13
f 1276/2625/13 1273/2626/13 1272/2622/13
f 1272/2622/13 1275/2621/13 1276/2625/13
f 1244/2627/1205 1275/2628/1205 1274/2629/1206
f 1274/2629/1206 1245/2630/1206 1244/2627/1205
f 1243/2631/1207 1276/2632/1207 1275/2628/1205
f 1275/2628/1205 1244/2627/1205 1243/2631/1207
f 1242/2633/1208 1277/2634/1208 1276/2632/1207
f 1276/2632/1207 1243/2631/1207 1242/2633/1208
f 1241/2635/1209 1278/2636/1209 1277/2634/1208
f 1277/2634/1208 1242/2633/1208 1241/2635/1209
f 1277/2637/13 1279/2638/13 1273/2626/13
f 1273/2626/13 1276/2625/13 1277/2637/13
f 1278/2639/13 1280/2640/13 1279/2638/13
f 1279/2638/13 1277/2637/13 1278/2639/13
f 1279/2641/1210 1131/2642/1211 1130/2620/1204
f 1130/2620/1204 1273/2619/1204 1279/2641/1210
f 1280/2643/1212 1133/2644/1213 1131/2642/1211
f 1131/2642/1211 1279/2641/1210 1280/2643/1212
f 1282/2645/13 1281/2646/13 1280/2640/13
f 1280/2640/13 1278/2639/13 1282/2645/13
f 1281/2647/1214 1283/2648/1215 1133/2644/1213
f 1133/2644/1213 1280/2643/1212 1281/2647/1214
f 1283/2649/1118 1284/2650/1070 1132/2365/1070
f 1132/2365/1070 1133/2364/1070 1283/2649/1118
f 1285/2651/1118 1284/2650/1070 1283/2649/1118
f 1231/2533/1170 1230/2532/1170 1283/2648/1215
f 1283/2648/1215 1281/2647/1214 1231/2533/1170
f 1230/2529/1070 1228/2528/1118 1285/2651/1118
f 1285/2651/1118 1283/2649/1118 1230/2529/1070
f 1285/2652/1216 1228/2523/1166 1225/2521/1164
f 1225/2521/1164 1286/2653/1217 1285/2652/1216
f 1284/2654/1218 1285/2652/1216 1286/2653/1217
f 1286/2653/1217 1287/2655/1219 1284/2654/1218
f 1221/2513/1160 1287/2655/1219 1286/2653/1217
f 1286/2653/1217 1222/2515/1161 1221/2513/1160
f 1222/2515/1161 1286/2653/1217 1225/2521/1164
f 1225/2521/1164 1223/2517/1162 1222/2515/1161
f 1132/2366/1071 1284/2654/1218 1287/2655/1219
f 1287/2655/1219 1134/2367/1072 1132/2366/1071
f 1287/2655/1219 1210/2656/1220 1134/2367/1072
f 1211/2512/1159 1210/2656/1220 1287/2655/1219
f 1287/2655/1219 1221/2513/1160 1211/2512/1159
f 1234/2539/13 1231/2538/13 1281/2646/13
f 1281/2646/13 1282/2645/13 1234/2539/13
f 1237/2657/1174 1234/2658/1174 1282/2659/1221
f 1282/2659/1221 1240/2660/1222 1237/2657/1174
f 1240/2660/1222 1282/2659/1221 1278/2636/1209
f 1278/2636/1209 1241/2635/1209 1240/2660/1222
f 1245/2630/1206 1274/2629/1206 1254/2661/1223
f 1254/2661/1223 1246/2662/1223 1245/2630/1206
f 1246/2662/1223 1254/2661/1223 1250/2563/1178
f 1250/2563/1178 1247/2562/1178 1246/2662/1223
f 1274/2624/13 1258/2623/13 1253/2575/13
f 1253/2575/13 1254/2574/13 1274/2624/13
f 1129/2362/1070 1270/2614/1070 1130/2363/1070
f 1270/2613/1201 1129/2356/1067 1139/2372/1077
f 1263/2595/1196 1266/2663/76 1169/2664/76
f 1169/2664/76 1168/2596/1196 1263/2595/1196
f 1266/2663/76 1265/2665/1224 1170/2666/1224
f 1170/2666/1224 1169/2664/76 1266/2663/76
f 1265/2665/1224 1171/2414/1102 1160/2413/1102
f 1160/2413/1102 1170/2666/1224 1265/2665/1224
f 1181/2436/1116 1256/2589/1190 1179/2437/1117
f 1186/2447/1070 1208/2525/1070 1188/2448/1070
f 1289/2667/657 1288/2668/657 1178/2429/657
f 1178/2429/657 1180/2428/657 1289/2667/657
f 1291/2669/657 1290/2670/657 1288/2668/657
f 1288/2668/657 1289/2667/657 1291/2669/657
f 1159/2400/1101 1148/2386/1087 1147/2385/1086
f 1303/2671/1225 1292/2672/1225 1293/2673/1225
f 1303/2671/1225 1293/2673/1225 1294/2674/1225
f 1303/2671/1225 1294/2674/1225 1295/2675/1225
f 1303/2671/1225 1295/2675/1225 1296/2676/1225
f 1303/2671/1225 1296/2676/1225 1297/2677/1225
f 1303/2671/1225 1297/2677/1225 1298/2678/1225
f 1303/2671/1225 1298/2678/1225 1299/2679/1225
f 1303/2671/1225 1299/2679/1225 1300/2680/1225
f 1303/2671/1225 1300/2680/1225 1301/2681/1225
f 1301/2681/1225 1302/2682/1225 1303/2671/1225
f 1293/2683/1226 1292/2684/103 1304/2685/103
f 1304/2685/103 1305/2686/1227 1293/2683/1226
f 1292/2684/103 1303/2687/1228 1306/2688/1229
f 1306/2688/1229 1304/2685/103 1292/2684/103
f 1303/2687/1228 1302/2689/1230 1307/2690/1230
f 1307/2690/1230 1306/2688/1229 1303/2687/1228
f 1315/2691/1231 1305/2692/1232 1304/2693/1231
f 1315/2691/1231 1304/2693/1231 1306/2694/1231
f 1315/2691/1231 1306/2694/1231 1307/2695/1231
f 1315/2691/1231 1307/2695/1231 1308/2696/1231
f 1315/2691/1231 1308/2696/1231 1309/2697/1231
f 1315/2691/1231 1309/2697/1231 1310/2698/1231
f 1315/2691/1231 1310/2698/1231 1311/2699/1231
f 1315/2691/1231 1311/2699/1231 1312/2700/1231
f 1315/2691/1231 1312/2700/1231 1313/2701/1231
f 1313/2701/1231 1314/2702/1231 1315/2691/1231
f 1302/2689/1230 1301/2703/1233 1308/2704/1233
f 1308/2704/1233 1307/2690/1230 1302/2689/1230
f 1301/2703/1233 1300/2705/1234 1309/2706/1234
f 1309/2706/1234 1308/2704/1233 1301/2703/1233
f 1300/2705/1234 1299/2707/1235 1310/2708/1236
f 1310/2708/1236 1309/2706/1234 1300/2705/1234
f 1299/2707/1235 1298/2709/65 1311/2710/65
f 1311/2710/65 1310/2708/1236 1299/2707/1235
f 1298/2711/65 1297/2712/1237 1312/2713/1238
f 1312/2713/1238 1311/2714/65 1298/2711/65
f 1297/2712/1237 1296/2715/1239 1313/2716/1239
f 1313/2716/1239 1312/2713/1238 1297/2712/1237
f 1296/2715/1239 1295/2717/1240 1314/2718/1240
f 1314/2718/1240 1313/2716/1239 1296/2715/1239
f 1295/2717/1240 1294/2719/1241 1315/2720/1241
f 1315/2720/1241 1314/2718/1240 1295/2717/1240
f 1294/2719/1241 1293/2683/1226 1305/2686/1227
f 1305/2686/1227 1315/2720/1241 1294/2719/1241
f 1319/2721/1225 1316/2722/1225 1317/2723/1225
f 1317/2723/1225 1318/2724/1225 1319/2721/1225
f 1317/2725/1242 1316/2726/103 1320/2727/1243
f 1320/2727/1243 1321/2728/1244 1317/2725/1242
f 1316/2726/103 1322/2729/1245 1323/2730/1246
f 1323/2730/1246 1320/2727/1243 1316/2726/103
f 1324/2731/1225 1322/2732/1225 1316/2722/1225
f 1316/2722/1225 1319/2721/1225 1324/2731/1225
f 1326/2733/103 1319/2734/103 1318/2735/1247
f 1318/2735/1247 1325/2736/1247 1326/2733/103
f 1327/2737/1248 1324/2738/1248 1319/2734/103
f 1319/2734/103 1326/2733/103 1327/2737/1248
f 1329/2739/1249 1328/2740/1249 1324/2738/1248
f 1324/2738/1248 1327/2737/1248 1329/2739/1249
f 1328/2741/1225 1330/2742/1225 1331/2743/1225
f 1331/2743/1225 1324/2731/1225 1328/2741/1225
f 1331/2743/1225 1322/2732/1225 1324/2731/1225
f 1333/2744/1250 1332/2745/1250 1328/2740/1249
f 1328/2740/1249 1329/2739/1249 1333/2744/1250
f 1335/2746/65 1334/2747/65 1332/2745/1250
f 1332/2745/1250 1333/2744/1250 1335/2746/65
f 1334/2748/1225 1336/2749/1225 1337/2750/1225
f 1337/2750/1225 1332/2751/1225 1334/2748/1225
f 1337/2750/1225 1338/2752/1225 1332/2751/1225
f 1332/2751/1225 1338/2752/1225 1330/2742/1225
f 1330/2742/1225 1328/2741/1225 1332/2751/1225
f 1338/2753/1251 1337/2754/1252 1339/2755/1253
f 1339/2755/1253 1340/2756/1254 1338/2753/1251
f 1330/2757/1255 1338/2753/1251 1340/2756/1254
f 1340/2756/1254 1341/2758/1255 1330/2757/1255
f 1331/2759/1256 1330/2757/1255 1341/2758/1255
f 1341/2758/1255 1342/2760/1257 1331/2759/1256
f 1347/2761/1231 1321/2762/1231 1320/2763/1231
f 1347/2761/1231 1320/2763/1231 1323/2764/1231
f 1347/2761/1231 1323/2764/1231 1342/2765/1231
f 1347/2761/1231 1342/2765/1231 1341/2766/1231
f 1347/2761/1231 1341/2766/1231 1340/2767/1231
f 1347/2761/1231 1340/2767/1231 1339/2768/1231
f 1347/2761/1231 1339/2768/1231 1343/2769/1231
f 1347/2761/1231 1343/2769/1231 1344/2770/1231
f 1347/2761/1231 1344/2770/1231 1345/2771/1231
f 1345/2771/1231 1346/2772/1232 1347/2761/1231
f 1322/2729/1245 1331/2759/1256 1342/2760/1257
f 1342/2760/1257 1323/2730/1246 1322/2729/1245
f 1337/2754/1252 1336/2773/1258 1343/2774/1259
f 1343/2774/1259 1339/2755/1253 1337/2754/1252
f 1336/2775/1258 1348/2776/1260 1344/2777/1261
f 1344/2777/1261 1343/2778/1259 1336/2775/1258
f 1349/2779/1225 1348/2780/1225 1336/2749/1225
f 1336/2749/1225 1334/2748/1225 1349/2779/1225
f 1350/2770/1225 1348/2780/1225 1349/2779/1225
f 1348/2776/1260 1350/2781/1262 1345/2782/1263
f 1345/2782/1263 1344/2777/1261 1348/2776/1260
f 1353/2783/1264 1351/2784/1264 1349/2785/1265
f 1349/2785/1265 1352/2786/1265 1353/2783/1264
f 1351/2787/1225 1354/2771/1225 1350/2770/1225
f 1350/2770/1225 1349/2779/1225 1351/2787/1225
f 1352/2786/1265 1349/2785/1265 1334/2747/65
f 1334/2747/65 1335/2746/65 1352/2786/1265
f 1325/2736/1247 1318/2735/1247 1351/2784/1264
f 1351/2784/1264 1353/2783/1264 1325/2736/1247
f 1318/2724/1225 1355/2788/1225 1354/2771/1225
f 1354/2771/1225 1351/2787/1225 1318/2724/1225
f 1354/2789/1266 1355/2790/1267 1347/2791/1268
f 1347/2791/1268 1346/2792/1266 1354/2789/1266
f 1350/2781/1262 1354/2789/1266 1346/2792/1266
f 1346/2792/1266 1345/2782/1263 1350/2781/1262
f 1355/2790/1267 1317/2725/1242 1321/2728/1244
f 1321/2728/1244 1347/2791/1268 1355/2790/1267
f 1317/2723/1225 1355/2788/1225 1318/2724/1225
f 1359/2793/1269 1356/2794/1270 1357/2795/1271
f 1357/2795/1271 1358/2796/1272 1359/2793/1269
f 1357/2797/1273 1356/2798/1273 1360/2799/1273
f 1360/2799/1273 1361/2800/1273 1357/2797/1273
f 1356/2798/1273 1362/2801/1273 1363/2802/1273
f 1363/2802/1273 1360/2799/1273 1356/2798/1273
f 1365/2803/1274 1362/2804/1275 1356/2794/1270
f 1365/2803/1274 1356/2794/1270 1359/2793/1269
f 1359/2793/1269 1364/2805/1276 1365/2803/1274
f 1364/2805/1276 1359/2793/1269 1366/2806/1277
f 1366/2806/1277 1367/2807/1278 1364/2805/1276
f 1359/2793/1269 1358/2796/1272 1366/2806/1277
f 1369/2808/1279 1358/2796/1272 1357/2795/1271
f 1357/2795/1271 1368/2809/1280 1369/2808/1279
f 1366/2806/1277 1358/2796/1272 1369/2808/1279
f 1369/2808/1279 1370/2810/1281 1366/2806/1277
f 1369/2811/1282 1371/2812/1282 1372/2355/1283
f 1372/2355/1283 1370/2813/1283 1369/2811/1282
f 1368/2814/1284 1373/2815/1284 1371/2812/1282
f 1371/2812/1282 1369/2811/1282 1368/2814/1284
f 1370/2816/1283 1372/2817/1283 1374/2818/1285
f 1374/2818/1285 1375/2819/1286 1370/2816/1283
f 1376/2820/1287 1366/2806/1277 1370/2810/1281
f 1370/2810/1281 1375/2821/1288 1376/2820/1287
f 1378/2822/1289 1375/2819/1286 1374/2818/1285
f 1374/2818/1285 1377/2823/1290 1378/2822/1289
f 1378/2824/1291 1379/2825/1292 1376/2820/1287
f 1376/2820/1287 1375/2821/1288 1378/2824/1291
f 1367/2807/1278 1366/2806/1277 1376/2820/1287
f 1376/2820/1287 1380/2826/1293 1367/2807/1278
f 1380/2826/1293 1376/2820/1287 1379/2825/1292
f 1379/2825/1292 1381/2827/1294 1380/2826/1293
f 1381/2827/1294 1379/2825/1292 1382/2828/1295
f 1382/2828/1295 1383/2829/1296 1381/2827/1294
f 1384/2830/1297 1382/2828/1295 1379/2825/1292
f 1379/2825/1292 1378/2824/1291 1384/2830/1297
f 1383/2829/1296 1382/2828/1295 1385/2831/1298
f 1385/2831/1298 1386/2832/1299 1383/2829/1296
f 1385/2831/1298 1382/2828/1295 1384/2830/1297
f 1384/2830/1297 1387/2833/1300 1385/2831/1298
f 1384/2834/1301 1388/2835/1302 1387/2836/1303
f 1378/2822/1289 1389/2837/1304 1384/2834/1301
f 1388/2835/1302 1384/2834/1301 1389/2837/1304
f 1388/2838/65 1390/2839/65 1391/2840/65
f 1388/2838/65 1391/2840/65 1392/2841/65
f 1388/2838/65 1392/2841/65 1393/2842/65
f 1388/2838/65 1393/2842/65 1394/2843/65
f 1388/2838/65 1394/2843/65 1395/2844/65
f 1388/2838/65 1395/2844/65 1396/2845/65
f 1388/2838/65 1396/2845/65 1397/2846/65
f 1388/2838/65 1397/2846/65 1398/2847/65
f 1388/2838/65 1398/2847/65 1399/2848/65
f 1399/2848/65 1400/2849/65 1388/2838/65
f 1390/2850/1305 1388/2835/1302 1389/2837/1304
f 1389/2837/1304 1401/2851/1305 1390/2850/1305
f 1387/2836/1303 1388/2835/1302 1400/2852/1306
f 1387/2836/1303 1400/2852/1306 1399/2853/1307
f 1399/2853/1307 1402/2854/1308 1387/2836/1303
f 1398/1310/1309 1403/2855/1309 1402/2854/1308
f 1402/2854/1308 1399/2853/1307 1398/1310/1309
f 1402/2856/1310 1404/2857/1311 1385/2831/1298
f 1385/2831/1298 1387/2833/1300 1402/2856/1310
f 1405/2858/1312 1404/2857/1311 1402/2856/1310
f 1402/2856/1310 1403/2859/1313 1405/2858/1312
f 1405/2858/1312 1403/2859/1313 1406/2860/1314
f 1406/2860/1314 1407/2861/1315 1405/2858/1312
f 1403/2862/1309 1398/2863/1309 1397/2864/1316
f 1397/2864/1316 1406/2865/1316 1403/2862/1309
f 1410/2866/662 1408/2867/662 1409/2868/662
f 1409/2868/662 1406/1948/662 1410/2866/662
f 1396/2869/1317 1410/2870/1317 1406/2865/1316
f 1406/2865/1316 1397/2864/1316 1396/2869/1317
f 1410/2871/1318 1411/2872/1319 1407/2861/1315
f 1407/2861/1315 1406/2860/1314 1410/2871/1318
f 1411/2872/1319 1412/2873/65 1407/2861/1315
f 1407/2861/1315 1412/2873/65 1405/2858/1312
f 1412/2874/1273 1411/2875/1273 1413/2876/1320
f 1413/2876/1320 1414/2877/1273 1412/2874/1273
f 1417/2878/1321 1415/2879/1322 1416/2880/1323
f 1416/2880/1323 1412/2881/65 1417/2878/1321
f 1417/2882/1273 1412/2874/1273 1414/2877/1273
f 1414/2877/1273 1418/2883/1273 1417/2882/1273
f 1419/2884/1324 1405/2858/1312 1412/2873/65
f 1412/2873/65 1416/2885/1323 1419/2884/1324
f 1415/2886/1325 1365/2887/1325 1364/2888/1325
f 1364/2888/1325 1416/2889/1325 1415/2886/1325
f 1367/2890/1325 1419/2891/1325 1416/2889/1325
f 1416/2889/1325 1364/2888/1325 1367/2890/1325
f 1425/2892/1326 1420/2893/1327 1421/2894/1328
f 1425/2892/1326 1421/2894/1328 1422/2895/1328
f 1425/2892/1326 1422/2895/1328 1423/2896/1327
f 1425/2892/1326 1423/2896/1327 1419/2897/1329
f 1425/2892/1326 1419/2897/1329 1367/2898/1330
f 1367/2898/1330 1424/2899/1328 1425/2892/1326
f 1426/2900/1331 1404/2857/1311 1405/2858/1312
f 1405/2858/1312 1419/2884/1324 1426/2900/1331
f 1426/2900/1331 1419/2884/1324 1423/2901/1332
f 1426/2900/1331 1423/2901/1332 1422/2902/1333
f 1422/2902/1333 1427/2903/1334 1426/2900/1331
f 1427/2903/1334 1422/2902/1333 1421/2904/1335
f 1421/2904/1335 1428/2905/1336 1427/2903/1334
f 1421/2473/1335 1420/2906/1337 1429/2907/1338
f 1421/2473/1335 1429/2907/1338 1430/2908/1339
f 1421/2473/1335 1430/2908/1339 1431/2909/1340
f 1421/2473/1335 1431/2909/1340 1432/2910/1341
f 1432/2910/1341 1428/2911/1336 1421/2473/1335
f 1425/2912/1342 1433/2913/1343 1429/2914/1338
f 1429/2914/1338 1420/2915/1337 1425/2912/1342
f 1433/2913/1343 1434/2916/1344 1430/2917/1339
f 1430/2917/1339 1429/2914/1338 1433/2913/1343
f 1434/2916/1344 1435/2918/1345 1431/2919/1340
f 1431/2919/1340 1430/2917/1339 1434/2916/1344
f 1435/2918/1345 1436/2920/1346 1432/2921/1341
f 1432/2921/1341 1431/2919/1340 1435/2918/1345
f 1436/2920/1346 1427/2903/1334 1428/2905/1336
f 1428/2905/1336 1432/2921/1341 1436/2920/1346
f 1386/2832/1299 1426/2900/1331 1427/2903/1334
f 1427/2903/1334 1436/2920/1346 1386/2832/1299
f 1383/2829/1296 1386/2832/1299 1436/2920/1346
f 1436/2920/1346 1435/2918/1345 1383/2829/1296
f 1386/2832/1299 1385/2831/1298 1404/2857/1311
f 1404/2857/1311 1426/2900/1331 1386/2832/1299
f 1381/2827/1294 1383/2829/1296 1435/2918/1345
f 1435/2918/1345 1434/2916/1344 1381/2827/1294
f 1380/2826/1293 1381/2827/1294 1434/2916/1344
f 1434/2916/1344 1433/2913/1343 1380/2826/1293
f 1424/2922/1347 1380/2826/1293 1433/2913/1343
f 1433/2913/1343 1425/2912/1342 1424/2922/1347
f 1367/2807/1278 1380/2826/1293 1424/2922/1347
f 1415/2879/1322 1417/2878/1321 1437/2923/1348
f 1437/2923/1348 1438/2924/1349 1415/2879/1322
f 1415/2879/1322 1438/2924/1349 1439/2925/1350
f 1365/2926/1351 1415/2927/1351 1439/2928/1351
f 1365/2926/1351 1439/2928/1351 1440/2929/1351
f 1365/2926/1351 1440/2929/1351 1441/2930/1351
f 1365/2926/1351 1441/2930/1351 1442/2931/1351
f 1365/2926/1351 1442/2931/1351 1443/2932/1351
f 1443/2932/1351 1444/2933/1351 1365/2926/1351
f 1439/2925/1350 1438/2924/1349 1445/2934/1352
f 1445/2934/1352 1440/2935/1353 1439/2925/1350
f 1440/2935/1353 1445/2934/1352 1446/2936/1354
f 1446/2936/1354 1441/2937/1355 1440/2935/1353
f 1441/2938/1355 1446/2939/1354 1447/2940/1356
f 1441/2938/1355 1447/2940/1356 1448/2941/1357
f 1441/2938/1355 1448/2941/1357 1449/2942/1358
f 1441/2938/1355 1449/2942/1358 1450/2943/1359
f 1450/2943/1359 1442/2944/1360 1441/2938/1355
f 1451/2945/1361 1443/2946/1362 1442/2947/1360
f 1442/2947/1360 1450/2948/1359 1451/2945/1361
f 1452/2949/1363 1451/2945/1361 1450/2948/1359
f 1450/2948/1359 1449/2950/1358 1452/2949/1363
f 1453/2951/1364 1452/2949/1363 1449/2950/1358
f 1449/2950/1358 1448/2952/1357 1453/2951/1364
f 1454/2953/1365 1453/2951/1364 1448/2952/1357
f 1448/2952/1357 1447/2954/1356 1454/2953/1365
f 1445/2934/1352 1454/2953/1365 1447/2954/1356
f 1447/2954/1356 1446/2936/1354 1445/2934/1352
f 1456/2955/1366 1455/2956/1367 1453/2951/1364
f 1453/2951/1364 1454/2953/1365 1456/2955/1366
f 1438/2924/1349 1456/2955/1366 1454/2953/1365
f 1454/2953/1365 1445/2934/1352 1438/2924/1349
f 1456/2955/1366 1457/2957/1368 1458/2958/1369
f 1458/2958/1369 1455/2956/1367 1456/2955/1366
f 1457/2957/1368 1456/2955/1366 1438/2924/1349
f 1438/2924/1349 1437/2923/1348 1457/2957/1368
f 1457/2959/1320 1437/2960/1273 1418/2883/1273
f 1418/2883/1273 1459/2961/1320 1457/2959/1320
f 1458/2962/1320 1457/2959/1320 1459/2961/1320
f 1459/2961/1320 1460/2963/1273 1458/2962/1320
f 1460/2964/1370 1459/2965/1371 1461/2966/1372
f 1461/2966/1372 1462/2967/1373 1460/2964/1370
f 1459/2965/1371 1418/2968/1374 1463/2969/1375
f 1463/2969/1375 1461/2966/1372 1459/2965/1371
f 1462/2970/13 1461/2971/13 1464/2972/13
f 1464/2972/13 1465/2973/13 1462/2970/13
f 1461/2971/13 1463/2974/13 1466/2975/13
f 1466/2975/13 1464/2972/13 1461/2971/13
f 1465/2976/1376 1464/2977/1377 1467/2978/1377
f 1467/2978/1377 1468/2658/1376 1465/2976/1376
f 1464/2977/1377 1466/2979/1378 1469/2980/1378
f 1469/2980/1378 1467/2978/1377 1464/2977/1377
f 1468/2981/52 1467/2982/52 1469/2983/52
f 1468/2981/52 1469/2983/52 1470/2984/52
f 1468/2981/52 1470/2984/52 1471/2985/52
f 1468/2981/52 1471/2985/52 1472/2986/52
f 1468/2981/52 1472/2986/52 1473/2987/52
f 1468/2981/52 1473/2987/52 1474/2988/52
f 1468/2981/52 1474/2988/52 1475/2989/52
f 1468/2981/52 1475/2989/52 1476/2990/52
f 1468/2981/52 1476/2990/52 1477/2991/52
f 1477/2991/52 1478/2992/52 1468/2981/52
f 1466/2979/1378 1479/2993/1379 1470/2994/1380
f 1470/2994/1380 1469/2980/1378 1466/2979/1378
f 1479/2993/1379 1480/2995/1381 1471/2996/1381
f 1471/2996/1381 1470/2994/1380 1479/2993/1379
f 1482/2997/13 1481/2998/13 1480/2999/13
f 1480/2999/13 1479/3000/13 1482/2997/13
f 1463/2974/13 1482/2997/13 1479/3000/13
f 1479/3000/13 1466/2975/13 1463/2974/13
f 1414/3001/1382 1413/3002/1383 1481/3003/1383
f 1481/3003/1383 1482/3004/1384 1414/3001/1382
f 1418/2968/1374 1414/3005/1382 1482/3006/1384
f 1482/3006/1384 1463/2969/1375 1418/2968/1374
f 1481/2998/13 1483/3007/13 1484/3008/13
f 1484/3008/13 1480/2999/13 1481/2998/13
f 1413/3002/1383 1485/3009/1385 1483/3010/1386
f 1483/3010/1386 1481/3003/1383 1413/3002/1383
f 1411/2875/1273 1486/3011/1273 1485/3012/1273
f 1485/3012/1273 1413/2876/1320 1411/2875/1273
f 1485/3009/1385 1487/3013/1387 1488/3014/1388
f 1488/3014/1388 1483/3010/1386 1485/3009/1385
f 1490/3015/1273 1489/3016/1273 1487/3017/1273
f 1487/3017/1273 1485/3012/1273 1490/3015/1273
f 1490/3015/1273 1485/3012/1273 1486/3011/1273
f 1492/3018/1389 1489/3019/1390 1490/3020/1391
f 1490/3020/1391 1491/3021/1392 1492/3018/1389
f 1490/3020/1391 1486/3022/1393 1410/2871/1318
f 1410/2871/1318 1491/3021/1392 1490/3020/1391
f 1395/3023/1394 1491/3024/1395 1410/2870/1317
f 1410/2870/1317 1396/2869/1317 1395/3023/1394
f 1492/3025/1396 1491/3024/1395 1394/3026/1397
f 1394/3026/1397 1491/3024/1395 1395/3023/1394
f 1393/3027/1398 1493/3028/1398 1494/3029/1399
f 1494/3029/1399 1394/3026/1397 1393/3027/1398
f 1494/3029/1399 1492/3025/1396 1394/3026/1397
f 1401/3030/103 1389/3031/103 1377/3032/103
f 1401/3030/103 1377/3032/103 1374/3033/103
f 1401/3030/103 1374/3033/103 1372/3034/103
f 1401/3030/103 1372/3034/103 1371/3035/103
f 1401/3030/103 1371/3035/103 1373/3036/103
f 1401/3030/103 1373/3036/103 1495/3037/103
f 1401/3030/103 1495/3037/103 1494/3038/103
f 1401/3030/103 1494/3038/103 1493/3039/103
f 1401/3030/103 1493/3039/103 1496/3040/103
f 1496/3040/103 1497/3041/103 1401/3030/103
f 1494/3029/1399 1495/3042/1400 1498/3043/1401
f 1494/3029/1399 1498/3043/1401 1492/3025/1396
f 1498/3044/1402 1499/3045/1403 1489/3019/1390
f 1489/3019/1390 1492/3018/1389 1498/3044/1402
f 1368/2809/1280 1500/3046/1404 1499/3045/1403
f 1499/3045/1403 1498/3044/1402 1368/2809/1280
f 1498/3043/1401 1495/3042/1400 1373/2815/1284
f 1373/2815/1284 1368/2814/1284 1498/3043/1401
f 1499/3047/1273 1500/3048/1273 1361/2800/1273
f 1361/2800/1273 1501/3049/1273 1499/3047/1273
f 1489/3016/1273 1499/3047/1273 1501/3049/1273
f 1501/3049/1273 1487/3017/1273 1489/3016/1273
f 1487/3013/1387 1501/3050/1405 1502/3051/1405
f 1502/3051/1405 1488/3014/1388 1487/3013/1387
f 1501/3050/1405 1361/3052/1406 1503/3053/1407
f 1503/3053/1407 1502/3051/1405 1501/3050/1405
f 1488/3054/13 1502/3055/13 1504/3056/13
f 1504/3056/13 1505/3057/13 1488/3054/13
f 1502/3055/13 1503/3058/13 1506/3059/13
f 1506/3059/13 1504/3056/13 1502/3055/13
f 1505/3060/1408 1504/3061/1409 1474/3062/1409
f 1474/3062/1409 1473/2629/1408 1505/3060/1408
f 1504/3061/1409 1506/3063/1410 1475/3064/1410
f 1475/3064/1410 1474/3062/1409 1504/3061/1409
f 1506/3063/1410 1507/3065/1411 1476/3066/1412
f 1476/3066/1412 1475/3064/1410 1506/3063/1410
f 1507/3065/1411 1508/3067/1413 1477/3068/1413
f 1477/3068/1413 1476/3066/1412 1507/3065/1411
f 1503/3058/13 1509/3069/13 1507/3070/13
f 1507/3070/13 1506/3059/13 1503/3058/13
f 1509/3069/13 1510/3071/13 1508/3072/13
f 1508/3072/13 1507/3070/13 1509/3069/13
f 1361/3052/1406 1360/3073/1414 1509/3074/1415
f 1509/3074/1415 1503/3053/1407 1361/3052/1406
f 1360/3073/1414 1363/3075/1416 1510/3076/1417
f 1510/3076/1417 1509/3074/1415 1360/3073/1414
f 1510/3071/13 1511/3077/13 1512/3078/13
f 1512/3078/13 1508/3072/13 1510/3071/13
f 1363/3075/1416 1513/3079/1418 1511/3080/1419
f 1511/3080/1419 1510/3076/1417 1363/3075/1416
f 1362/2801/1273 1514/3081/1273 1513/3082/1320
f 1513/3082/1320 1363/2802/1273 1362/2801/1273
f 1515/3083/1320 1513/3082/1320 1514/3081/1273
f 1513/3079/1418 1460/2964/1370 1462/2967/1373
f 1462/2967/1373 1511/3080/1419 1513/3079/1418
f 1515/3083/1320 1458/2962/1320 1460/2963/1273
f 1460/2963/1273 1513/3082/1320 1515/3083/1320
f 1455/2956/1367 1458/2958/1369 1515/3084/1420
f 1515/3084/1420 1516/3085/1421 1455/2956/1367
f 1516/3085/1421 1515/3084/1420 1514/3086/1422
f 1514/3086/1422 1517/3087/1423 1516/3085/1421
f 1516/3085/1421 1517/3087/1423 1451/2945/1361
f 1451/2945/1361 1452/2949/1363 1516/3085/1421
f 1455/2956/1367 1516/3085/1421 1452/2949/1363
f 1452/2949/1363 1453/2951/1364 1455/2956/1367
f 1517/3087/1423 1514/3086/1422 1362/2804/1275
f 1362/2804/1275 1365/2803/1274 1517/3087/1423
f 1517/3087/1423 1365/2803/1274 1444/3088/1424
f 1517/3087/1423 1444/3088/1424 1443/2946/1362
f 1443/2946/1362 1451/2945/1361 1517/3087/1423
f 1511/3077/13 1462/2970/13 1465/2973/13
f 1465/2973/13 1512/3078/13 1511/3077/13
f 1512/3089/1425 1465/3090/1376 1468/3091/1376
f 1468/3091/1376 1478/3092/1426 1512/3089/1425
f 1508/3067/1413 1512/3089/1425 1478/3092/1426
f 1478/3092/1426 1477/3068/1413 1508/3067/1413
f 1484/3093/1427 1505/3060/1408 1473/2629/1408
f 1473/2629/1408 1472/3094/1427 1484/3093/1427
f 1480/2995/1381 1484/3093/1427 1472/3094/1427
f 1472/3094/1427 1471/2996/1381 1480/2995/1381
f 1483/3007/13 1488/3054/13 1505/3057/13
f 1505/3057/13 1484/3008/13 1483/3007/13
f 1357/2797/1273 1361/2800/1273 1500/3048/1273
f 1500/3046/1404 1368/2809/1280 1357/2795/1271
f 1392/3095/21 1496/3096/21 1493/3028/1398
f 1493/3028/1398 1393/3027/1398 1392/3095/21
f 1391/3097/1428 1497/3098/1428 1496/3096/21
f 1496/3096/21 1392/3095/21 1391/3097/1428
f 1390/2850/1305 1401/2851/1305 1497/3098/1428
f 1497/3098/1428 1391/3097/1428 1390/2850/1305
f 1411/2872/1319 1410/2871/1318 1486/3022/1393
f 1417/2882/1273 1418/2883/1273 1437/2960/1273
f 1408/2867/662 1518/3099/662 1519/3100/662
f 1519/3100/662 1409/2868/662 1408/2867/662
f 1518/3099/662 1520/3101/662 1521/3102/662
f 1521/3102/662 1519/3100/662 1518/3099/662
f 1389/2837/1304 1378/2822/1289 1377/2823/1290
f 1533/3103/1429 1522/3104/1429 1523/3105/1429
f 1533/3103/1429 1523/3105/1429 1524/3106/1429
f 1533/3103/1429 1524/3106/1429 1525/3107/1429
f 1533/3103/1429 1525/3107/1429 1526/3108/1429
f 1533/3103/1429 1526/3108/1429 1527/3109/1429
f 1533/3103/1429 1527/3109/1429 1528/3110/1429
f 1533/3103/1429 1528/3110/1429 1529/3111/1429
f 1533/3103/1429 1529/3111/1429 1530/2694/1429
f 1533/3103/1429 1530/2694/1429 1531/2693/1429
f 1531/2693/1429 1532/3112/1430 1533/3103/1429
f 1535/3113/103 1522/3114/103 1533/3115/1431
f 1533/3115/1431 1534/3116/1432 1535/3113/103
f 1536/3117/1433 1523/3118/1434 1522/3114/103
f 1522/3114/103 1535/3113/103 1536/3117/1433
f 1537/3119/1435 1524/3120/1435 1523/3118/1434
f 1523/3118/1434 1536/3117/1433 1537/3119/1435
f 1535/3121/1436 1534/3122/1436 1538/3123/1437
f 1535/3121/1436 1538/3123/1437 1539/3124/1436
f 1535/3121/1436 1539/3124/1436 1540/3125/1436
f 1535/3121/1436 1540/3125/1436 1541/3126/1436
f 1535/3121/1436 1541/3126/1436 1542/3127/1436
f 1535/3121/1436 1542/3127/1436 1543/3128/1436
f 1535/3121/1436 1543/3128/1436 1544/3129/1436
f 1535/3121/1436 1544/3129/1436 1545/3130/1436
f 1535/3121/1436 1545/3130/1436 1537/3131/1436
f 1537/3131/1436 1536/3132/1436 1535/3121/1436
f 1545/3133/1438 1525/3134/1438 1524/3120/1435
f 1524/3120/1435 1537/3119/1435 1545/3133/1438
f 1544/3135/1439 1526/3136/1439 1525/3134/1438
f 1525/3134/1438 1545/3133/1438 1544/3135/1439
f 1543/3137/1440 1527/3138/1441 1526/3136/1439
f 1526/3136/1439 1544/3135/1439 1543/3137/1440
f 1542/3139/65 1528/3140/65 1527/3138/1441
f 1527/3138/1441 1543/3137/1440 1542/3139/65
f 1541/3141/1442 1529/3142/1443 1528/3140/65
f 1528/3140/65 1542/3139/65 1541/3141/1442
f 1540/3143/1444 1530/3144/1444 1529/3142/1443
f 1529/3142/1443 1541/3141/1442 1540/3143/1444
f 1539/2110/1445 1531/3145/1445 1530/3144/1444
f 1530/3144/1444 1540/3143/1444 1539/2110/1445
f 1538/3146/1446 1532/3147/1446 1531/3148/1445
f 1531/3148/1445 1539/3149/1445 1538/3146/1446
f 1534/3116/1432 1533/3115/1431 1532/3147/1446
f 1532/3147/1446 1538/3146/1446 1534/3116/1432
f 1549/3150/1429 1546/3151/1429 1547/3152/1429
f 1547/3152/1429 1548/3153/1429 1549/3150/1429
f 1551/3154/103 1546/3155/1447 1549/3156/1448
f 1549/3156/1448 1550/3157/1449 1551/3154/103
f 1553/3158/1450 1552/3159/1451 1546/3155/1447
f 1546/3155/1447 1551/3154/103 1553/3158/1450
f 1546/3151/1429 1552/3160/1429 1554/3161/1429
f 1554/3161/1429 1547/3152/1429 1546/3151/1429
f 1548/3162/1452 1547/3163/103 1555/3164/103
f 1555/3164/103 1556/3165/1452 1548/3162/1452
f 1547/3163/103 1554/3166/1453 1557/3167/1453
f 1557/3167/1453 1555/3164/103 1547/3163/103
f 1554/3166/1453 1558/3168/1454 1559/3169/1454
f 1559/3169/1454 1557/3167/1453 1554/3166/1453
f 1561/3170/1429 1560/3171/1429 1558/3172/1429
f 1558/3172/1429 1554/3161/1429 1561/3170/1429
f 1561/3170/1429 1554/3161/1429 1552/3160/1429
f 1558/3168/1454 1562/3173/1455 1563/3174/1455
f 1563/3174/1455 1559/3169/1454 1558/3168/1454
f 1562/3173/1455 1564/3175/65 1565/3176/65
f 1565/3176/65 1563/3174/1455 1562/3173/1455
f 1567/3177/1429 1566/3178/1429 1564/3179/1429
f 1564/3179/1429 1562/3180/1429 1567/3177/1429
f 1567/3177/1429 1562/3180/1429 1568/3181/1429
f 1560/3171/1429 1568/3181/1429 1562/3180/1429
f 1562/3180/1429 1558/3172/1429 1560/3171/1429
f 1570/3182/1456 1567/3183/1457 1568/3184/1458
f 1568/3184/1458 1569/3185/1459 1570/3182/1456
f 1569/3185/1459 1568/3184/1458 1560/3186/1460
f 1560/3186/1460 1571/3187/1460 1569/3185/1459
f 1571/3187/1460 1560/3186/1460 1561/3188/1461
f 1561/3188/1461 1572/3189/1462 1571/3187/1460
f 1551/2743/1436 1550/2742/1436 1573/3190/1436
f 1551/2743/1436 1573/3190/1436 1574/3191/1436
f 1551/2743/1436 1574/3191/1436 1575/3192/1436
f 1551/2743/1436 1575/3192/1436 1576/3193/1436
f 1551/2743/1436 1576/3193/1436 1577/3194/1436
f 1551/2743/1436 1577/3194/1436 1570/3195/1436
f 1551/2743/1436 1570/3195/1436 1569/3196/1436
f 1551/2743/1436 1569/3196/1436 1571/3197/1436
f 1551/2743/1436 1571/3197/1436 1572/3198/1436
f 1572/3198/1436 1553/3199/1436 1551/2743/1436
f 1572/3189/1462 1561/3188/1461 1552/3159/1451
f 1552/3159/1451 1553/3158/1450 1572/3189/1462
f 1577/3200/1463 1566/3201/1464 1567/3183/1457
f 1567/3183/1457 1570/3182/1456 1577/3200/1463
f 1576/3202/1465 1578/3203/1466 1566/3201/1464
f 1566/3201/1464 1577/3200/1463 1576/3202/1465
f 1566/3178/1429 1578/3204/1429 1579/3205/1429
f 1579/3205/1429 1564/3179/1429 1566/3178/1429
f 1580/3206/1429 1579/3205/1429 1578/3204/1429
f 1575/3207/1467 1580/3208/1468 1578/3203/1466
f 1578/3203/1466 1576/3202/1465 1575/3207/1467
f 1579/3209/1469 1581/1884/1470 1582/3210/1470
f 1582/3210/1470 1583/3211/1469 1579/3209/1469
f 1580/3206/1429 1584/3212/1429 1581/3213/1429
f 1581/3213/1429 1579/3205/1429 1580/3206/1429
f 1564/3175/65 1579/3209/1469 1583/3211/1469
f 1583/3211/1469 1565/3176/65 1564/3175/65
f 1581/3214/1470 1548/3162/1452 1556/3165/1452
f 1556/3165/1452 1582/3215/1470 1581/3214/1470
f 1584/3212/1429 1585/3216/1429 1548/3153/1429
f 1548/3153/1429 1581/3213/1429 1584/3212/1429
f 1573/3217/1471 1585/3218/1472 1584/3219/1473
f 1584/3219/1473 1574/3220/1473 1573/3217/1471
f 1574/3221/1473 1584/3222/1473 1580/3208/1468
f 1580/3208/1468 1575/3207/1467 1574/3221/1473
f 1550/3157/1449 1549/3156/1448 1585/3218/1472
f 1585/3218/1472 1573/3217/1471 1550/3157/1449
f 1549/3150/1429 1548/3153/1429 1585/3216/1429
f 1589/3223/65 1586/3224/65 1587/3225/65
f 1587/3225/65 1588/3226/65 1589/3223/65
f 1593/3227/1474 1590/3228/1474 1591/3229/1475
f 1591/3229/1475 1592/3230/1475 1593/3227/1474
f 1597/3231/1476 1594/3232/1476 1595/548/1477
f 1595/548/1477 1596/3233/1477 1597/3231/1476
f 1592/3230/1475 1591/3229/1475 1598/3234/1478
f 1598/3234/1478 1599/3235/1479 1592/3230/1475
f 1599/3235/1479 1598/3234/1478 1600/3236/1480
f 1600/3236/1480 1601/3237/1480 1599/3235/1479
f 1603/3238/1481 1602/3239/1482 1590/3228/1474
f 1590/3228/1474 1593/3227/1474 1603/3238/1481
f 1596/3090/1477 1595/3240/1477 1604/3241/1483
f 1604/3241/1483 1605/3242/1484 1596/3090/1477
f 1607/3243/1485 1606/3244/1485 1602/3239/1482
f 1602/3239/1482 1603/3238/1481 1607/3243/1485
f 1605/3242/1484 1604/3241/1483 1608/3245/1486
f 1608/3245/1486 1609/3246/1486 1605/3242/1484
f 1611/3247/1487 1610/3248/1487 1606/3244/1485
f 1606/3244/1485 1607/3243/1485 1611/3247/1487
f 1612/3249/1488 1586/3250/1488 1610/3248/1487
f 1610/3248/1487 1611/3247/1487 1612/3249/1488
f 1613/3251/1489 1587/3252/1490 1586/3250/1488
f 1586/3250/1488 1612/3249/1488 1613/3251/1489
f 1601/3237/1480 1600/3236/1480 1594/3232/1476
f 1594/3232/1476 1597/3231/1476 1601/3237/1480
f 1615/3253/1491 1614/3254/1491 1587/3252/1490
f 1587/3252/1490 1613/3251/1489 1615/3253/1491
f 1609/3246/1486 1608/3245/1486 1614/3254/1491
f 1614/3254/1491 1615/3253/1491 1609/3246/1486
f 1619/3255/1492 1616/3256/1492 1617/3257/1493
f 1617/3257/1493 1618/3258/1493 1619/3255/1492
f 1621/3259/65 1594/3260/65 1600/3261/65
f 1600/3261/65 1620/3262/65 1621/3259/65
f 1588/3226/65 1587/3225/65 1614/3263/65
f 1614/3263/65 1622/3264/65 1588/3226/65
f 1614/3263/65 1608/3265/65 1623/3266/65
f 1623/3266/65 1622/3264/65 1614/3263/65
f 1625/3267/65 1591/3268/65 1590/3269/65
f 1590/3269/65 1624/3270/65 1625/3267/65
f 1595/3271/65 1594/3260/65 1621/3259/65
f 1620/3262/65 1598/3272/65 1591/3268/65
f 1591/3268/65 1625/3267/65 1620/3262/65
f 1600/3261/65 1598/3272/65 1620/3262/65
f 1590/3269/65 1602/3273/65 1624/3270/65
f 1617/3274/65 1604/3275/65 1595/3271/65
f 1595/3271/65 1621/3259/65 1617/3274/65
f 1624/3270/65 1602/3273/65 1606/3276/65
f 1606/3276/65 1626/3277/65 1624/3270/65
f 1608/3265/65 1604/3275/65 1617/3274/65
f 1627/3278/65 1610/3279/65 1586/3224/65
f 1586/3224/65 1589/3223/65 1627/3278/65
f 1629/3280/1494 1621/3281/1494 1620/3282/1495
f 1620/3282/1495 1628/3283/1495 1629/3280/1494
f 1618/3258/1493 1617/3257/1493 1621/3284/1494
f 1621/3284/1494 1629/3285/1494 1618/3258/1493
f 1632/3286/1496 1626/3287/1496 1630/3288/1497
f 1630/3288/1497 1631/3289/1497 1632/3286/1496
f 1634/3290/1498 1625/3291/1498 1624/3292/1499
f 1624/3292/1499 1633/3293/1499 1634/3290/1498
f 1631/3289/1497 1630/3288/1497 1616/3256/1492
f 1616/3256/1492 1619/3255/1492 1631/3289/1497
f 1633/3293/1499 1624/3292/1499 1626/3287/1496
f 1626/3287/1496 1632/3286/1496 1633/3293/1499
f 1628/3283/1495 1620/3282/1495 1625/3291/1498
f 1625/3291/1498 1634/3290/1498 1628/3283/1495
f 1631/3294/1500 1619/3295/1501 1635/3296/65
f 1632/3297/1502 1631/3294/1500 1635/3296/65
f 1634/3298/1503 1633/3299/1504 1635/3296/65
f 1628/3300/1505 1634/3298/1503 1635/3296/65
f 1633/3299/1504 1632/3297/1502 1635/3296/65
f 1629/3301/1506 1628/3300/1505 1635/3296/65
f 1619/3295/1501 1618/3302/1507 1635/3296/65
f 1618/3302/1507 1629/3301/1506 1635/3296/65
f 1637/3303/1508 1588/3304/1508 1622/3305/1509
f 1622/3305/1509 1636/3306/1510 1637/3303/1508
f 1641/3307/65 1638/3308/65 1639/3309/65
f 1639/3309/65 1640/3310/65 1641/3307/65
f 1642/3311/65 1643/3312/65 1616/3313/65
f 1630/3314/65 1644/3315/65 1642/3311/65
f 1642/3311/65 1616/3313/65 1630/3314/65
f 1647/3316/1511 1644/3317/1511 1645/3318/1512
f 1645/3318/1512 1646/3319/1513 1647/3316/1511
f 1641/3320/1514 1643/3321/1514 1642/3322/1515
f 1642/3322/1515 1648/3323/1516 1641/3320/1514
f 1608/3265/65 1617/3274/65 1649/3324/65
f 1649/3324/65 1623/3266/65 1608/3265/65
f 1650/3325/1517 1589/3326/1518 1588/3304/1508
f 1588/3304/1508 1637/3303/1508 1650/3325/1517
f 1636/3306/1510 1622/3305/1509 1623/3327/1519
f 1623/3327/1519 1651/2507/1519 1636/3306/1510
f 1652/3328/1520 1627/2938/1520 1589/3326/1518
f 1589/3326/1518 1650/3325/1517 1652/3328/1520
f 1640/3329/1521 1649/3330/1521 1643/3321/1514
f 1643/3321/1514 1641/3320/1514 1640/3329/1521
f 1648/3323/1516 1642/3322/1515 1644/3317/1511
f 1644/3317/1511 1647/3316/1511 1648/3323/1516
f 1646/3331/65 1653/3332/65 1654/3333/65
f 1654/3333/65 1647/3334/65 1646/3331/65
f 1651/3335/1522 1623/1514/1522 1649/3336/1522
f 1651/3335/1522 1649/3336/1522 1640/3337/1522
f 1640/3337/1522 1639/3338/1522 1651/3335/1522
f 1647/3334/65 1654/3333/65 1655/3339/65
f 1655/3339/65 1648/3340/65 1647/3334/65
f 1648/3340/65 1655/3339/65 1638/3308/65
f 1638/3308/65 1641/3307/65 1648/3340/65
f 1655/3341/1523 1637/3342/1523 1636/3343/1524
f 1636/3343/1524 1638/3344/1525 1655/3341/1523
f 1654/3345/1526 1650/3346/1526 1637/3342/1523
f 1637/3342/1523 1655/3341/1523 1654/3345/1526
f 1638/3344/1525 1636/3343/1524 1651/3347/1527
f 1651/3347/1527 1639/3348/1527 1638/3344/1525
f 1653/3349/1528 1652/3350/1528 1650/3346/1526
f 1650/3346/1526 1654/3345/1526 1653/3349/1528
f 1646/3319/1513 1645/3318/1512 1627/3351/1529
f 1646/3319/1513 1627/3351/1529 1652/3352/1529
f 1652/3352/1529 1653/3353/1529 1646/3319/1513
f 1606/3276/65 1610/3279/65 1627/3278/65
f 1645/3354/65 1626/3277/65 1606/3276/65
f 1606/3276/65 1627/3278/65 1645/3354/65
f 1617/3274/65 1616/3313/65 1643/3312/65
f 1643/3312/65 1649/3324/65 1617/3274/65
f 1644/3315/65 1630/3314/65 1626/3277/65
f 1626/3277/65 1645/3354/65 1644/3315/65
f 1599/3355/103 1601/3356/103 1597/3357/103
f 1599/3355/103 1597/3357/103 1596/3358/103
f 1599/3355/103 1596/3358/103 1605/3359/103
f 1599/3355/103 1605/3359/103 1609/3360/103
f 1599/3355/103 1609/3360/103 1615/3361/103
f 1599/3355/103 1615/3361/103 1613/3362/103
f 1599/3355/103 1613/3362/103 1612/3363/103
f 1599/3355/103 1612/3363/103 1611/3364/103
f 1599/3355/103 1611/3364/103 1607/3365/103
f 1599/3355/103 1607/3365/103 1603/3366/103
f 1599/3355/103 1603/3366/103 1593/3367/103
f 1593/3367/103 1592/3368/103 1599/3355/103
f 1676/3369/103 1656/3370/103 1657/3371/103
f 1676/3369/103 1657/3371/103 1658/3372/103
f 1676/3369/103 1658/3372/103 1659/3373/103
f 1676/3369/103 1659/3373/103 1660/3374/103
f 1676/3369/103 1660/3374/103 1661/3375/103
f 1676/3369/103 1661/3375/103 1662/3376/103
f 1676/3369/103 1662/3376/103 1663/3377/103
f 1676/3369/103 1663/3377/103 1664/3378/103
f 1676/3369/103 1664/3378/103 1665/3379/103
f 1676/3369/103 1665/3379/103 1666/3380/103
f 1676/3369/103 1666/3380/103 1667/3381/103
f 1676/3369/103 1667/3381/103 1668/3382/103
f 1676/3369/103 1668/3382/103 1669/3383/103
f 1669/3383/103 1670/3384/103 1671/3385/103
f 1671/3385/103 1672/3386/103 1673/3387/103
f 1673/3387/103 1674/3388/103 1675/3389/103
f 1673/3387/103 1675/3389/103 1676/3369/103
f 1673/3387/103 1676/3369/103 1669/3383/103
f 1669/3383/103 1671/3385/103 1673/3387/103
f 1678/3390/1530 1665/3391/1530 1664/3392/1531
f 1664/3392/1531 1677/3393/1531 1678/3390/1530
f 1679/3394/21 1666/3395/21 1665/3396/21
f 1665/3396/21 1678/3397/21 1679/3394/21
f 1697/3398/65 1680/3399/65 1681/3400/65
f 1697/3398/65 1681/3400/65 1682/3401/65
f 1697/3398/65 1682/3401/65 1683/3402/65
f 1697/3398/65 1683/3402/65 1684/3403/134
f 1697/3398/65 1684/3403/134 1685/3404/65
f 1697/3398/65 1685/3404/65 1686/3405/65
f 1686/3405/65 1687/3406/65 1688/3407/65
f 1686/3405/65 1688/3407/65 1689/3408/65
f 1686/3405/65 1689/3408/65 1690/3409/65
f 1686/3405/65 1690/3409/65 1679/3410/65
f 1686/3405/65 1679/3410/65 1678/3411/65
f 1686/3405/65 1678/3411/65 1677/3412/65
f 1686/3405/65 1677/3412/65 1691/3413/65
f 1686/3405/65 1691/3413/65 1692/3414/65
f 1686/3405/65 1692/3414/65 1693/3415/65
f 1686/3405/65 1693/3415/65 1694/3416/65
f 1686/3405/65 1694/3416/65 1695/3417/65
f 1686/3405/65 1695/3417/65 1696/3418/65
f 1686/3405/65 1696/3418/65 1697/3398/65
f 1690/3395/1532 1667/2237/1532 1666/3419/1532
f 1666/3419/1532 1679/3420/1532 1690/3395/1532
f 1689/3421/21 1668/3422/21 1667/1547/21
f 1667/1547/21 1690/3423/21 1689/3421/21
f 1669/3424/1533 1668/3425/1534 1689/3426/1534
f 1689/3426/1534 1688/3427/1533 1669/3424/1533
f 1670/3428/1535 1669/3424/1533 1688/3427/1533
f 1688/3427/1533 1687/3429/1535 1670/3428/1535
f 1671/3430/76 1670/1488/76 1687/3431/76
f 1687/3431/76 1686/3432/76 1671/3430/76
f 1672/3433/1536 1671/3434/1536 1686/3435/1536
f 1686/3435/1536 1685/3436/1536 1672/3433/1536
f 1673/3437/76 1672/3423/76 1685/3438/76
f 1685/3438/76 1684/3439/76 1673/3437/76
f 1674/3440/1537 1673/3441/1538 1684/3442/1538
f 1684/3442/1538 1683/3443/1537 1674/3440/1537
f 1675/3444/1475 1674/3440/1537 1683/3443/1537
f 1683/3443/1537 1682/3445/1475 1675/3444/1475
f 1676/3446/1479 1675/3444/1475 1682/3445/1475
f 1682/3445/1475 1681/3447/1478 1676/3446/1479
f 1656/3448/1480 1676/3446/1479 1681/3447/1478
f 1681/3447/1478 1680/3449/1480 1656/3448/1480
f 1657/3450/1476 1656/3448/1480 1680/3449/1480
f 1680/3449/1480 1697/3451/1476 1657/3450/1476
f 1658/3452/1477 1657/3450/1476 1697/3451/1476
f 1697/3451/1476 1696/3453/1477 1658/3452/1477
f 1695/3454/1539 1659/3455/1539 1658/3452/1477
f 1658/3452/1477 1696/3453/1477 1695/3454/1539
f 1694/2220/1540 1660/3456/1540 1659/3455/1539
f 1659/3455/1539 1695/3454/1539 1694/2220/1540
f 1699/3457/1541 1661/3375/103 1660/3374/103
f 1660/3374/103 1698/3458/1542 1699/3457/1541
f 1660/3459/1543 1694/3460/1543 1700/3461/1543
f 1700/3461/1543 1698/3462/1543 1660/3459/1543
f 1699/3457/1541 1698/3458/1542 1701/3463/1544
f 1701/3463/1544 1702/3464/1545 1699/3457/1541
f 1700/3461/1543 1703/3465/1543 1701/3466/1543
f 1701/3466/1543 1698/3462/1543 1700/3461/1543
f 1705/3467/1546 1703/3468/1546 1700/3469/1547
f 1700/3469/1547 1704/3470/1547 1705/3467/1546
f 1700/3469/1547 1694/3416/65 1693/3415/65
f 1693/3415/65 1704/3470/1547 1700/3469/1547
f 1702/3471/1548 1705/3472/1549 1704/3473/1550
f 1704/3473/1550 1699/3474/1550 1702/3471/1548
f 1704/3473/1550 1693/3475/1551 1661/3476/1551
f 1661/3476/1551 1699/3474/1550 1704/3473/1550
f 1692/3477/1552 1662/3478/1553 1661/3479/1554
f 1661/3479/1554 1693/3480/1554 1692/3477/1552
f 1691/3481/1489 1663/3482/1490 1662/3478/1553
f 1662/3478/1553 1692/3477/1552 1691/3481/1489
f 1677/3393/1531 1664/3392/1531 1663/3482/1490
f 1663/3482/1490 1691/3481/1489 1677/3393/1531
f 1707/3483/1555 1706/3484/1556 1703/3468/1546
f 1703/3468/1546 1705/3467/1546 1707/3483/1555
f 1708/3485/1557 1707/3486/1557 1705/3472/1549
f 1705/3472/1549 1702/3471/1548 1708/3485/1557
f 1702/3464/1545 1701/3463/1544 1709/3487/1558
f 1709/3487/1558 1708/3488/1559 1702/3464/1545
f 1708/3488/1559 1709/3487/1558 1710/3489/1560
f 1710/3489/1560 1711/3490/1561 1708/3488/1559
f 1708/3488/1559 1712/3491/1562 1707/3483/1555
f 1712/3491/1562 1708/3488/1559 1713/3492/1563
f 1711/3490/1561 1713/3492/1563 1708/3488/1559
f 1715/3493/1564 1713/3494/1565 1711/3495/1566
f 1711/3495/1566 1714/3496/1567 1715/3493/1564
f 1716/3497/1568 1712/3498/1569 1713/3494/1565
f 1713/3494/1565 1715/3493/1564 1716/3497/1568
f 1718/3499/1308 1716/3500/1308 1715/3501/1308
f 1715/3501/1308 1717/3502/1570 1718/3499/1308
f 1717/3502/1570 1715/3501/1308 1714/3503/1570
f 1714/3503/1570 1719/3504/1570 1717/3502/1570
f 1721/3505/1571 1718/3506/1572 1717/3507/1573
f 1717/3507/1573 1720/3508/1574 1721/3505/1571
f 1720/3508/1574 1717/3507/1573 1719/3509/1575
f 1719/3509/1575 1722/3510/1576 1720/3508/1574
f 1722/3511/1576 1723/3512/1577 1724/3513/1578
f 1724/3513/1578 1720/3514/1574 1722/3511/1576
f 1720/3514/1574 1724/3513/1578 1725/3515/1579
f 1725/3515/1579 1721/3516/1571 1720/3514/1574
f 1727/3517/1580 1726/3518/1581 1723/3512/1577
f 1723/3512/1577 1722/3511/1576 1727/3517/1580
f 1722/3510/1576 1719/3509/1575 1728/3519/1582
f 1728/3519/1582 1727/3520/1580 1722/3510/1576
f 1730/3521/1583 1729/3522/1584 1726/3518/1581
f 1726/3518/1581 1727/3517/1580 1730/3521/1583
f 1727/3520/1580 1728/3519/1582 1731/3523/1585
f 1731/3523/1585 1730/3524/1583 1727/3520/1580
f 1728/3525/1308 1732/3526/1308 1733/3527/1308
f 1733/3527/1308 1731/3528/1308 1728/3525/1308
f 1719/3504/1570 1714/3503/1570 1732/3526/1308
f 1732/3526/1308 1728/3525/1308 1719/3504/1570
f 1732/3529/1586 1710/3530/1587 1734/3531/1588
f 1734/3531/1588 1733/3532/1589 1732/3529/1586
f 1714/3496/1567 1711/3495/1566 1710/3530/1587
f 1710/3530/1587 1732/3529/1586 1714/3496/1567
f 1710/3489/1560 1709/3487/1558 1734/3533/1590
f 1733/3532/1589 1734/3531/1588 1735/3534/1591
f 1735/3534/1591 1736/3535/1592 1733/3532/1589
f 1735/3536/1593 1734/3533/1590 1709/3487/1558
f 1736/3535/1592 1735/3534/1591 1737/3537/1594
f 1737/3537/1594 1738/3538/1595 1736/3535/1592
f 1735/3536/1593 1709/3487/1558 1737/3539/1562
f 1731/3528/1308 1733/3527/1308 1736/3540/1308
f 1736/3540/1308 1739/3541/1308 1731/3528/1308
f 1739/3541/1308 1736/3540/1308 1738/3542/1308
f 1738/3542/1308 1740/3543/1308 1739/3541/1308
f 1730/3524/1583 1731/3523/1585 1739/3544/1596
f 1739/3544/1596 1741/3545/1597 1730/3524/1583
f 1741/3545/1597 1739/3544/1596 1740/3546/1598
f 1740/3546/1598 1742/3547/1599 1741/3545/1597
f 1744/3548/1600 1741/3549/1597 1742/3550/1599
f 1742/3550/1599 1743/3551/1601 1744/3548/1600
f 1741/3549/1597 1744/3548/1600 1729/3522/1584
f 1729/3522/1584 1730/3521/1583 1741/3549/1597
f 1746/3552/1602 1745/3553/1603 1743/3551/1601
f 1743/3551/1601 1742/3550/1599 1746/3552/1602
f 1742/3547/1599 1740/3546/1598 1747/3554/1604
f 1747/3554/1604 1746/3555/1602 1742/3547/1599
f 1749/3556/1605 1748/3557/1606 1745/3553/1603
f 1745/3553/1603 1746/3552/1602 1749/3556/1605
f 1746/3555/1602 1747/3554/1604 1750/3558/1607
f 1750/3558/1607 1749/3559/1605 1746/3555/1602
f 1740/3543/1308 1738/3542/1308 1751/3560/1308
f 1751/3560/1308 1747/3561/1308 1740/3543/1308
f 1747/3561/1308 1751/3560/1308 1752/3562/1308
f 1752/3562/1308 1750/3563/1308 1747/3561/1308
f 1738/3538/1595 1737/3537/1594 1753/3564/1608
f 1753/3564/1608 1751/3565/1609 1738/3538/1595
f 1751/3565/1609 1753/3564/1608 1754/3566/1610
f 1754/3566/1610 1752/3567/1611 1751/3565/1609
f 1737/3539/1562 1706/3484/1556 1753/3568/1563
f 1754/3569/1561 1753/3568/1563 1706/3484/1556
f 1706/3484/1556 1707/3483/1555 1755/3570/1612
f 1755/3570/1612 1754/3569/1561 1706/3484/1556
f 1752/3567/1611 1754/3566/1610 1755/3571/1613
f 1755/3571/1613 1756/3572/1614 1752/3567/1611
f 1755/3570/1612 1707/3483/1555 1757/3573/1615
f 1756/3574/1614 1755/3575/1613 1757/3576/1616
f 1757/3576/1616 1758/3577/1617 1756/3574/1614
f 1760/3578/1308 1756/3579/1308 1758/3580/1308
f 1758/3580/1308 1759/3581/1308 1760/3578/1308
f 1750/3563/1308 1752/3562/1308 1756/3579/1308
f 1756/3579/1308 1760/3578/1308 1750/3563/1308
f 1762/3582/1618 1760/3583/1619 1759/3584/1620
f 1759/3584/1620 1761/3585/1621 1762/3582/1618
f 1749/3559/1605 1750/3558/1607 1760/3586/1619
f 1760/3586/1619 1762/3587/1618 1749/3559/1605
f 1748/3557/1606 1749/3556/1605 1762/3588/1618
f 1762/3588/1618 1763/3589/1622 1748/3557/1606
f 1761/3590/1621 1764/3591/1623 1763/3589/1622
f 1763/3589/1622 1762/3588/1618 1761/3590/1621
f 1766/3592/1624 1765/3593/1625 1764/3591/1623
f 1764/3591/1623 1761/3590/1621 1766/3592/1624
f 1761/3585/1621 1759/3584/1620 1767/3594/1626
f 1767/3594/1626 1766/3595/1624 1761/3585/1621
f 1765/3593/1625 1766/3592/1624 1721/3516/1571
f 1721/3516/1571 1725/3515/1579 1765/3593/1625
f 1766/3595/1624 1767/3594/1626 1718/3506/1572
f 1718/3506/1572 1721/3505/1571 1766/3595/1624
f 1759/3581/1308 1758/3580/1308 1768/3596/1308
f 1768/3596/1308 1767/3597/1308 1759/3581/1308
f 1767/3597/1308 1768/3596/1308 1716/3500/1308
f 1716/3500/1308 1718/3499/1308 1767/3597/1308
f 1758/3577/1617 1757/3576/1616 1769/3598/1627
f 1769/3598/1627 1768/3599/1628 1758/3577/1617
f 1768/3599/1628 1769/3598/1627 1712/3498/1569
f 1712/3498/1569 1716/3497/1568 1768/3599/1628
f 1769/3600/1593 1707/3483/1555 1712/3491/1562
f 1769/3600/1593 1757/3573/1615 1707/3483/1555
f 1771/3601/1629 1765/3593/1625 1725/3515/1579
f 1725/3515/1579 1770/3602/1630 1771/3601/1629
f 1765/3593/1625 1771/3601/1629 1772/3603/1631
f 1772/3603/1631 1764/3591/1623 1765/3593/1625
f 1724/3513/1578 1773/3604/1632 1770/3602/1630
f 1770/3602/1630 1725/3515/1579 1724/3513/1578
f 1775/3605/1633 1771/3601/1629 1770/3602/1630
f 1770/3602/1630 1774/3606/1634 1775/3605/1633
f 1773/3604/1632 1776/3607/1635 1774/3606/1634
f 1774/3606/1634 1770/3602/1630 1773/3604/1632
f 1778/3608/1636 1777/3609/1637 1776/3607/1635
f 1776/3607/1635 1773/3604/1632 1778/3608/1636
f 1723/3512/1577 1778/3608/1636 1773/3604/1632
f 1773/3604/1632 1724/3513/1578 1723/3512/1577
f 1780/3610/1638 1779/3611/1639 1777/3609/1637
f 1777/3609/1637 1778/3608/1636 1780/3610/1638
f 1726/3518/1581 1780/3610/1638 1778/3608/1636
f 1778/3608/1636 1723/3512/1577 1726/3518/1581
f 1782/3612/1640 1781/3613/1641 1779/3611/1639
f 1779/3611/1639 1780/3610/1638 1782/3612/1640
f 1729/3522/1584 1782/3612/1640 1780/3610/1638
f 1780/3610/1638 1726/3518/1581 1729/3522/1584
f 1784/3614/1642 1783/3615/1643 1781/3613/1641
f 1781/3613/1641 1782/3612/1640 1784/3614/1642
f 1744/3548/1600 1784/3614/1642 1782/3612/1640
f 1782/3612/1640 1729/3522/1584 1744/3548/1600
f 1783/3615/1643 1784/3614/1642 1785/3616/1644
f 1785/3616/1644 1786/3617/1645 1783/3615/1643
f 1784/3614/1642 1744/3548/1600 1743/3551/1601
f 1743/3551/1601 1785/3616/1644 1784/3614/1642
f 1788/3618/1646 1787/3619/1647 1786/3617/1645
f 1786/3617/1645 1785/3616/1644 1788/3618/1646
f 1745/3553/1603 1788/3618/1646 1785/3616/1644
f 1785/3616/1644 1743/3551/1601 1745/3553/1603
f 1790/3620/1648 1789/3621/1649 1787/3619/1647
f 1787/3619/1647 1788/3618/1646 1790/3620/1648
f 1748/3557/1606 1790/3620/1648 1788/3618/1646
f 1788/3618/1646 1745/3553/1603 1748/3557/1606
f 1789/3621/1649 1790/3620/1648 1791/3622/1650
f 1791/3622/1650 1792/3623/1651 1789/3621/1649
f 1790/3620/1648 1748/3557/1606 1763/3589/1622
f 1763/3589/1622 1791/3622/1650 1790/3620/1648
f 1772/3603/1631 1793/3624/1652 1792/3623/1651
f 1792/3623/1651 1791/3622/1650 1772/3603/1631
f 1764/3591/1623 1772/3603/1631 1791/3622/1650
f 1791/3622/1650 1763/3589/1622 1764/3591/1623
f 1771/3601/1629 1775/3605/1633 1793/3624/1652
f 1793/3624/1652 1772/3603/1631 1771/3601/1629
f 1775/3605/1633 1774/3606/1634 1776/3607/1635
f 1775/3605/1633 1776/3607/1635 1777/3609/1637
f 1775/3605/1633 1777/3609/1637 1779/3611/1639
f 1775/3605/1633 1779/3611/1639 1781/3613/1641
f 1775/3605/1633 1781/3613/1641 1783/3615/1643
f 1775/3605/1633 1783/3615/1643 1786/3617/1645
f 1775/3605/1633 1786/3617/1645 1787/3619/1647
f 1775/3605/1633 1787/3619/1647 1789/3621/1649
f 1775/3605/1633 1789/3621/1649 1792/3623/1651
f 1792/3623/1651 1793/3624/1652 1775/3605/1633
f 1703/3465/1543 1706/3625/1543 1709/3626/1543
f 1709/3626/1543 1701/3466/1543 1703/3465/1543
f 1706/3484/1556 1737/3539/1562 1709/3487/1558
f 1797/3627/1653 1794/3628/1654 1795/3629/1655
f 1795/3629/1655 1796/3630/1656 1797/3627/1653
f 1796/3630/1656 1795/3629/1655 1798/3631/1657
f 1798/3631/1657 1799/3632/1658 1796/3630/1656
f 1801/3633/1659 1796/3630/1656 1799/3632/1658
f 1799/3632/1658 1800/3634/1660 1801/3633/1659
f 1796/3630/1656 1801/3633/1659 1802/3635/1661
f 1802/3635/1661 1797/3627/1653 1796/3630/1656
f 1804/3636/1662 1803/3637/1663 1800/3634/1660
f 1800/3634/1660 1799/3632/1658 1804/3636/1662
f 1799/3632/1658 1798/3631/1657 1805/3638/1664
f 1805/3638/1664 1804/3636/1662 1799/3632/1658
f 1803/3637/1663 1804/3636/1662 1806/3639/1665
f 1806/3639/1665 1807/3640/1666 1803/3637/1663
f 1804/3636/1662 1805/3638/1664 1808/3641/1667
f 1808/3641/1667 1806/3639/1665 1804/3636/1662
f 1806/3639/1665 1808/3641/1667 1809/3642/1668
f 1809/3642/1668 1810/3643/1669 1806/3639/1665
f 1810/3643/1669 1809/3642/1668 1811/3644/1670
f 1811/3644/1670 1812/3645/1671 1810/3643/1669
f 1807/3640/1666 1806/3639/1665 1810/3643/1669
f 1810/3643/1669 1813/3646/1672 1807/3640/1666
f 1813/3646/1672 1810/3643/1669 1812/3645/1671
f 1812/3645/1671 1814/3647/1673 1813/3646/1672
f 1814/3647/1673 1812/3645/1671 1815/3648/1674
f 1815/3648/1674 1816/3649/1675 1814/3647/1673
f 1812/3645/1671 1811/3644/1670 1817/3650/1676
f 1817/3650/1676 1815/3648/1674 1812/3645/1671
f 1816/3649/1675 1815/3648/1674 1818/3651/1677
f 1818/3651/1677 1819/3652/1678 1816/3649/1675
f 1815/3648/1674 1817/3650/1676 1820/3653/1679
f 1820/3653/1679 1818/3651/1677 1815/3648/1674
f 1818/3651/1677 1820/3653/1679 1821/3654/1680
f 1821/3654/1680 1822/3655/1681 1818/3651/1677
f 1822/3655/1681 1821/3654/1680 1823/3656/1682
f 1823/3656/1682 1824/3657/1683 1822/3655/1681
f 1819/3652/1678 1818/3651/1677 1822/3655/1681
f 1822/3655/1681 1825/3658/1684 1819/3652/1678
f 1824/3657/1683 1826/3659/1685 1825/3658/1684
f 1825/3658/1684 1822/3655/1681 1824/3657/1683
f 1828/3660/1686 1827/3661/1687 1826/3659/1685
f 1826/3659/1685 1824/3657/1683 1828/3660/1686
f 1824/3657/1683 1823/3656/1682 1829/3662/1688
f 1829/3662/1688 1828/3660/1686 1824/3657/1683
f 1831/3663/1689 1830/3664/1690 1827/3661/1687
f 1827/3661/1687 1828/3660/1686 1831/3663/1689
f 1828/3660/1686 1829/3662/1688 1832/3665/1691
f 1832/3665/1691 1831/3663/1689 1828/3660/1686
f 1831/3663/1689 1832/3665/1691 1833/3666/1692
f 1833/3666/1692 1834/3667/1693 1831/3663/1689
f 1834/3667/1693 1833/3666/1692 1794/3628/1654
f 1794/3628/1654 1797/3627/1653 1834/3667/1693
f 1834/3667/1693 1835/3668/1694 1830/3664/1690
f 1830/3664/1690 1831/3663/1689 1834/3667/1693
f 1797/3627/1653 1802/3635/1661 1835/3668/1694
f 1835/3668/1694 1834/3667/1693 1797/3627/1653
f 1835/3668/1694 1836/3669/1695 1837/3670/1696
f 1837/3670/1696 1830/3664/1690 1835/3668/1694
f 1802/3635/1661 1838/3671/1697 1836/3669/1695
f 1836/3669/1695 1835/3668/1694 1802/3635/1661
f 1830/3664/1690 1837/3670/1696 1839/3672/1698
f 1839/3672/1698 1827/3661/1687 1830/3664/1690
f 1849/3673/1699 1840/3674/1700 1841/3675/1701
f 1849/3673/1699 1841/3675/1701 1842/3676/1702
f 1849/3673/1699 1842/3676/1702 1843/3677/1703
f 1849/3673/1699 1843/3677/1703 1844/3678/1704
f 1849/3673/1699 1844/3678/1704 1839/3672/1698
f 1849/3673/1699 1839/3672/1698 1837/3670/1696
f 1849/3673/1699 1837/3670/1696 1836/3669/1695
f 1849/3673/1699 1836/3669/1695 1838/3671/1697
f 1849/3673/1699 1838/3671/1697 1845/3679/1705
f 1849/3673/1699 1845/3679/1705 1846/3680/1706
f 1849/3673/1699 1846/3680/1706 1847/3681/1707
f 1847/3681/1707 1848/3682/1708 1849/3673/1699
f 1827/3661/1687 1839/3672/1698 1844/3678/1704
f 1844/3678/1704 1826/3659/1685 1827/3661/1687
f 1826/3659/1685 1844/3678/1704 1843/3677/1703
f 1843/3677/1703 1825/3658/1684 1826/3659/1685
f 1842/3676/1702 1819/3652/1678 1825/3658/1684
f 1825/3658/1684 1843/3677/1703 1842/3676/1702
f 1841/3675/1701 1816/3649/1675 1819/3652/1678
f 1819/3652/1678 1842/3676/1702 1841/3675/1701
f 1840/3674/1700 1814/3647/1673 1816/3649/1675
f 1816/3649/1675 1841/3675/1701 1840/3674/1700
f 1849/3673/1699 1813/3646/1672 1814/3647/1673
f 1814/3647/1673 1840/3674/1700 1849/3673/1699
f 1848/3682/1708 1807/3640/1666 1813/3646/1672
f 1813/3646/1672 1849/3673/1699 1848/3682/1708
f 1847/3681/1707 1803/3637/1663 1807/3640/1666
f 1807/3640/1666 1848/3682/1708 1847/3681/1707
f 1803/3637/1663 1847/3681/1707 1846/3680/1706
f 1846/3680/1706 1800/3634/1660 1803/3637/1663
f 1845/3679/1705 1801/3633/1659 1800/3634/1660
f 1800/3634/1660 1846/3680/1706 1845/3679/1705
f 1801/3633/1659 1845/3679/1705 1838/3671/1697
f 1838/3671/1697 1802/3635/1661 1801/3633/1659
f 3178/6424/2946 3175/6425/2947 3176/6426/2948
f 3176/6426/2948 3177/6427/2949 3178/6424/2946
f 3180/6428/2950 3176/6429/2951 3175/6430/2952
f 3175/6430/2952 3179/6431/2953 3180/6428/2950
f 3181/6432/2954 3175/6425/2947 3178/6424/2946
f 3179/6431/2953 3175/6430/2952 3181/6433/2955
f 3181/6433/2955 3182/6434/2956 3179/6431/2953
f 3178/6435/2957 3183/6436/2958 3184/6437/2959
f 3184/6437/2959 3185/6438/2960 3178/6435/2957
f 3177/6439/2961 3186/6440/2962 3183/6436/2958
f 3183/6436/2958 3178/6435/2957 3177/6439/2961
f 3178/6424/2946 3185/6441/2963 3187/6442/2963
f 3187/6442/2963 3181/6432/2954 3178/6424/2946
f 3188/6443/2964 3177/6444/2965 3176/6429/2951
f 3176/6429/2951 3180/6428/2950 3188/6443/2964
f 3190/6445/2966 3189/6446/2967 3177/6447/2961
f 3177/6447/2961 3188/6448/2968 3190/6445/2966
f 3186/6440/2962 3177/6439/2961 3191/6449/2969
f 3193/6450/2970 3192/6451/2971 3191/6452/2969
f 3191/6452/2969 3189/6453/2967 3193/6450/2970
f 3194/6454/2972 3193/6455/2970 3189/6446/2967
f 3189/6446/2967 3190/6445/2966 3194/6454/2972
f 3196/6456/2973 3195/6457/2974 3192/6451/2971
f 3192/6451/2971 3193/6450/2970 3196/6456/2973
f 3197/6458/2975 3196/6459/2973 3193/6455/2970
f 3193/6455/2970 3194/6454/2972 3197/6458/2975
f 3199/6460/2976 3198/6461/2977 3195/6457/2974
f 3195/6457/2974 3196/6456/2973 3199/6460/2976
f 3200/6462/2978 3199/6463/2976 3196/6459/2973
f 3196/6459/2973 3197/6458/2975 3200/6462/2978
f 3202/6464/2979 3201/6465/2980 3198/6461/2977
f 3198/6461/2977 3199/6460/2976 3202/6464/2979
f 3203/6466/2981 3202/6467/2979 3199/6463/2976
f 3199/6463/2976 3200/6462/2978 3203/6466/2981
f 3185/6438/2960 3184/6437/2959 3201/6465/2980
f 3201/6465/2980 3202/6464/2979 3185/6438/2960
f 3204/6468/2982 3185/6469/2960 3202/6467/2979
f 3202/6467/2979 3203/6466/2981 3204/6468/2982
f 3206/6470/2983 3204/6468/2982 3203/6466/2981
f 3203/6466/2981 3205/6471/2984 3206/6470/2983
f 3205/6471/2984 3203/6466/2981 3200/6462/2978
f 3200/6462/2978 3207/6472/2985 3205/6471/2984
f 3208/6473/2986 3187/6474/2987 3185/6475/2988
f 3185/6475/2988 3204/6476/2989 3208/6473/2986
f 3209/6477/2990 3208/6473/2986 3204/6476/2989
f 3204/6476/2989 3206/6478/2991 3209/6477/2990
f 3182/6434/2956 3181/6433/2955 3187/6474/2987
f 3187/6474/2987 3208/6473/2986 3182/6434/2956
f 3210/6479/2992 3182/6434/2956 3208/6473/2986
f 3208/6473/2986 3209/6477/2990 3210/6479/2992
f 3211/6480/2993 3179/6431/2953 3182/6434/2956
f 3182/6434/2956 3210/6479/2992 3211/6480/2993
f 3213/6481/2994 3211/6480/2993 3210/6479/2992
f 3210/6479/2992 3212/6482/2995 3213/6481/2994
f 3212/6482/2995 3210/6479/2992 3209/6477/2990
f 3209/6477/2990 3214/6483/2996 3212/6482/2995
f 3215/6484/2997 3180/6428/2950 3179/6431/2953
f 3179/6431/2953 3211/6480/2993 3215/6484/2997
f 3216/6485/2998 3215/6484/2997 3211/6480/2993
f 3211/6480/2993 3213/6481/2994 3216/6485/2998
f 3217/6486/2999 3188/6443/2964 3180/6428/2950
f 3180/6428/2950 3215/6484/2997 3217/6486/2999
f 3218/6487/3000 3217/6486/2999 3215/6484/2997
f 3215/6484/2997 3216/6485/2998 3218/6487/3000
f 3219/6488/3001 3190/6445/2966 3188/6448/2968
f 3188/6448/2968 3217/6489/3002 3219/6488/3001
f 3220/6490/3003 3219/6488/3001 3217/6489/3002
f 3217/6489/3002 3218/6491/3004 3220/6490/3003
f 3221/6492/3005 3194/6454/2972 3190/6445/2966
f 3190/6445/2966 3219/6488/3001 3221/6492/3005
f 3222/6493/3006 3221/6492/3005 3219/6488/3001
f 3219/6488/3001 3220/6490/3003 3222/6493/3006
f 3223/6494/3007 3197/6458/2975 3194/6454/2972
f 3194/6454/2972 3221/6492/3005 3223/6494/3007
f 3224/6495/3008 3223/6494/3007 3221/6492/3005
f 3221/6492/3005 3222/6493/3006 3224/6495/3008
f 3207/6472/2985 3200/6462/2978 3197/6458/2975
f 3197/6458/2975 3223/6494/3007 3207/6472/2985
f 3225/6496/3009 3207/6472/2985 3223/6494/3007
f 3223/6494/3007 3224/6495/3008 3225/6496/3009
f 3226/6497/3010 3205/6471/2984 3207/6472/2985
f 3207/6472/2985 3225/6496/3009 3226/6497/3010
f 3228/6498/3011 3226/6497/3010 3225/6496/3009
f 3225/6496/3009 3227/6499/3012 3228/6498/3011
f 3227/6499/3012 3225/6496/3009 3224/6495/3008
f 3224/6495/3008 3229/6500/3013 3227/6499/3012
f 3230/6501/3014 3206/6470/2983 3205/6471/2984
f 3205/6471/2984 3226/6497/3010 3230/6501/3014
f 3231/6502/3015 3230/6501/3014 3226/6497/3010
f 3226/6497/3010 3228/6498/3011 3231/6502/3015
f 3214/6483/2996 3209/6477/2990 3206/6478/2991
f 3206/6478/2991 3230/6503/3016 3214/6483/2996
f 3232/6504/3017 3214/6483/2996 3230/6503/3016
f 3230/6503/3016 3231/6505/3018 3232/6504/3017
f 3233/6506/3019 3212/6482/2995 3214/6483/2996
f 3214/6483/2996 3232/6504/3017 3233/6506/3019
f 3235/6507/3020 3233/6506/3019 3232/6504/3017
f 3232/6504/3017 3234/6508/3021 3235/6507/3020
f 3234/6508/3021 3232/6504/3017 3231/6505/3018
f 3231/6505/3018 3236/6509/3022 3234/6508/3021
f 3237/6510/3023 3213/6481/2994 3212/6482/2995
f 3212/6482/2995 3233/6506/3019 3237/6510/3023
f 3238/6511/3024 3237/6510/3023 3233/6506/3019
f 3233/6506/3019 3235/6507/3020 3238/6511/3024
f 3239/6512/3025 3216/6485/2998 3213/6481/2994
f 3213/6481/2994 3237/6510/3023 3239/6512/3025
f 3240/6513/3026 3239/6512/3025 3237/6510/3023
f 3237/6510/3023 3238/6511/3024 3240/6513/3026
f 3241/6514/3027 3218/6487/3000 3216/6485/2998
f 3216/6485/2998 3239/6512/3025 3241/6514/3027
f 3242/6515/3028 3241/6514/3027 3239/6512/3025
f 3239/6512/3025 3240/6513/3026 3242/6515/3028
f 3243/6516/3029 3220/6490/3003 3218/6491/3004
f 3218/6491/3004 3241/6517/3030 3243/6516/3029
f 3244/6518/3031 3243/6516/3029 3241/6517/3030
f 3241/6517/3030 3242/6519/3032 3244/6518/3031
f 3245/6520/3033 3222/6493/3006 3220/6490/3003
f 3220/6490/3003 3243/6516/3029 3245/6520/3033
f 3246/6521/3034 3245/6520/3033 3243/6516/3029
f 3243/6516/3029 3244/6518/3031 3246/6521/3034
f 3229/6500/3013 3224/6495/3008 3222/6493/3006
f 3222/6493/3006 3245/6520/3033 3229/6500/3013
f 3247/6522/3035 3229/6500/3013 3245/6520/3033
f 3245/6520/3033 3246/6521/3034 3247/6522/3035
f 3248/6523/3036 3227/6499/3012 3229/6500/3013
f 3229/6500/3013 3247/6522/3035 3248/6523/3036
f 3250/6524/3037 3248/6523/3036 3247/6522/3035
f 3247/6522/3035 3249/6525/3038 3250/6524/3037
f 3249/6525/3038 3247/6522/3035 3246/6521/3034
f 3246/6521/3034 3251/6526/3039 3249/6525/3038
f 3252/6527/3040 3228/6498/3011 3227/6499/3012
f 3227/6499/3012 3248/6523/3036 3252/6527/3040
f 3253/6528/3041 3252/6527/3040 3248/6523/3036
f 3248/6523/3036 3250/6524/3037 3253/6528/3041
f 3236/6529/3042 3231/6502/3015 3228/6498/3011
f 3228/6498/3011 3252/6527/3040 3236/6529/3042
f 3254/6530/3043 3236/6529/3042 3252/6527/3040
f 3252/6527/3040 3253/6528/3041 3254/6530/3043
f 3255/6531/3044 3234/6508/3021 3236/6509/3022
f 3236/6509/3022 3254/6532/3045 3255/6531/3044
f 3257/6533/3046 3254/6530/3043 3253/6528/3041
f 3253/6528/3041 3256/6534/3047 3257/6533/3046
f 3258/6535/3048 3255/6531/3044 3254/6532/3045
f 3254/6532/3045 3257/6536/3049 3258/6535/3048
f 3259/6537/3050 3235/6507/3020 3234/6508/3021
f 3234/6508/3021 3255/6531/3044 3259/6537/3050
f 3260/6538/3051 3259/6537/3050 3255/6531/3044
f 3255/6531/3044 3258/6535/3048 3260/6538/3051
f 3261/6539/3052 3238/6511/3024 3235/6507/3020
f 3235/6507/3020 3259/6537/3050 3261/6539/3052
f 3262/6540/3053 3261/6539/3052 3259/6537/3050
f 3259/6537/3050 3260/6538/3051 3262/6540/3053
f 3263/6541/3054 3240/6513/3026 3238/6511/3024
f 3238/6511/3024 3261/6539/3052 3263/6541/3054
f 3264/6542/3055 3263/6541/3054 3261/6539/3052
f 3261/6539/3052 3262/6540/3053 3264/6542/3055
f 3265/6543/3056 3242/6515/3028 3240/6513/3026
f 3240/6513/3026 3263/6541/3054 3265/6543/3056
f 3266/6544/3057 3265/6543/3056 3263/6541/3054
f 3263/6541/3054 3264/6542/3055 3266/6544/3057
f 3267/6545/3058 3244/6518/3031 3242/6519/3032
f 3242/6519/3032 3265/6546/3059 3267/6545/3058
f 3268/6547/3060 3267/6545/3058 3265/6546/3059
f 3265/6546/3059 3266/6548/3061 3268/6547/3060
f 3251/6526/3039 3246/6521/3034 3244/6518/3031
f 3244/6518/3031 3267/6545/3058 3251/6526/3039
f 3269/6549/3062 3251/6526/3039 3267/6545/3058
f 3267/6545/3058 3268/6547/3060 3269/6549/3062
f 3270/6550/3063 3249/6525/3038 3251/6526/3039
f 3251/6526/3039 3269/6549/3062 3270/6550/3063
f 3272/6551/3064 3270/6550/3063 3269/6549/3062
f 3269/6549/3062 3271/6552/3065 3272/6551/3064
f 3271/6552/3065 3269/6549/3062 3268/6547/3060
f 3268/6547/3060 3273/6553/3066 3271/6552/3065
f 3274/6554/3067 3250/6524/3037 3249/6525/3038
f 3249/6525/3038 3270/6550/3063 3274/6554/3067
f 3275/6555/3068 3274/6554/3067 3270/6550/3063
f 3270/6550/3063 3272/6551/3064 3275/6555/3068
f 3256/6534/3047 3253/6528/3041 3250/6524/3037
f 3250/6524/3037 3274/6554/3067 3256/6534/3047
f 3276/6556/3069 3256/6534/3047 3274/6554/3067
f 3274/6554/3067 3275/6555/3068 3276/6556/3069
f 3277/6557/3070 3257/6533/3046 3256/6534/3047
f 3256/6534/3047 3276/6556/3069 3277/6557/3070
f 3279/6558/3071 3277/6559/3070 3276/6560/3069
f 3276/6560/3069 3278/6561/3072 3279/6558/3071
f 3278/6561/3072 3276/6560/3069 3275/6562/3068
f 3275/6562/3068 3280/6563/3073 3278/6561/3072
f 3281/6564/3074 3258/6535/3048 3257/6536/3049
f 3257/6536/3049 3277/6565/3075 3281/6564/3074
f 3282/6566/3076 3281/6567/3074 3277/6568/3075
f 3277/6568/3075 3279/6569/3077 3282/6566/3076
f 3283/6570/3078 3260/6538/3051 3258/6535/3048
f 3258/6535/3048 3281/6564/3074 3283/6570/3078
f 3284/6571/3079 3283/6572/3078 3281/6567/3074
f 3281/6567/3074 3282/6566/3076 3284/6571/3079
f 3285/6573/3080 3262/6540/3053 3260/6538/3051
f 3260/6538/3051 3283/6570/3078 3285/6573/3080
f 3286/6574/3081 3285/6575/3080 3283/6572/3078
f 3283/6572/3078 3284/6571/3079 3286/6574/3081
f 3287/6576/3082 3264/6542/3055 3262/6540/3053
f 3262/6540/3053 3285/6573/3080 3287/6576/3082
f 3288/6577/3083 3287/6578/3082 3285/6575/3080
f 3285/6575/3080 3286/6574/3081 3288/6577/3083
f 3289/6579/3084 3266/6544/3057 3264/6542/3055
f 3264/6542/3055 3287/6576/3082 3289/6579/3084
f 3290/6580/3085 3289/6581/3084 3287/6578/3082
f 3287/6578/3082 3288/6577/3083 3290/6580/3085
f 3273/6553/3066 3268/6547/3060 3266/6548/3061
f 3266/6548/3061 3289/6582/3086 3273/6553/3066
f 3291/6583/3087 3273/6584/3066 3289/6585/3086
f 3289/6585/3086 3290/6586/3088 3291/6583/3087
f 3292/6587/3089 3271/6588/3065 3273/6584/3066
f 3273/6584/3066 3291/6583/3087 3292/6587/3089
f 3294/6589/3090 3292/6587/3089 3291/6583/3087
f 3291/6583/3087 3293/6590/3091 3294/6589/3090
f 3293/6590/3091 3291/6583/3087 3290/6586/3088
f 3290/6586/3088 3295/6591/3092 3293/6590/3091
f 3296/6592/3093 3272/6593/3064 3271/6588/3065
f 3271/6588/3065 3292/6587/3089 3296/6592/3093
f 3297/6594/3094 3296/6592/3093 3292/6587/3089
f 3292/6587/3089 3294/6589/3090 3297/6594/3094
f 3280/6563/3073 3275/6562/3068 3272/6593/3064
f 3272/6593/3064 3296/6592/3093 3280/6563/3073
f 3298/6595/3095 3280/6563/3073 3296/6592/3093
f 3296/6592/3093 3297/6594/3094 3298/6595/3095
f 3299/6596/3096 3278/6561/3072 3280/6563/3073
f 3280/6563/3073 3298/6595/3095 3299/6596/3096
f 3301/6597/3097 3299/6596/3096 3298/6595/3095
f 3298/6595/3095 3300/6598/3098 3301/6597/3097
f 3300/6598/3098 3298/6595/3095 3297/6594/3094
f 3297/6594/3094 3302/6599/3099 3300/6598/3098
f 3303/6600/3100 3279/6558/3071 3278/6561/3072
f 3278/6561/3072 3299/6596/3096 3303/6600/3100
f 3304/6601/3101 3303/6600/3100 3299/6596/3096
f 3299/6596/3096 3301/6597/3097 3304/6601/3101
f 3305/6602/3102 3282/6566/3076 3279/6569/3077
f 3279/6569/3077 3303/6603/3103 3305/6602/3102
f 3306/6604/3104 3305/6602/3102 3303/6603/3103
f 3303/6603/3103 3304/6605/3105 3306/6604/3104
f 3307/6606/3106 3284/6571/3079 3282/6566/3076
f 3282/6566/3076 3305/6602/3102 3307/6606/3106
f 3308/6607/3107 3307/6606/3106 3305/6602/3102
f 3305/6602/3102 3306/6604/3104 3308/6607/3107
f 3309/6608/3108 3286/6574/3081 3284/6571/3079
f 3284/6571/3079 3307/6606/3106 3309/6608/3108
f 3310/6609/3109 3309/6608/3108 3307/6606/3106
f 3307/6606/3106 3308/6607/3107 3310/6609/3109
f 3311/6610/3110 3288/6577/3083 3286/6574/3081
f 3286/6574/3081 3309/6608/3108 3311/6610/3110
f 3312/6611/3111 3311/6610/3110 3309/6608/3108
f 3309/6608/3108 3310/6609/3109 3312/6611/3111
f 3295/6612/3112 3290/6580/3085 3288/6577/3083
f 3288/6577/3083 3311/6610/3110 3295/6612/3112
f 3313/6613/3113 3295/6612/3112 3311/6610/3110
f 3311/6610/3110 3312/6611/3111 3313/6613/3113
f 3314/6614/3114 3293/6590/3091 3295/6591/3092
f 3295/6591/3092 3313/6615/3115 3314/6614/3114
f 3316/6616/3116 3314/6614/3114 3313/6615/3115
f 3313/6615/3115 3315/6617/3117 3316/6616/3116
f 3315/6618/3118 3313/6613/3113 3312/6611/3111
f 3312/6611/3111 3317/6619/3119 3315/6618/3118
f 3318/6620/3120 3294/6589/3090 3293/6590/3091
f 3293/6590/3091 3314/6614/3114 3318/6620/3120
f 3319/6621/3121 3318/6620/3120 3314/6614/3114
f 3314/6614/3114 3316/6616/3116 3319/6621/3121
f 3302/6599/3099 3297/6594/3094 3294/6589/3090
f 3294/6589/3090 3318/6620/3120 3302/6599/3099
f 3320/6622/3122 3302/6599/3099 3318/6620/3120
f 3318/6620/3120 3319/6621/3121 3320/6622/3122
f 3321/6623/3123 3300/6598/3098 3302/6599/3099
f 3302/6599/3099 3320/6622/3122 3321/6623/3123
f 3323/6624/3124 3321/6623/3123 3320/6622/3122
f 3320/6622/3122 3322/6625/3125 3323/6624/3124
f 3322/6625/3125 3320/6622/3122 3319/6621/3121
f 3319/6621/3121 3324/6626/3126 3322/6625/3125
f 3325/6627/3127 3301/6597/3097 3300/6598/3098
f 3300/6598/3098 3321/6623/3123 3325/6627/3127
f 3326/6628/3128 3325/6627/3127 3321/6623/3123
f 3321/6623/3123 3323/6624/3124 3326/6628/3128
f 3327/6629/3129 3304/6601/3101 3301/6597/3097
f 3301/6597/3097 3325/6627/3127 3327/6629/3129
f 3328/6630/3130 3327/6629/3129 3325/6627/3127
f 3325/6627/3127 3326/6628/3128 3328/6630/3130
f 3329/6631/3131 3306/6604/3104 3304/6605/3105
f 3304/6605/3105 3327/6632/3132 3329/6631/3131
f 3330/6633/3133 3329/6631/3131 3327/6632/3132
f 3327/6632/3132 3328/6634/3134 3330/6633/3133
f 3331/6635/3135 3308/6607/3107 3306/6604/3104
f 3306/6604/3104 3329/6631/3131 3331/6635/3135
f 3332/6636/3136 3331/6635/3135 3329/6631/3131
f 3329/6631/3131 3330/6633/3133 3332/6636/3136
f 3333/6637/3137 3310/6609/3109 3308/6607/3107
f 3308/6607/3107 3331/6635/3135 3333/6637/3137
f 3334/6638/3138 3333/6637/3137 3331/6635/3135
f 3331/6635/3135 3332/6636/3136 3334/6638/3138
f 3317/6619/3119 3312/6611/3111 3310/6609/3109
f 3310/6609/3109 3333/6637/3137 3317/6619/3119
f 3335/6639/3139 3317/6619/3119 3333/6637/3137
f 3333/6637/3137 3334/6638/3138 3335/6639/3139
f 3336/6640/3140 3315/6618/3118 3317/6619/3119
f 3317/6619/3119 3335/6639/3139 3336/6640/3140
f 3338/6641/3141 3336/6640/3140 3335/6639/3139
f 3335/6639/3139 3337/6642/3142 3338/6641/3141
f 3337/6642/3142 3335/6639/3139 3334/6638/3138
f 3334/6638/3138 3339/6643/3143 3337/6642/3142
f 3340/6644/3144 3316/6616/3116 3315/6617/3117
f 3315/6617/3117 3336/6645/3145 3340/6644/3144
f 3341/6646/3146 3340/6644/3144 3336/6645/3145
f 3336/6645/3145 3338/6647/3147 3341/6646/3146
f 3324/6626/3126 3319/6621/3121 3316/6616/3116
f 3316/6616/3116 3340/6644/3144 3324/6626/3126
f 3342/6648/3148 3324/6626/3126 3340/6644/3144
f 3340/6644/3144 3341/6646/3146 3342/6648/3148
f 3343/6649/3149 3322/6625/3125 3324/6626/3126
f 3324/6626/3126 3342/6648/3148 3343/6649/3149
f 3345/6650/3150 3343/6649/3149 3342/6648/3148
f 3342/6648/3148 3344/6651/3151 3345/6650/3150
f 3344/6651/3151 3342/6648/3148 3341/6646/3146
f 3341/6646/3146 3346/6652/3152 3344/6651/3151
f 3347/6653/3153 3323/6624/3124 3322/6625/3125
f 3322/6625/3125 3343/6649/3149 3347/6653/3153
f 3348/6654/3154 3347/6653/3153 3343/6649/3149
f 3343/6649/3149 3345/6650/3150 3348/6654/3154
f 3349/6655/3155 3326/6628/3128 3323/6624/3124
f 3323/6624/3124 3347/6653/3153 3349/6655/3155
f 3350/6656/3156 3349/6655/3155 3347/6653/3153
f 3347/6653/3153 3348/6654/3154 3350/6656/3156
f 3351/6657/3157 3328/6630/3130 3326/6628/3128
f 3326/6628/3128 3349/6655/3155 3351/6657/3157
f 3198/6658/3158 3351/6657/3157 3349/6655/3155
f 3349/6655/3155 3350/6656/3156 3198/6658/3158
f 3352/6659/3159 3330/6633/3133 3328/6634/3134
f 3328/6634/3134 3351/6660/3160 3352/6659/3159
f 3201/6661/2980 3352/6659/3159 3351/6660/3160
f 3351/6660/3160 3198/6662/2977 3201/6661/2980
f 3353/6663/3161 3332/6636/3136 3330/6633/3133
f 3330/6633/3133 3352/6659/3159 3353/6663/3161
f 3184/6664/2959 3353/6663/3161 3352/6659/3159
f 3352/6659/3159 3201/6661/2980 3184/6664/2959
f 3339/6643/3143 3334/6638/3138 3332/6636/3136
f 3332/6636/3136 3353/6663/3161 3339/6643/3143
f 3183/6665/2958 3339/6643/3143 3353/6663/3161
f 3353/6663/3161 3184/6664/2959 3183/6665/2958
f 3186/6666/2962 3337/6642/3142 3339/6643/3143
f 3339/6643/3143 3183/6665/2958 3186/6666/2962
f 3348/6667/3162 3195/6668/3163 3198/6669/3164
f 3198/6669/3164 3350/6670/3164 3348/6667/3162
f 3348/6667/3162 3345/6671/3165 3195/6668/3163
f 3344/6672/3166 3192/6673/3167 3195/6668/3163
f 3195/6668/3163 3345/6671/3165 3344/6672/3166
f 3344/6672/3166 3346/6674/3168 3192/6673/3167
f 3346/6652/3152 3341/6646/3146 3338/6647/3147
f 3338/6647/3147 3191/6675/3169 3346/6652/3152
f 3191/6676/3170 3192/6673/3167 3346/6674/3168
f 3191/6677/2969 3338/6641/3141 3337/6642/3142
f 3337/6642/3142 3186/6666/2962 3191/6677/2969
f 3177/6678/2961 3189/6453/2967 3191/6452/2969
usemtl Receiver+Magazine
f 1857/3683/13 1850/3684/13 1851/3685/13
f 1857/3683/13 1851/3685/13 1852/3686/13
f 1857/3683/13 1852/3686/13 1853/3687/13
f 1857/3683/13 1853/3687/13 1854/3688/13
f 1857/3683/13 1854/3688/13 1855/3689/13
f 1855/3689/13 1856/3690/13 1857/3683/13
f 1863/3691/13 1858/3692/13 1859/3693/13
f 1863/3691/13 1859/3693/13 1860/3694/13
f 1863/3691/13 1860/3694/13 1861/3695/13
f 1863/3691/13 1861/3695/13 1854/3688/13
f 1863/3691/13 1854/3688/13 1853/3687/13
f 1853/3687/13 1862/3696/13 1863/3691/13
f 1867/3697/1709 1864/3698/1709 1865/3699/1709
f 1865/3699/1709 1866/3700/1709 1867/3697/1709
f 1871/3701/65 1868/3702/1710 1869/3703/1711
f 1869/3703/1711 1870/3704/65 1871/3701/65
f 1864/3705/1712 1872/3706/1712 1873/3707/1713
f 1873/3707/1713 1865/3708/1714 1864/3705/1712
f 1877/3709/13 1874/3710/13 1875/3711/1715
f 1875/3711/1715 1876/3712/1716 1877/3709/13
f 1880/3713/1717 1865/3708/1714 1878/3714/1718
f 1878/3714/1718 1879/3715/1719 1880/3713/1717
f 1866/3716/1720 1865/3717/1721 1880/3718/1720
f 1880/3718/1720 1881/3719/1721 1866/3716/1720
f 1881/3720/1722 1882/3721/1722 1867/3722/1722
f 1867/3722/1722 1866/3723/1722 1881/3720/1722
f 1884/3724/13 1870/3725/13 1869/3726/13
f 1869/3726/13 1883/3727/13 1884/3724/13
f 1873/3707/1713 1885/3728/1723 1865/3708/1714
f 1885/3728/1723 1878/3714/1718 1865/3708/1714
f 1887/3729/1724 1886/3730/1725 1878/3731/1726
f 1878/3731/1726 1885/3732/1727 1887/3729/1724
f 1888/3733/1728 1887/3729/1724 1885/3732/1727
f 1885/3732/1727 1873/3734/1729 1888/3733/1728
f 1879/3715/1719 1889/3735/1730 1880/3713/1717
f 1889/3735/1730 1868/3736/1731 1880/3713/1717
f 1890/3737/1732 1869/3703/1711 1868/3702/1710
f 1868/3702/1710 1889/3738/1733 1890/3737/1732
f 1874/3739/1734 1890/3737/1732 1889/3738/1733
f 1889/3738/1733 1879/3740/1735 1874/3739/1734
f 1873/3734/1729 1872/3741/103 1891/3742/103
f 1891/3742/103 1888/3733/1728 1873/3734/1729
f 1892/3743/13 1890/3744/13 1874/3710/13
f 1874/3710/13 1877/3709/13 1892/3743/13
f 1893/3745/1736 1850/3746/1737 1857/3747/1738
f 1857/3747/1738 1876/3748/21 1893/3745/1736
f 1894/3749/1739 1851/3750/1739 1850/3751/1737
f 1850/3751/1737 1893/3752/1736 1894/3749/1739
f 1883/3727/13 1869/3726/13 1890/3744/13
f 1890/3744/13 1892/3743/13 1883/3727/13
f 1854/3753/103 1884/3754/103 1883/3755/1740
f 1883/3755/1740 1855/3756/1740 1854/3753/103
f 1886/3730/1725 1887/3729/1724 1895/3757/1741
f 1855/3756/1740 1883/3755/1740 1892/3758/1742
f 1892/3758/1742 1856/3759/1743 1855/3756/1740
f 1856/3759/1743 1892/3758/1742 1877/3760/1744
f 1877/3760/1744 1857/3761/1738 1856/3759/1743
f 1878/3762/1726 1886/3763/1725 1875/3764/76
f 1899/3765/1745 1896/3766/1746 1897/3767/1746
f 1897/3767/1746 1898/3768/1747 1899/3765/1745
f 1894/3769/13 1887/3770/13 1888/3771/13
f 1888/3771/13 1900/3772/13 1894/3769/13
f 1893/3773/13 1895/3774/13 1887/3770/13
f 1887/3770/13 1894/3769/13 1893/3773/13
f 1904/3775/1748 1901/3776/1749 1902/3777/1749
f 1902/3777/1749 1903/3778/1748 1904/3775/1748
f 1903/3779/103 1902/3780/103 1905/3781/103
f 1905/3781/103 1906/3782/103 1903/3779/103
f 1852/3783/1750 1851/3750/1739 1894/3749/1739
f 1894/3749/1739 1900/3784/1750 1852/3783/1750
f 1896/3785/21 1893/3745/1736 1876/3748/21
f 1879/3786/1735 1878/3762/1726 1875/3764/76
f 1875/3764/76 1874/3787/1734 1879/3786/1735
f 1907/3788/1751 1904/3789/1751 1903/3790/1751
f 1903/3790/1751 1906/3791/1751 1907/3788/1751
f 1906/3792/1752 1905/3793/1753 1908/3794/1753
f 1908/3794/1753 1907/3795/1752 1906/3792/1752
f 1907/3796/1754 1908/3797/1754 1901/3798/1755
f 1901/3798/1755 1904/3799/1754 1907/3796/1754
f 1908/3797/1754 1899/3765/1745 1898/3768/1747
f 1898/3768/1747 1901/3798/1755 1908/3797/1754
f 1905/3793/1753 1893/3745/1736 1899/3800/1756
f 1899/3800/1756 1908/3794/1753 1905/3793/1753
f 1902/3780/103 1895/3801/103 1893/3802/103
f 1893/3802/103 1905/3781/103 1902/3780/103
f 1901/3776/1749 1898/3803/1757 1895/3804/1741
f 1895/3804/1741 1902/3777/1749 1901/3776/1749
f 1877/3805/1744 1876/3748/21 1857/3747/1738
f 1893/3745/1736 1896/3785/21 1899/3800/1756
f 1875/3711/1715 1897/3767/1746 1896/3766/1746
f 1896/3766/1746 1876/3712/1716 1875/3711/1715
f 1875/3764/76 1886/3763/1725 1897/3806/76
f 1897/3806/76 1886/3763/1725 1895/3804/1741
f 1895/3804/1741 1898/3803/1757 1897/3806/76
f 1881/3807/1758 1880/3808/1758 1909/3809/1758
f 1909/3809/1758 1882/3810/1758 1881/3807/1758
f 1909/3811/13 1880/3713/1717 1868/3736/1731
f 1868/3736/1731 1871/3812/13 1909/3811/13
f 1900/3813/13 1888/3814/13 1891/3815/13
f 1891/3815/13 1910/3816/13 1900/3813/13
f 1852/3783/1750 1900/3784/1750 1910/3817/65
f 1910/3817/65 1853/3818/65 1852/3783/1750
f 1912/3819/1709 1864/3698/1709 1867/3697/1709
f 1867/3697/1709 1911/3820/1709 1912/3819/1709
f 1914/3821/1759 1913/3822/1760 1871/3701/65
f 1871/3701/65 1870/3704/65 1914/3821/1759
f 1915/3823/1761 1872/3706/1712 1864/3705/1712
f 1864/3705/1712 1912/3824/1762 1915/3823/1761
f 1919/3825/1763 1916/3826/13 1917/3827/13
f 1917/3827/13 1918/3828/1764 1919/3825/1763
f 1922/3829/1765 1912/3824/1762 1920/3830/1766
f 1920/3830/1766 1921/3831/1767 1922/3829/1765
f 1920/3832/1768 1912/3833/1769 1911/3834/1768
f 1911/3834/1768 1923/3835/1769 1920/3832/1768
f 1867/3722/1722 1882/3721/1722 1923/3836/1722
f 1923/3836/1722 1911/3837/1722 1867/3722/1722
f 1914/3838/13 1870/3725/13 1884/3724/13
f 1884/3724/13 1924/3839/13 1914/3838/13
f 1915/3823/1761 1912/3824/1762 1925/3840/1770
f 1925/3840/1770 1912/3824/1762 1922/3829/1765
f 1922/3841/1771 1926/3842/1772 1927/3843/1773
f 1927/3843/1773 1925/3844/1774 1922/3841/1771
f 1925/3844/1774 1927/3843/1773 1928/3845/1775
f 1928/3845/1775 1915/3846/1776 1925/3844/1774
f 1921/3831/1767 1920/3830/1766 1929/3847/1777
f 1929/3847/1777 1920/3830/1766 1913/3848/1778
f 1913/3822/1760 1914/3821/1759 1930/3849/1779
f 1930/3849/1779 1929/3850/1780 1913/3822/1760
f 1929/3850/1780 1930/3849/1779 1916/3851/1781
f 1916/3851/1781 1921/3852/1781 1929/3850/1780
f 1891/3742/103 1872/3741/103 1915/3846/1776
f 1915/3846/1776 1928/3845/1775 1891/3742/103
f 1916/3826/13 1930/3853/13 1931/3854/13
f 1931/3854/13 1917/3827/13 1916/3826/13
f 1859/3855/1782 1858/3856/1783 1932/3857/1784
f 1932/3857/1784 1918/3858/76 1859/3855/1782
f 1858/3859/1783 1863/3860/1785 1933/3861/1785
f 1933/3861/1785 1932/3862/1784 1858/3859/1783
f 1930/3853/13 1914/3838/13 1924/3839/13
f 1924/3839/13 1931/3854/13 1930/3853/13
f 1924/3863/1786 1884/3754/103 1854/3753/103
f 1854/3753/103 1861/3864/1786 1924/3863/1786
f 1926/3842/1772 1934/3865/1787 1927/3843/1773
f 1931/3866/1788 1924/3863/1786 1861/3864/1786
f 1861/3864/1786 1860/3867/1789 1931/3866/1788
f 1917/3868/1790 1931/3866/1788 1860/3867/1789
f 1860/3867/1789 1859/3869/1782 1917/3868/1790
f 1922/3870/1771 1919/3871/21 1926/3872/1772
f 1938/3873/1791 1935/3874/1791 1936/3875/1792
f 1936/3875/1792 1937/3876/1793 1938/3873/1791
f 1928/3877/13 1927/3878/13 1933/3879/13
f 1933/3879/13 1939/3880/13 1928/3877/13
f 1927/3878/13 1934/3881/13 1932/3882/13
f 1932/3882/13 1933/3879/13 1927/3878/13
f 1943/3883/1794 1940/3884/1794 1941/3885/1795
f 1941/3885/1795 1942/3886/1795 1943/3883/1794
f 1945/3887/103 1943/3888/103 1942/3889/103
f 1942/3889/103 1944/3890/103 1945/3887/103
f 1933/3861/1785 1863/3860/1785 1862/3891/1796
f 1862/3891/1796 1939/3892/1796 1933/3861/1785
f 1935/3893/76 1918/3858/76 1932/3857/1784
f 1919/3871/21 1922/3870/1771 1921/3894/1781
f 1921/3894/1781 1916/3895/1781 1919/3871/21
f 1942/3896/1797 1941/3897/1797 1946/3898/1797
f 1946/3898/1797 1944/3899/1797 1942/3896/1797
f 1947/3900/1798 1945/3901/1798 1944/3902/1799
f 1944/3902/1799 1946/3903/1799 1947/3900/1798
f 1940/3904/1800 1947/3905/1801 1946/3906/1801
f 1946/3906/1801 1941/3907/1801 1940/3904/1800
f 1937/3876/1793 1936/3875/1792 1947/3905/1801
f 1947/3905/1801 1940/3904/1800 1937/3876/1793
f 1936/3908/1802 1932/3857/1784 1945/3901/1798
f 1945/3901/1798 1947/3900/1798 1936/3908/1802
f 1932/3909/103 1934/3910/103 1943/3888/103
f 1943/3888/103 1945/3887/103 1932/3909/103
f 1934/3911/1787 1937/3912/1803 1940/3884/1794
f 1940/3884/1794 1943/3883/1794 1934/3911/1787
f 1917/3913/1790 1859/3855/1782 1918/3858/76
f 1932/3857/1784 1936/3908/1802 1935/3893/76
f 1935/3874/1791 1938/3873/1791 1919/3825/1763
f 1919/3825/1763 1918/3828/1764 1935/3874/1791
f 1919/3871/21 1938/3914/21 1926/3872/1772
f 1934/3911/1787 1926/3872/1772 1938/3914/21
f 1938/3914/21 1937/3912/1803 1934/3911/1787
f 1909/3809/1758 1920/3915/1758 1923/3916/1758
f 1923/3916/1758 1882/3810/1758 1909/3809/1758
f 1913/3848/1778 1920/3830/1766 1909/3811/13
f 1909/3811/13 1871/3812/13 1913/3848/1778
f 1891/3815/13 1928/3917/13 1939/3918/13
f 1939/3918/13 1910/3816/13 1891/3815/13
f 1910/3817/65 1939/3892/1796 1862/3891/1796
f 1862/3891/1796 1853/3818/65 1910/3817/65
f 1948/3919/65 1949/3920/65 1950/3921/65
f 1948/3919/65 1950/3921/65 1951/3922/65
f 1952/3923/1804 1953/3924/1804 1954/3925/1805
f 1958/3926/1806 1955/3927/1807 1956/3928/1808
f 1956/3928/1808 1957/3929/1809 1958/3926/1806
f 1962/3930/1810 1959/3931/1810 1960/3932/1811
f 1960/3932/1811 1961/3933/1811 1962/3930/1810
f 1960/3934/1812 1959/3935/1813 1956/3936/1814
f 1956/3936/1814 1963/3937/1815 1960/3934/1812
f 1967/3938/1816 1964/3939/103 1965/3940/103
f 1965/3940/103 1966/3941/1817 1967/3938/1816
f 1968/3942/1818 1953/3924/1804 1952/3923/1804
f 1968/3942/1818 1952/3923/1804 1969/3943/1819
f 1972/3944/21 1970/3945/21 1948/3946/21
f 1948/3946/21 1971/3947/21 1972/3944/21
f 1976/3948/21 1973/3949/21 1974/3950/21
f 1974/3950/21 1975/3951/21 1976/3948/21
f 1980/3952/21 1977/3953/21 1978/3954/21
f 1978/3954/21 1979/3955/21 1980/3952/21
f 1984/3956/76 1981/3957/76 1982/3958/76
f 1982/3958/76 1983/3959/76 1984/3956/76
f 1988/3960/1820 1985/3961/1820 1986/3962/1821
f 1986/3962/1821 1987/3963/1821 1988/3960/1820
f 1990/3964/1817 1989/3965/103 1977/3966/103
f 1977/3966/103 1980/3967/103 1990/3964/1817
f 1991/3968/21 1992/3969/21 1954/3970/1822
f 1989/3971/52 1993/3972/52 1994/3973/52
f 1994/3973/52 1995/3974/1823 1989/3971/52
f 2000/3975/21 1996/3976/21 1997/3977/21
f 2000/3975/21 1997/3977/21 1994/3978/21
f 2000/3975/21 1994/3978/21 1998/3979/21
f 1998/3979/21 1999/3980/21 2000/3975/21
f 1993/3972/52 2001/3981/52 2002/3982/52
f 2002/3982/52 1994/3973/52 1993/3972/52
f 2003/3983/21 2004/3984/21 1994/3978/21
f 1998/3979/21 1994/3978/21 2005/3985/21
f 2005/3985/21 1994/3978/21 2004/3984/21
f 2002/3986/21 2003/3983/21 1994/3978/21
f 2004/3987/1824 2003/3988/1825 2006/3989/1825
f 2006/3989/1825 2007/3990/1826 2004/3987/1824
f 2005/3991/1827 2004/3987/1824 2007/3990/1826
f 2007/3990/1826 2008/3992/1827 2005/3991/1827
f 1999/3993/103 1998/3994/1828 2009/3995/1829
f 2009/3995/1829 2010/3996/103 1999/3993/103
f 1998/3994/1828 2005/3991/1827 2008/3992/1827
f 2008/3992/1827 2009/3995/1829 1998/3994/1828
f 1983/3997/13 2011/3998/13 2012/3999/13
f 2012/3999/13 1984/4000/13 1983/3997/13
f 2013/4001/1830 2014/4002/1831 2015/4003/1832
f 2016/4004/21 1991/3968/21 1989/4005/21
f 1989/4005/21 1990/4006/1833 2016/4004/21
f 2013/4001/1830 2015/4003/1832 2017/4007/1834
f 2019/4008/1835 2018/4009/21 2016/4004/21
f 2016/4004/21 1990/4006/1833 2019/4008/1835
f 2022/4010/76 2020/4011/76 1965/4012/76
f 1965/4012/76 2021/4013/76 2022/4010/76
f 2024/4014/76 2011/4015/76 2023/4016/76
f 2023/4016/76 1966/4017/1836 2024/4014/76
f 2020/4018/103 2024/4019/103 1966/3941/1817
f 1966/3941/1817 1965/3940/103 2020/4018/103
f 2011/4015/76 2014/4020/76 2012/4021/76
f 2025/4022/52 2024/4023/52 2026/4024/52
f 2031/4025/76 2027/4026/76 2028/4027/76
f 2031/4025/76 2028/4027/76 2029/4028/76
f 2031/4025/76 2029/4028/76 2030/4029/76
f 2030/4029/76 2026/4030/76 2031/4025/76
f 2033/4031/52 2032/4032/52 2025/4022/52
f 2025/4022/52 2026/4024/52 2033/4031/52
f 2034/4033/76 2026/4030/76 2035/4034/76
f 2030/4029/76 2036/4035/76 2026/4030/76
f 2036/4035/76 2035/4034/76 2026/4030/76
f 2033/4036/76 2026/4030/76 2034/4033/76
f 2038/4037/1837 2034/4038/1838 2035/4039/1839
f 2035/4039/1839 2037/4040/1839 2038/4037/1837
f 2037/4040/1839 2035/4039/1839 2036/4041/1827
f 2036/4041/1827 2039/4042/1827 2037/4040/1839
f 2041/4043/1828 2030/4044/1828 2029/4045/103
f 2029/4045/103 2040/4046/103 2041/4043/1828
f 2039/4042/1827 2036/4041/1827 2030/4044/1828
f 2030/4044/1828 2041/4043/1828 2039/4042/1827
f 2045/4047/1840 2042/4048/1841 2043/4049/1842
f 2043/4049/1842 2044/4050/1843 2045/4047/1840
f 2048/4051/21 2045/4047/1840 2046/4052/1844
f 2046/4052/1844 2047/4053/21 2048/4051/21
f 2048/4051/21 2047/4053/21 2049/4054/21
f 2049/4054/21 2047/4053/21 2050/4055/21
f 2008/4056/21 2051/4057/21 2009/4058/21
f 2047/4053/21 2010/4059/21 2052/4060/21
f 2052/4060/21 2050/4055/21 2047/4053/21
f 2052/4060/21 2010/4059/21 2053/4061/21
f 2010/4059/21 2009/4058/21 2051/4057/21
f 2051/4057/21 2053/4061/21 2010/4059/21
f 2006/4062/21 2051/4057/21 2007/4063/21
f 2007/4063/21 2051/4057/21 2008/4056/21
f 2011/4064/103 2054/4065/103 2055/4066/103
f 2023/4067/103 2055/4066/103 2056/4068/103
f 1972/4069/52 2016/4070/52 2018/4071/52
f 2018/4071/52 1970/4072/52 1972/4069/52
f 1981/4073/52 2057/4074/52 2023/4075/52
f 2023/4075/52 1982/4076/52 1981/4073/52
f 1948/4077/13 1992/4078/13 1991/4079/13
f 1991/4079/13 1971/4080/13 1948/4077/13
f 1981/4081/65 2058/4082/65 2059/4083/65
f 1981/4081/65 2060/4084/65 2057/4085/65
f 2016/4086/103 2061/4087/103 1991/4088/103
f 1991/4088/103 2061/4087/103 2062/4089/103
f 2064/4090/65 2063/4091/65 2057/4085/65
f 2057/4085/65 2012/4092/65 2064/4090/65
f 2066/4093/1845 2065/4094/1845 1988/4095/1846
f 1988/4095/1846 1987/4096/1846 2066/4093/1845
f 2019/4008/1835 1990/4006/1833 2065/4094/1845
f 2065/4094/1845 2066/4093/1845 2019/4008/1835
f 1987/3963/1821 1986/3962/1821 2067/4097/1847
f 2067/4097/1847 2066/4098/1848 1987/3963/1821
f 2066/4098/1848 2067/4097/1847 2068/4099/1849
f 2068/4099/1849 2019/4100/1849 2066/4098/1848
f 2071/4101/1820 1985/3961/1820 2069/4102/1850
f 2069/4102/1850 2070/4103/653 2071/4101/1820
f 2070/4103/653 2069/4102/1850 1967/4104/1816
f 1967/4104/1816 1966/4105/1817 2070/4103/653
f 2063/4091/65 2068/4106/1849 2072/4107/1849
f 2072/4107/1849 2057/4085/65 2063/4091/65
f 2074/4108/1851 2071/4109/1851 2070/4110/1852
f 2070/4110/1852 2073/4111/1853 2074/4108/1851
f 2073/4111/1853 2070/4110/1852 1966/4017/1836
f 1966/4017/1836 2072/4112/1854 2073/4111/1853
f 2023/4016/76 2057/4113/76 2072/4112/1854
f 2072/4112/1854 1966/4017/1836 2023/4016/76
f 2003/4114/1855 2075/4115/52 2076/4116/1856
f 2080/4117/1857 2077/4118/1858 2078/4119/1859
f 2078/4119/1859 2079/4120/1859 2080/4117/1857
f 2081/4121/1860 1955/4122/1861 1958/4123/1862
f 2076/4124/21 2075/4125/21 2082/4126/21
f 2082/4126/21 2081/4127/21 2076/4124/21
f 2083/4128/65 2082/4129/1863 2001/4130/1864
f 2002/4131/1865 2001/4130/1864 2003/4132/1866
f 2082/4129/1863 2075/4133/1867 2003/4132/1866
f 2003/4132/1866 2001/4130/1864 2082/4129/1863
f 2050/4134/13 2052/4135/1868 2084/4136/13
f 2085/4137/76 2086/4138/76 2040/4139/1869
f 2006/4140/1870 2087/4141/1871 2088/4142/1872
f 2088/4142/1872 2051/4143/1871 2006/4140/1870
f 2052/4135/1868 2053/4144/1873 2086/4145/1874
f 2086/4145/1874 2085/4146/1875 2052/4135/1868
f 2092/4147/1876 2089/4148/1877 2090/4149/1878
f 2090/4149/1878 2091/4150/1879 2092/4147/1876
f 2094/4151/1880 2048/4152/1881 2049/4153/1882
f 2049/4153/1882 2093/4154/1883 2094/4151/1880
f 2095/4155/1884 2045/4156/1885 2048/4152/1881
f 2048/4152/1881 2094/4151/1880 2095/4155/1884
f 2096/4157/1886 2042/4158/1887 2045/4156/1885
f 2045/4156/1885 2095/4155/1884 2096/4157/1886
f 2100/4159/1888 2097/4160/1889 2098/4161/1890
f 2098/4161/1890 2099/4162/1891 2100/4159/1888
f 2099/4162/1891 2098/4161/1890 2089/4148/1877
f 2089/4148/1877 2092/4147/1876 2099/4162/1891
f 2093/4154/1883 2049/4153/1882 2050/4163/1892
f 2050/4163/1892 2084/4164/1893 2093/4154/1883
f 2051/4165/103 2088/4166/103 2086/4145/1874
f 2086/4145/1874 2053/4144/1873 2051/4165/103
f 2102/4167/1894 2098/4161/1890 2097/4160/1889
f 2097/4160/1889 2101/4168/1895 2102/4167/1894
f 2104/4169/1896 2102/4167/1894 2101/4168/1895
f 2101/4168/1895 2103/4170/1897 2104/4169/1896
f 2095/4155/1884 2104/4169/1896 2103/4170/1897
f 2103/4170/1897 2096/4157/1886 2095/4155/1884
f 2105/4171/1898 2089/4148/1877 2098/4161/1890
f 2098/4161/1890 2102/4167/1894 2105/4171/1898
f 2106/4172/1899 2105/4171/1898 2102/4167/1894
f 2102/4167/1894 2104/4169/1896 2106/4172/1899
f 2094/4151/1880 2106/4172/1899 2104/4169/1896
f 2104/4169/1896 2095/4155/1884 2094/4151/1880
f 2107/4173/1900 2090/4149/1878 2089/4148/1877
f 2089/4148/1877 2105/4171/1898 2107/4173/1900
f 2108/4174/1901 2107/4173/1900 2105/4171/1898
f 2105/4171/1898 2106/4172/1899 2108/4174/1901
f 2093/4154/1883 2108/4174/1901 2106/4172/1899
f 2106/4172/1899 2094/4151/1880 2093/4154/1883
f 2110/4175/1902 2109/4176/1903 2090/4149/1878
f 2090/4149/1878 2107/4173/1900 2110/4175/1902
f 2111/4177/1904 2110/4175/1902 2107/4173/1900
f 2107/4173/1900 2108/4174/1901 2111/4177/1904
f 2084/4164/1893 2111/4177/1904 2108/4174/1901
f 2108/4174/1901 2093/4154/1883 2084/4164/1893
f 2091/4150/1879 2090/4149/1878 2109/4176/1903
f 2109/4176/1903 2112/4178/1905 2091/4150/1879
f 2085/4146/1875 2112/4179/13 2109/4180/13
f 2109/4180/13 2110/4181/13 2085/4146/1875
f 2111/4182/13 2052/4135/1868 2085/4146/1875
f 2085/4146/1875 2110/4181/13 2111/4182/13
f 2084/4136/13 2052/4135/1868 2111/4182/13
f 2096/4183/52 2103/4184/52 2006/4185/52
f 2087/4186/1906 2006/4185/52 2103/4184/52
f 2103/4184/52 2101/4187/52 2087/4186/1906
f 2101/4187/52 2097/4188/52 2087/4186/1906
f 2097/4188/52 2100/4189/1907 2087/4186/1906
f 2003/4114/1855 2042/4190/1908 2096/4183/52
f 2096/4183/52 2006/4185/52 2003/4114/1855
f 2087/4191/76 2038/4192/76 2037/4193/76
f 2037/4193/76 2088/4194/76 2087/4191/76
f 2037/4193/76 2039/4195/76 2088/4194/76
f 2039/4195/76 2041/4196/76 2088/4194/76
f 2041/4196/76 2040/4139/1869 2086/4138/76
f 2086/4138/76 2088/4194/76 2041/4196/76
f 2114/4197/1909 2047/4198/1909 2046/4199/1909
f 2046/4199/1909 2113/4200/1909 2114/4197/1909
f 2010/4201/1910 2047/4202/52 2114/4203/52
f 2114/4203/52 2040/4204/1911 2010/4201/1910
f 2085/4137/76 2040/4139/1869 2114/4205/1912
f 2114/4205/1912 2112/4206/1913 2085/4137/76
f 2091/4207/1914 2112/4206/1913 2114/4205/1912
f 2092/4208/1915 2091/4207/1914 2114/4205/1912
f 2115/4209/1916 2099/4210/1917 2092/4208/1915
f 2092/4208/1915 2114/4205/1912 2115/4209/1916
f 2116/4211/1918 2100/4212/1918 2099/4210/1917
f 2099/4210/1917 2115/4209/1916 2116/4211/1918
f 2120/4213/1919 2117/4214/1919 2118/4215/1919
f 2118/4215/1919 2119/4216/1919 2120/4213/1919
f 2080/4117/1857 2117/4217/1920 2120/4218/1921
f 2120/4218/1921 2077/4118/1858 2080/4117/1857
f 2122/4219/76 2119/4220/76 2118/4221/76
f 2118/4221/76 2121/4222/76 2122/4219/76
f 2119/4223/1922 2123/4224/1923 2120/4225/1924
f 2100/4189/1907 2124/4226/1925 2034/4038/1838
f 2127/4227/103 2121/4228/103 2125/4229/103
f 2125/4229/103 2126/4230/103 2127/4227/103
f 2034/4038/1838 2038/4037/1837 2087/4186/1906
f 2087/4186/1906 2100/4189/1907 2034/4038/1838
f 2129/4231/1926 2127/4232/1927 2128/4233/1928
f 2128/4233/1928 2124/4234/1929 2129/4231/1926
f 2129/4235/103 2122/4236/103 2121/4228/103
f 2121/4228/103 2127/4227/103 2129/4235/103
f 2124/4226/1925 2100/4189/1907 2122/4237/1930
f 2122/4237/1930 2129/4238/52 2124/4226/1925
f 2032/4239/1931 2033/4240/1932 2034/4241/1933
f 2034/4241/1933 2124/4242/1931 2032/4239/1931
f 2130/4243/1934 2032/4239/1931 2124/4242/1931
f 2124/4242/1931 2128/4244/1934 2130/4243/1934
f 2032/4245/76 2130/4246/1935 2025/4247/76
f 2130/4246/1935 2011/4015/76 2024/4014/76
f 2024/4014/76 2025/4247/76 2130/4246/1935
f 2014/4020/76 2011/4015/76 2130/4246/1935
f 2001/4248/21 1993/4249/1936 2083/4250/1937
f 1954/3970/1822 1953/4251/1938 2083/4250/1937
f 2083/4250/1937 1993/4249/1936 1954/3970/1822
f 1991/3968/21 1954/3970/1822 1993/4249/1936
f 1993/4249/1936 1989/4005/21 1991/3968/21
f 2132/4252/1939 2131/4253/65 1994/4254/65
f 1994/4254/65 1997/4255/1940 2132/4252/1939
f 1995/3974/1823 2133/4256/52 2134/4257/52
f 2134/4257/52 1989/3971/52 1995/3974/1823
f 1997/4255/1940 1996/4258/1941 2135/4259/1942
f 2135/4259/1942 2132/4252/1939 1997/4255/1940
f 1996/4258/1941 2000/4260/1943 2136/4261/1943
f 2136/4261/1943 2135/4259/1942 1996/4258/1941
f 1999/4262/1944 2137/4263/1945 2000/4264/1946
f 2136/4265/1946 2000/4264/1946 2137/4263/1945
f 1999/4262/1944 2010/4201/1910 2138/4266/1947
f 2138/4266/1947 2139/4267/1948 1999/4262/1944
f 2140/4268/52 2141/4269/1949 2142/4270/1950
f 2010/4201/1910 2040/4204/1911 2141/4269/1949
f 2141/4269/1949 2138/4266/1947 2010/4201/1910
f 2143/4271/1951 2142/4270/1950 2029/4272/1952
f 2028/4273/1953 2143/4271/1951 2029/4272/1952
f 2028/4274/1954 2027/4275/1955 2144/4276/1956
f 2144/4276/1956 2145/4277/1954 2028/4274/1954
f 2027/4275/1955 2031/4278/1957 2146/4279/1957
f 2146/4279/1957 2144/4276/1956 2027/4275/1955
f 2026/4280/1958 2147/4281/1958 2146/4279/1957
f 2146/4279/1957 2031/4278/1957 2026/4280/1958
f 2145/4282/1953 2143/4271/1951 2028/4273/1953
f 2141/4283/21 2140/4284/21 2148/4285/21
f 2148/4285/21 2149/4286/21 2141/4283/21
f 2150/4287/65 2138/4288/65 2141/4289/65
f 2141/4289/65 2149/4290/65 2150/4287/65
f 2152/4291/76 2138/4292/76 2150/4293/76
f 2150/4293/76 2151/4294/76 2152/4291/76
f 2148/4295/52 2151/4296/52 2150/4297/52
f 2150/4297/52 2149/4298/52 2148/4295/52
f 2137/4263/1945 1999/4262/1944 2139/4267/1948
f 2141/4269/1949 2040/4204/1911 2029/4272/1952
f 2029/4272/1952 2142/4270/1950 2141/4269/1949
f 2152/4299/52 2139/4267/1948 2138/4266/1947
f 2154/4300/1959 2137/4301/1960 2139/4302/1961
f 2139/4302/1961 2153/4303/1962 2154/4300/1959
f 2156/4304/1963 2143/4305/1964 2145/4306/1965
f 2145/4306/1965 2155/4307/1966 2156/4304/1963
f 2157/4308/1967 2142/4309/1968 2143/4305/1964
f 2143/4305/1964 2156/4304/1963 2157/4308/1967
f 2160/4310/76 2158/4311/76 2136/4312/76
f 2136/4312/76 2159/4313/76 2160/4310/76
f 2135/4314/76 2136/4312/76 2158/4311/76
f 2135/4314/76 2158/4311/76 2132/4315/76
f 2136/4312/76 2137/4301/1960 2154/4300/1959
f 2154/4300/1959 2159/4313/76 2136/4312/76
f 1989/3971/52 2134/4257/52 1978/4316/52
f 1978/4316/52 1977/4317/52 1989/3971/52
f 2162/4318/1969 1978/4319/1970 2134/4320/1971
f 2134/4320/1971 2161/4321/1972 2162/4318/1969
f 2163/4322/76 2160/4310/76 2159/4313/76
f 2165/4323/103 2164/4324/1973 2022/4325/1974
f 2022/4325/1974 2021/4326/103 2165/4323/103
f 1964/4327/52 2165/4328/52 2021/4329/52
f 2021/4329/52 1965/4330/52 1964/4327/52
f 2144/4331/1975 2146/4332/1976 2145/4306/1965
f 2146/4332/1976 2147/4333/1977 2155/4307/1966
f 2155/4307/1966 2145/4306/1965 2146/4332/1976
f 2152/4334/65 2151/4335/1978 2139/4302/1961
f 2139/4302/1961 2151/4335/1978 2153/4303/1962
f 2140/4336/65 2142/4309/1968 2148/4337/1979
f 2142/4309/1968 2157/4308/1967 2148/4337/1979
f 2153/4338/1980 2166/4339/1981 2167/4340/1982
f 2168/4341/65 2064/4090/65 2012/4092/65
f 2012/4092/65 2014/4342/65 2168/4341/65
f 2169/4343/65 2170/4344/65 2171/4345/65
f 2015/4346/1983 2014/4020/76 2130/4246/1935
f 2174/4347/65 1975/4348/65 2172/4349/65
f 2172/4349/65 2173/4350/65 2174/4347/65
f 1954/4351/65 2175/4352/65 2176/4353/65
f 2179/4354/65 2014/4342/65 2177/4355/65
f 2177/4355/65 2178/4356/65 2179/4354/65
f 2182/4357/65 2180/4358/65 2170/4344/65
f 2170/4344/65 2181/4359/65 2182/4357/65
f 2184/4360/65 2183/4361/65 2180/4358/65
f 2180/4358/65 2182/4357/65 2184/4360/65
f 1976/4362/65 2169/4343/65 2171/4345/65
f 2178/4356/65 2177/4355/65 2183/4361/65
f 2183/4361/65 2184/4360/65 2178/4356/65
f 2186/4363/65 2185/4364/65 1954/4351/65
f 1954/4351/65 2176/4353/65 2186/4363/65
f 1954/4351/65 1992/4365/65 2064/4090/65
f 2064/4090/65 2168/4341/65 1954/4351/65
f 1980/4366/52 1979/4367/52 2165/4328/52
f 2165/4328/52 1964/4327/52 1980/4366/52
f 1979/4368/103 1978/4319/1970 2164/4324/1973
f 2164/4324/1973 2165/4323/103 1979/4368/103
f 2018/4369/65 2019/4370/1849 2068/4106/1849
f 2068/4106/1849 2063/4091/65 2018/4369/65
f 2069/4102/1850 2065/4371/1984 1990/4372/1817
f 1990/4372/1817 1967/4104/1816 2069/4102/1850
f 1985/3961/1820 1988/3960/1820 2065/4371/1984
f 2065/4371/1984 2069/4102/1850 1985/3961/1820
f 2067/4097/1847 2073/4373/1848 2072/4374/1849
f 2072/4374/1849 2068/4099/1849 2067/4097/1847
f 1986/3962/1821 2074/4375/1821 2073/4373/1848
f 2073/4373/1848 2067/4097/1847 1986/3962/1821
f 1992/4365/65 2018/4369/65 2063/4091/65
f 2063/4091/65 2064/4090/65 1992/4365/65
f 1985/3961/1820 2071/4101/1820 2074/4375/1821
f 2074/4375/1821 1986/3962/1821 1985/3961/1820
f 1990/3964/1817 1980/3967/103 1964/3939/103
f 1964/3939/103 1967/3938/1816 1990/3964/1817
f 2168/4341/65 2187/4376/65 2175/4352/65
f 2175/4352/65 1954/4351/65 2168/4341/65
f 2014/4342/65 2188/4377/65 2187/4376/65
f 2187/4376/65 2168/4341/65 2014/4342/65
f 2014/4342/65 2179/4354/65 2188/4377/65
f 2189/4378/65 2169/4343/65 1975/4348/65
f 1975/4348/65 2174/4347/65 2189/4378/65
f 1975/4348/65 2169/4343/65 1976/4362/65
f 2191/4379/65 2190/4380/65 2185/4364/65
f 2185/4364/65 2186/4363/65 2191/4379/65
f 2181/4359/65 2170/4344/65 2169/4343/65
f 2169/4343/65 2189/4378/65 2181/4359/65
f 2193/4381/1475 2186/4382/1475 2176/4383/1985
f 2176/4383/1985 2192/4384/1986 2193/4381/1475
f 2195/4385/1484 2181/4386/1483 2189/4387/1477
f 2189/4387/1477 2194/4388/1477 2195/4385/1484
f 2187/4389/1485 2188/4390/1487 2196/4391/1987
f 2196/4391/1987 2197/4392/1485 2187/4389/1485
f 2198/4393/1486 2182/4394/1486 2181/4386/1483
f 2181/4386/1483 2195/4385/1484 2198/4393/1486
f 2199/4395/1491 2184/4396/1491 2182/4394/1486
f 2182/4394/1486 2198/4393/1486 2199/4395/1491
f 2194/4388/1477 2189/4387/1477 2174/4397/1476
f 2174/4397/1476 2200/4398/1476 2194/4388/1477
f 2201/4399/1489 2178/4400/1489 2184/4396/1491
f 2184/4396/1491 2199/4395/1491 2201/4399/1489
f 2202/4401/1988 2179/4402/1988 2178/4400/1489
f 2178/4400/1489 2201/4399/1489 2202/4401/1988
f 2161/4403/1989 2176/4383/1985 2175/4404/1990
f 2175/4404/1990 2162/4405/1990 2161/4403/1989
f 2200/4398/1476 2174/4397/1476 2173/4406/1480
f 2173/4406/1480 2203/4407/1480 2200/4398/1476
f 2162/4405/1990 2175/4404/1990 2187/4408/1485
f 2187/4408/1485 2197/4409/1485 2162/4405/1990
f 2204/4410/1991 2188/4390/1487 2179/4402/1988
f 2179/4402/1988 2202/4401/1988 2204/4410/1991
f 2173/4350/65 2172/4349/65 2190/4380/65
f 2190/4380/65 2191/4379/65 2173/4350/65
f 2206/4411/65 2199/4412/65 2198/4413/65
f 2198/4413/65 2205/4414/65 2206/4411/65
f 2208/4415/65 2194/4416/65 2200/4417/65
f 2200/4417/65 2207/4418/65 2208/4415/65
f 2209/4419/65 2201/4420/65 2199/4412/65
f 2199/4412/65 2206/4411/65 2209/4419/65
f 2161/4421/76 2134/4422/76 2133/4423/76
f 2133/4423/76 2163/4322/76 2161/4421/76
f 2207/4418/65 2200/4417/65 2203/4424/65
f 2203/4424/65 2210/4425/65 2207/4418/65
f 2211/4426/1479 2191/4427/1479 2186/4382/1475
f 2186/4382/1475 2193/4381/1475 2211/4426/1479
f 2213/4428/1992 2193/4429/1993 2192/4430/1994
f 2192/4430/1994 2212/4431/1995 2213/4428/1992
f 2205/4414/65 2198/4413/65 2195/4432/65
f 2195/4432/65 2214/4433/65 2205/4414/65
f 2203/4407/1480 2173/4406/1480 2191/4427/1479
f 2191/4427/1479 2211/4426/1479 2203/4407/1480
f 2214/4433/65 2195/4432/65 2194/4416/65
f 2194/4416/65 2208/4415/65 2214/4433/65
f 2217/4434/1996 2157/4435/1997 2215/4436/1998
f 2215/4436/1998 2216/4437/1999 2217/4434/1996
f 2218/4438/65 2211/4439/65 2193/4429/1993
f 2193/4429/1993 2213/4428/1992 2218/4438/65
f 2221/4440/2000 2166/4339/1981 2219/4441/1485
f 2219/4441/1485 2220/4442/1485 2221/4440/2000
f 2210/4425/65 2203/4424/65 2211/4439/65
f 2211/4439/65 2218/4438/65 2210/4425/65
f 2222/4443/2001 2167/4340/1982 2166/4339/1981
f 2166/4339/1981 2221/4440/2000 2222/4443/2001
f 2223/4444/2002 2224/4445/2003 2225/4446/2004
f 2227/4447/2005 2226/4448/2006 2157/4435/1997
f 2157/4435/1997 2217/4434/1996 2227/4447/2005
f 2229/4449/2007 2228/4450/2008 2167/4340/1982
f 2167/4340/1982 2222/4443/2001 2229/4449/2007
f 2219/4451/1485 2226/4448/2006 2227/4447/2005
f 2227/4447/2005 2220/4452/1485 2219/4451/1485
f 2215/4436/1998 2230/4453/1491 2216/4437/1999
f 2232/4454/2009 1974/4455/2010 1973/4456/103
f 1973/4456/103 2231/4457/103 2232/4454/2009
f 2232/4454/2009 2233/4458/2011 2234/4459/2012
f 2234/4459/2012 2235/4460/2013 2232/4454/2009
f 2235/4460/2013 2236/4461/462 2232/4454/2009
f 2232/4454/2009 2236/4461/462 1974/4455/2010
f 2236/4461/462 2223/4462/2014 1974/4455/2010
f 2225/4463/2015 2237/4464/2016 1974/4455/2010
f 1974/4455/2010 2223/4462/2014 2225/4463/2015
f 2225/4446/2004 2224/4445/2003 2238/4465/2017
f 2238/4465/2017 2239/4466/2017 2225/4446/2004
f 2239/4466/2017 2238/4465/2017 2228/4450/2008
f 2228/4450/2008 2229/4449/2007 2239/4466/2017
f 2241/4467/2018 1968/4468/2018 1969/4469/2018
f 1969/4469/2018 2240/4470/2018 2241/4467/2018
f 2245/4471/2019 2242/4472/2020 2243/4473/2021
f 2243/4473/2021 2244/4474/2021 2245/4471/2019
f 2249/4475/2022 2246/4476/2023 2247/4477/2024
f 2247/4477/2024 2248/4478/2024 2249/4475/2022
f 2250/4479/2025 2241/4480/2026 2240/4481/2026
f 2240/4481/2026 2242/4472/2020 2250/4479/2025
f 2243/4473/2021 2246/4476/2023 2249/4475/2022
f 2249/4475/2022 2244/4474/2021 2243/4473/2021
f 2251/4482/2027 2250/4479/2025 2242/4472/2020
f 2242/4472/2020 2245/4471/2019 2251/4482/2027
f 2244/4483/2028 2249/4484/2029 2252/4485/2030
f 2017/4486/2031 2252/4485/2030 2249/4484/2029
f 2249/4484/2029 2248/4487/2032 2017/4486/2031
f 2013/4488/2033 2017/4486/2031 2248/4487/2032
f 2248/4487/2032 2247/4489/2033 2013/4488/2033
f 2254/4490/2034 2251/4482/2027 2245/4471/2019
f 2245/4471/2019 2253/4491/2035 2254/4490/2034
f 1962/4492/2036 1961/4493/2037 2254/4494/2038
f 2254/4494/2038 2253/4495/2036 1962/4492/2036
f 1959/4496/2039 1962/4497/2040 2253/4498/2041
f 2253/4498/2041 2245/4499/2042 1959/4496/2039
f 2245/4499/2042 1956/4500/2043 1959/4496/2039
f 2245/4499/2042 2244/4501/2044 1956/4500/2043
f 1963/4502/2045 1953/4503/2046 2250/4504/2045
f 2250/4504/2045 2251/4505/2045 1963/4502/2045
f 1953/4506/103 1968/4507/103 2241/4508/103
f 2241/4508/103 2250/4509/103 1953/4506/103
f 1960/4510/2047 1963/4511/2048 2251/4512/2049
f 2251/4512/2049 2254/4513/2050 1960/4510/2047
f 1961/4514/2051 1960/4510/2047 2254/4513/2050
f 2240/4515/2052 1969/4516/2053 2255/4517/2054
f 2255/4517/2054 2229/4518/2055 2240/4515/2052
f 2222/4519/2056 2240/4515/2052 2229/4518/2055
f 2222/4519/2056 2221/4520/2057 2242/4521/2058
f 2242/4521/2058 2240/4515/2052 2222/4519/2056
f 2221/4520/2057 2220/4522/2059 2243/4523/2060
f 2243/4523/2060 2242/4521/2058 2221/4520/2057
f 2220/4522/2059 2227/4524/2061 2246/4525/2062
f 2246/4525/2062 2243/4523/2060 2220/4522/2059
f 2227/4524/2061 2217/4526/2063 2247/4527/2064
f 2247/4527/2064 2246/4525/2062 2227/4524/2061
f 2247/4527/2064 2217/4526/2063 2216/4528/2065
f 2216/4528/2065 2013/4529/2065 2247/4527/2064
f 2256/4530/2066 2013/4529/2065 2216/4528/2065
f 2216/4528/2065 2230/4531/2067 2256/4530/2066
f 2233/4458/2011 2256/4530/2066 2230/4531/2067
f 2230/4531/2067 2234/4459/2012 2233/4458/2011
f 2257/4532/13 2244/4533/13 2258/4534/13
f 2252/4535/13 2259/4536/13 2244/4533/13
f 2244/4533/13 2260/4537/13 2261/4538/13
f 2262/4539/2068 2263/4540/2069 2264/4541/2070
f 2261/4538/13 1957/4542/13 2244/4533/13
f 2079/4543/13 2244/4533/13 2080/4544/13
f 2266/4545/2071 2120/4218/1921 2123/4546/2072
f 2123/4546/2072 2265/4547/2072 2266/4545/2071
f 2257/4548/2073 2267/4549/2073 2268/4550/2074
f 2268/4550/2074 2260/4551/2074 2257/4548/2073
f 2077/4118/1858 2120/4218/1921 2266/4545/2071
f 2259/4536/13 2080/4544/13 2244/4533/13
f 2244/4533/13 2269/4552/13 2258/4534/13
f 2117/4553/2075 2270/4554/2076 2118/4555/2077
f 2270/4554/2076 2125/4556/2078 2121/4557/2079
f 2121/4557/2079 2118/4555/2077 2270/4554/2076
f 2262/4539/2068 1958/3926/1806 2261/4558/2080
f 2261/4558/2080 2263/4540/2069 2262/4539/2068
f 2269/4552/13 2244/4533/13 2079/4543/13
f 1957/3929/1809 2261/4558/2080 1958/3926/1806
f 2258/4559/2081 2271/4560/2081 2267/4549/2073
f 2267/4549/2073 2257/4548/2073 2258/4559/2081
f 2269/4561/2082 2079/4120/1859 2078/4119/1859
f 2078/4119/1859 2272/4562/2082 2269/4561/2082
f 2117/4217/1920 2259/4563/2071 2252/4564/2083
f 2252/4564/2083 2270/4565/2084 2117/4217/1920
f 2269/4561/2082 2272/4562/2082 2271/4560/2081
f 2271/4560/2081 2258/4559/2081 2269/4561/2082
f 2080/4117/1857 2259/4563/2071 2117/4217/1920
f 2263/4540/2069 2261/4558/2080 2260/4551/2074
f 2260/4551/2074 2268/4550/2074 2263/4540/2069
f 2081/4566/2085 1958/4567/2085 2262/4568/2085
f 2262/4568/2085 2076/4569/2085 2081/4566/2085
f 1955/4122/1861 2081/4121/1860 2082/4570/1861
f 2082/4570/1861 2083/4571/2086 1955/4122/1861
f 1956/4572/1808 1955/4573/1807 1963/4574/2087
f 1955/4573/1807 2083/4250/1937 1953/4251/1938
f 1953/4251/1938 1963/4574/2087 1955/4573/1807
f 2270/4575/2084 2252/4576/2083 2273/4577/2088
f 2126/4578/2089 2125/4579/2090 2270/4575/2084
f 2270/4575/2084 2273/4577/2088 2274/4580/2091
f 2274/4580/2091 2126/4578/2089 2270/4575/2084
f 2126/4578/2089 2274/4580/2091 2015/4346/1983
f 2252/4581/2092 2017/4007/1834 2273/4582/2093
f 2273/4582/2093 2017/4007/1834 2274/4583/2094
f 2015/4003/1832 2274/4583/2094 2017/4007/1834
f 2126/4584/13 2130/4585/13 2128/4586/13
f 2128/4586/13 2127/4587/13 2126/4584/13
f 2130/4246/1935 2126/4578/2089 2015/4346/1983
f 2229/4518/2055 2255/4517/2054 2275/4588/2095
f 2275/4588/2095 2239/4589/2096 2229/4518/2055
f 2172/4590/2097 1975/4591/2097 1974/4592/2097
f 1974/4592/2097 2237/4593/2097 2172/4590/2097
f 2180/4594/2098 2183/4595/2098 2256/4596/2098
f 2256/4596/2098 2233/4597/2098 2180/4594/2098
f 2177/4598/1935 2013/4599/2099 2256/4600/2100
f 2256/4600/2100 2183/4601/2101 2177/4598/1935
f 2171/4602/76 2170/4603/76 2232/4604/76
f 2232/4604/76 2231/4605/76 2171/4602/76
f 2180/4606/2102 2233/4607/2102 2232/4608/2102
f 2232/4608/2102 2170/4609/2102 2180/4606/2102
f 2279/4610/2103 2276/4611/2103 2277/4612/2103
f 2277/4612/2103 2278/4613/2103 2279/4610/2103
f 2013/4001/1830 2177/4614/2104 2014/4002/1831
f 2185/4615/2105 2255/4616/2106 1969/3943/1819
f 1969/3943/1819 1954/3925/1805 2185/4615/2105
f 1969/3943/1819 1952/3923/1804 1954/3925/1805
f 2281/4617/2107 2280/4618/2107 2172/4619/2107
f 2172/4619/2107 2237/4620/2107 2281/4617/2107
f 2283/4621/2108 2282/4622/2108 2275/4623/2109
f 2275/4623/2109 2255/4624/2110 2283/4621/2108
f 2281/4617/2107 2237/4620/2107 2284/4625/2107
f 2282/4626/2107 2285/4627/2107 2237/4620/2107
f 2285/4627/2107 2284/4625/2107 2237/4620/2107
f 2286/4628/2107 2172/4619/2107 2287/4629/2107
f 2280/4618/2107 2287/4629/2107 2172/4619/2107
f 2288/4630/2107 2190/4631/2107 2172/4619/2107
f 2172/4619/2107 2286/4628/2107 2288/4630/2107
f 2289/4632/836 2185/4633/660 2290/4634/836
f 2291/4635/836 2290/4634/836 2185/4633/660
f 2283/4621/2108 2255/4624/2110 2292/4636/2111
f 2293/4637/2112 2292/4636/2111 2255/4624/2110
f 2255/4624/2110 2185/4633/660 2289/4632/836
f 2289/4632/836 2293/4637/2112 2255/4624/2110
f 2288/4638/2113 2291/4635/836 2185/4633/660
f 2185/4633/660 2190/4639/21 2288/4638/2113
f 2239/4589/2096 2275/4588/2095 2237/4464/2016
f 2237/4464/2016 2225/4463/2015 2239/4589/2096
f 2282/4626/2107 2237/4620/2107 2275/4640/2107
f 2295/4641/1478 2218/4642/1479 2213/4643/2114
f 2213/4643/2114 2294/4644/2115 2295/4641/1478
f 2296/4645/2116 2210/4646/2117 2218/4642/1479
f 2218/4642/1479 2295/4641/1478 2296/4645/2116
f 2206/4647/2118 2205/4648/1486 2234/4649/1486
f 2234/4649/1486 2230/4453/1491 2206/4647/2118
f 2215/4436/1998 2155/4650/2119 2297/4651/2120
f 2297/4651/2120 2209/4652/2121 2215/4436/1998
f 2214/4653/1483 2208/4654/1477 2236/4655/1477
f 2236/4655/1477 2235/4656/1484 2214/4653/1483
f 2205/4648/1486 2214/4653/1483 2235/4656/1484
f 2235/4656/1484 2234/4649/1486 2205/4648/1486
f 2208/4654/1477 2207/4657/2122 2223/4444/2002
f 2223/4444/2002 2236/4655/1477 2208/4654/1477
f 2294/4644/2115 2213/4643/2114 2212/4658/2123
f 2212/4658/2123 2163/4659/2124 2294/4644/2115
f 2207/4657/2122 2210/4646/2117 2296/4645/2116
f 2163/4322/76 2133/4423/76 2131/4660/76
f 2131/4660/76 2160/4310/76 2163/4322/76
f 2284/4661/2125 2285/4662/2126 2224/4663/2127
f 2281/4664/2128 2284/4665/2125 2224/4666/2127
f 2297/4667/2129 2155/4307/1966 2204/4668/2130
f 2296/4669/2131 2280/4670/2132 2281/4664/2128
f 2281/4664/2128 2224/4666/2127 2296/4669/2131
f 2223/4444/2002 2207/4657/2122 2296/4645/2116
f 2296/4645/2116 2224/4445/2003 2223/4444/2002
f 2154/4671/2133 2293/4672/2134 2159/4673/2135
f 2153/4674/2136 2293/4672/2134 2154/4671/2133
f 2224/4663/2127 2285/4662/2126 2282/4675/2137
f 2282/4675/2137 2238/4676/2138 2224/4663/2127
f 2238/4676/2138 2282/4675/2137 2283/4677/2139
f 2283/4677/2139 2228/4678/2140 2238/4676/2138
f 2228/4678/2140 2283/4677/2139 2292/4679/2141
f 2292/4679/2141 2167/4680/2142 2228/4678/2140
f 2292/4681/2141 2293/4672/2134 2167/4682/2142
f 2161/4421/76 2163/4322/76 2212/4683/76
f 1994/3973/52 2131/4684/52 2133/4256/52
f 2133/4256/52 1995/3974/1823 1994/3973/52
f 2293/4672/2134 2289/4685/2143 2163/4686/2144
f 2163/4686/2144 2159/4673/2135 2293/4672/2134
f 2287/4687/2145 2280/4670/2132 2296/4669/2131
f 2286/4688/2146 2287/4689/2145 2296/4690/2131
f 2288/4691/2147 2286/4688/2146 2296/4690/2131
f 2296/4690/2131 2295/4692/2148 2288/4691/2147
f 2291/4693/2149 2288/4691/2147 2295/4692/2148
f 2295/4692/2148 2294/4694/2149 2291/4693/2149
f 2290/4695/2150 2291/4693/2149 2294/4694/2149
f 2294/4694/2149 2163/4696/2144 2290/4695/2150
f 2289/4685/2143 2290/4697/2150 2163/4686/2144
f 2131/4660/76 2132/4315/76 2158/4311/76
f 2158/4311/76 2160/4310/76 2131/4660/76
f 2161/4403/1989 2192/4384/1986 2176/4383/1985
f 2161/4698/2151 2212/4431/1995 2192/4430/1994
f 2162/4318/1969 2197/4699/2152 2164/4324/1973
f 2164/4324/1973 1978/4319/1970 2162/4318/1969
f 2293/4672/2134 2153/4674/2136 2167/4682/2142
f 2151/4335/1978 2166/4700/2153 2153/4303/1962
f 2151/4335/1978 2219/4701/2154 2166/4700/2153
f 2151/4335/1978 2148/4337/1979 2219/4701/2154
f 2219/4701/2154 2148/4337/1979 2226/4702/2155
f 2148/4337/1979 2157/4308/1967 2226/4702/2155
f 2157/4435/1997 2156/4703/2156 2215/4436/1998
f 2156/4703/2156 2155/4650/2119 2215/4436/1998
f 2188/4390/1487 2204/4410/1991 2196/4391/1987
f 2298/4704/2157 2022/4325/1974 2196/4705/2158
f 2196/4705/2158 2204/4706/2157 2298/4704/2157
f 2164/4324/1973 2197/4699/2152 2196/4705/2158
f 2196/4705/2158 2022/4325/1974 2164/4324/1973
f 2022/4707/52 2298/4708/52 2024/4023/52
f 2024/4023/52 2020/4709/52 2022/4707/52
f 2147/4333/1977 2298/4710/2159 2204/4668/2130
f 2204/4668/2130 2155/4307/1966 2147/4333/1977
f 2298/4708/52 2147/4711/52 2026/4024/52
f 2026/4024/52 2024/4023/52 2298/4708/52
f 2297/4712/65 2202/4713/65 2201/4420/65
f 2201/4420/65 2209/4419/65 2297/4712/65
f 2297/4712/65 2204/4714/65 2202/4713/65
f 2209/4652/2121 2206/4647/2118 2230/4453/1491
f 2230/4453/1491 2215/4436/1998 2209/4652/2121
f 2060/4715/13 2059/4716/1305 2299/4717/1305
f 2299/4717/1305 2300/4718/13 2060/4715/13
f 2303/4719/2160 2062/4720/1398 2301/4721/1398
f 2301/4721/1398 2302/4722/2160 2303/4719/2160
f 2307/4723/76 2304/4724/76 2305/4725/1224
f 2305/4725/1224 2306/4726/1224 2307/4723/76
f 2309/4727/1102 2060/4715/13 2300/4718/13
f 2300/4718/13 2308/4728/1102 2309/4727/1102
f 2303/4719/2160 2302/4722/2160 1951/4729/52
f 1951/4729/52 2310/4730/52 2303/4719/2160
f 2312/4731/1102 2306/4726/1224 2305/4725/1224
f 2305/4725/1224 2311/4732/1102 2312/4731/1102
f 2313/4733/1224 2309/4727/1102 2308/4728/1102
f 2308/4728/1102 2056/4734/1224 2313/4733/1224
f 2317/4735/52 2314/4736/52 2315/4737/2160
f 2315/4737/2160 2316/4738/2160 2317/4735/52
f 2319/4739/13 2312/4731/1102 2311/4732/1102
f 2311/4732/1102 2318/4740/13 2319/4739/13
f 2320/4741/76 2313/4733/1224 2056/4734/1224
f 2056/4734/1224 2055/4742/76 2320/4741/76
f 2322/4743/1398 2316/4738/2160 2315/4737/2160
f 2315/4737/2160 2321/4744/1398 2322/4743/1398
f 2324/4745/1305 2319/4739/13 2318/4740/13
f 2318/4740/13 2323/4746/1305 2324/4745/1305
f 2325/4747/1196 2320/4741/76 2055/4742/76
f 2055/4742/76 2054/4748/1196 2325/4747/1196
f 2327/4749/21 2322/4743/1398 2321/4744/1398
f 2321/4744/1398 2326/4750/21 2327/4749/21
f 2329/4751/1428 2324/4745/1305 2323/4746/1305
f 2323/4746/1305 2328/4752/1428 2329/4751/1428
f 2331/4753/2161 2325/4747/1196 2054/4748/1196
f 2054/4748/1196 2330/4754/2161 2331/4753/2161
f 2310/4755/52 1951/4756/52 1950/4757/2161
f 1950/4757/2161 2332/4758/2161 2310/4755/52
f 2058/4759/1428 2327/4749/21 2326/4750/21
f 2326/4750/21 2333/4760/1428 2058/4759/1428
f 2061/4761/21 2329/4751/1428 2328/4752/1428
f 2328/4752/1428 2334/4762/21 2061/4761/21
f 2331/4753/2161 2330/4754/2161 2314/4763/52
f 2314/4763/52 2317/4764/52 2331/4753/2161
f 2335/4765/1196 2332/4758/2161 1950/4757/2161
f 1950/4757/2161 1949/4766/1196 2335/4765/1196
f 2059/4716/1305 2058/4759/1428 2333/4760/1428
f 2333/4760/1428 2299/4717/1305 2059/4716/1305
f 2062/4720/1398 2061/4761/21 2334/4762/21
f 2334/4762/21 2301/4721/1398 2062/4720/1398
f 2335/4765/1196 1949/4766/1196 2304/4724/76
f 2304/4724/76 2307/4723/76 2335/4765/1196
f 1948/3919/65 2304/4767/65 1949/3920/65
f 1970/4768/65 2305/4769/65 2304/4767/65
f 1970/4768/65 2311/4770/65 2305/4769/65
f 1970/4768/65 2318/4771/65 2311/4770/65
f 2018/4369/65 2323/4772/65 2318/4771/65
f 2018/4369/65 2328/4773/65 2323/4772/65
f 2018/4369/65 2334/4774/65 2328/4773/65
f 1992/4365/65 2301/4775/65 2334/4774/65
f 1992/4365/65 2302/4776/65 2301/4775/65
f 1992/4365/65 1951/3922/65 2302/4776/65
f 1948/3919/65 1970/4768/65 2304/4767/65
f 1970/4768/65 2018/4369/65 2318/4771/65
f 2018/4369/65 1992/4365/65 2334/4774/65
f 1992/4365/65 1948/3919/65 1951/3922/65
f 2016/4086/103 2324/4777/103 2329/4778/103
f 2016/4086/103 2319/4779/103 2324/4777/103
f 1972/4780/103 2319/4779/103 2016/4086/103
f 1972/4780/103 2306/4781/103 2312/4782/103
f 1972/4780/103 2307/4783/103 2306/4781/103
f 1971/4784/103 2307/4783/103 1972/4780/103
f 1971/4784/103 2332/4785/103 2335/4786/103
f 1971/4784/103 2310/4787/103 2332/4785/103
f 1991/4088/103 2062/4089/103 2303/4788/103
f 2016/4086/103 2329/4778/103 2061/4087/103
f 1972/4780/103 2312/4782/103 2319/4779/103
f 1971/4784/103 2335/4786/103 2307/4783/103
f 2303/4788/103 2310/4787/103 1991/4088/103
f 1991/4088/103 2310/4787/103 1971/4784/103
f 1981/4081/65 2327/4789/65 2058/4082/65
f 1984/4790/65 2327/4789/65 1981/4081/65
f 1984/4790/65 2316/4791/65 2322/4792/65
f 1984/4790/65 2317/4793/65 2316/4791/65
f 2012/4092/65 2317/4793/65 1984/4790/65
f 2012/4092/65 2325/4794/65 2331/4795/65
f 2012/4092/65 2320/4796/65 2325/4794/65
f 2057/4085/65 2320/4796/65 2012/4092/65
f 2057/4085/65 2309/4797/65 2313/4798/65
f 2057/4085/65 2060/4084/65 2309/4797/65
f 1981/4081/65 2059/4083/65 2060/4084/65
f 1984/4790/65 2322/4792/65 2327/4789/65
f 2012/4092/65 2331/4795/65 2317/4793/65
f 2057/4085/65 2313/4798/65 2320/4796/65
f 2011/4064/103 2330/4799/103 2054/4065/103
f 2011/4064/103 1983/4800/103 2314/4801/103
f 2315/4802/103 2314/4801/103 1983/4800/103
f 1983/4800/103 2321/4803/103 2315/4802/103
f 1983/4800/103 2326/4804/103 2321/4803/103
f 1982/4805/103 2333/4806/103 2326/4804/103
f 1982/4805/103 2299/4807/103 2333/4806/103
f 1982/4805/103 2300/4808/103 2299/4807/103
f 2023/4067/103 2308/4809/103 2300/4808/103
f 2023/4067/103 2056/4068/103 2308/4809/103
f 2023/4067/103 2011/4064/103 2055/4066/103
f 1983/4800/103 1982/4805/103 2326/4804/103
f 1982/4805/103 2023/4067/103 2300/4808/103
f 2330/4799/103 2011/4064/103 2314/4801/103
f 2257/4532/13 2260/4537/13 2244/4533/13
f 1956/4810/13 2244/4533/13 1957/4542/13
f 2262/4539/2068 2264/4541/2070 2336/4811/2162
f 2336/4811/2162 2337/4812/2162 2262/4539/2068
f 2337/4812/2162 2336/4811/2162 2338/4813/2163
f 2338/4813/2163 2339/4814/2163 2337/4812/2162
f 2119/4223/1922 2122/4237/1930 2340/4815/2164
f 2340/4815/2164 2123/4224/1923 2119/4223/1922
f 2339/4814/2163 2338/4813/2163 2341/4816/2165
f 2341/4816/2165 2342/4817/2165 2339/4814/2163
f 2345/4818/2166 2343/4819/2167 2340/4820/2168
f 2340/4820/2168 2344/4821/2166 2345/4818/2166
f 2342/4817/2165 2341/4816/2165 2044/4822/2169
f 2044/4822/2169 2043/4823/2169 2342/4817/2165
f 2115/4824/2170 2345/4818/2166 2344/4821/2166
f 2344/4821/2166 2116/4825/2170 2115/4824/2170
f 2122/4237/1930 2100/4189/1907 2116/4826/2171
f 2116/4826/2171 2344/4827/2172 2122/4237/1930
f 2344/4827/2172 2340/4815/2164 2122/4237/1930
f 2265/4547/2072 2123/4546/2072 2340/4820/2168
f 2340/4820/2168 2343/4819/2167 2265/4547/2072
f 2113/4828/2173 2115/4209/1916 2114/4205/1912
f 2345/4829/2174 2115/4830/2175 2113/4831/2176
f 2345/4829/2174 2113/4831/2176 2343/4832/2177
f 2343/4832/2177 2113/4831/2176 2265/4833/2178
f 2266/4834/2179 2265/4833/2178 2113/4831/2176
f 2077/4835/2180 2266/4834/2179 2113/4831/2176
f 2078/4836/2181 2077/4835/2180 2113/4831/2176
f 2272/4837/2182 2078/4836/2181 2113/4831/2176
f 2272/4837/2182 2113/4831/2176 2271/4838/2183
f 2113/4831/2176 2046/4839/2184 2271/4838/2183
f 2271/4838/2183 2046/4839/2184 2267/4840/2185
f 2267/4840/2185 2046/4839/2184 2268/4841/2186
f 2268/4841/2186 2046/4839/2184 2263/4842/2187
f 2263/4842/2187 2046/4839/2184 2264/4843/2188
f 2264/4843/2188 2046/4839/2184 2336/4844/2189
f 2336/4844/2189 2046/4839/2184 2338/4845/2190
f 2044/4050/1843 2046/4052/1844 2045/4047/1840
f 2341/4846/2191 2046/4839/2184 2044/4847/2192
f 2338/4845/2190 2046/4839/2184 2341/4846/2191
f 2043/4848/2193 2042/4190/1908 2342/4849/2194
f 2262/4850/2195 2337/4851/2196 2076/4116/1856
f 2337/4851/2196 2339/4852/2197 2076/4116/1856
f 2342/4849/2194 2003/4114/1855 2076/4116/1856
f 2076/4116/1856 2339/4852/2197 2342/4849/2194
f 2042/4190/1908 2003/4114/1855 2342/4849/2194
f 2347/4853/13 2346/4854/13 2279/4855/13
f 2279/4855/13 2278/4856/13 2347/4853/13
f 2346/4857/103 2348/4858/103 2276/4859/103
f 2276/4859/103 2279/4860/103 2346/4857/103
f 2278/4861/65 2277/4862/65 2349/4863/65
f 2349/4863/65 2347/4864/65 2278/4861/65
f 2347/4865/2198 2349/4866/2198 2348/4867/2198
f 2348/4867/2198 2346/4868/2198 2347/4865/2198
f 2349/4869/2199 2171/4870/2199 2231/4871/2199
f 2231/4871/2199 2348/4872/2199 2349/4869/2199
f 2277/4862/65 1976/4362/65 2171/4345/65
f 2171/4345/65 2349/4863/65 2277/4862/65
f 2348/4858/103 2231/4457/103 1973/4456/103
f 1973/4456/103 2276/4859/103 2348/4858/103
f 2276/4873/2200 1973/4874/2200 1976/4875/2200
f 1976/4875/2200 2277/4876/2200 2276/4873/2200
f 2353/4877/76 2350/4878/76 2351/4879/76
f 2351/4879/76 2352/4880/76 2353/4877/76
f 2350/4881/2201 2354/4882/2201 2355/4883/2202
f 2355/4883/2202 2351/4884/2202 2350/4881/2201
f 2355/4885/21 2354/4886/21 2356/4887/21
f 2356/4887/21 2357/4888/21 2355/4885/21
f 2355/4885/21 2357/4888/21 2358/4889/21
f 2358/4889/21 2359/4890/21 2355/4885/21
f 2359/4891/2203 2360/4892/2203 2351/4884/2202
f 2351/4884/2202 2355/4883/2202 2359/4891/2203
f 2362/4893/21 2359/4890/21 2358/4889/21
f 2358/4889/21 2361/4894/21 2362/4893/21
f 2362/4895/2204 2363/4896/2204 2360/4892/2203
f 2360/4892/2203 2359/4891/2203 2362/4895/2204
f 2351/4879/76 2360/4897/76 2364/4898/76
f 2364/4898/76 2352/4880/76 2351/4879/76
f 2365/4899/76 2364/4898/76 2360/4897/76
f 2360/4897/76 2363/4900/76 2365/4899/76
f 2358/4901/2205 2364/4902/2206 2365/4903/2207
f 2365/4903/2207 2361/4904/2207 2358/4901/2205
f 2357/4905/2208 2352/4906/2209 2364/4902/2206
f 2364/4902/2206 2358/4901/2205 2357/4905/2208
f 2353/4907/2210 2352/4906/2209 2357/4905/2208
f 2357/4905/2211 2356/4908/2210 2353/4907/2210
f 2361/4904/2207 2365/4903/2207 2366/4909/2212
f 2366/4909/2212 2367/4910/2212 2361/4904/2207
f 2365/4899/76 2363/4900/76 2368/4911/76
f 2368/4911/76 2366/4912/76 2365/4899/76
f 2366/4912/76 2368/4911/76 2369/4913/76
f 2369/4913/76 2370/4914/76 2366/4912/76
f 2370/4915/2213 2371/4916/2213 2367/4910/2212
f 2367/4910/2212 2366/4909/2212 2370/4915/2213
f 2361/4894/21 2367/4917/21 2372/4918/21
f 2372/4918/21 2362/4893/21 2361/4894/21
f 2371/4919/21 2373/4920/21 2372/4918/21
f 2372/4918/21 2367/4917/21 2371/4919/21
f 2371/4916/2213 2370/4915/2213 2374/4921/2214
f 2374/4921/2214 2375/4922/2215 2371/4916/2213
f 2376/4923/21 2373/4920/21 2371/4919/21
f 2371/4919/21 2375/4924/21 2376/4923/21
f 2375/4925/2215 2374/4926/2214 2377/4927/52
f 2377/4927/52 2376/4928/52 2375/4925/2215
f 2370/4914/76 2369/4913/76 2377/4929/76
f 2377/4929/76 2374/4930/76 2370/4914/76
f 2377/4931/2216 2369/4932/2217 2373/4933/2217
f 2373/4933/2217 2376/4934/2216 2377/4931/2216
f 2368/4935/2218 2372/4936/2218 2373/4933/2217
f 2373/4933/2217 2369/4932/2217 2368/4935/2218
f 2368/4935/2218 2363/4896/2204 2362/4895/2204
f 2362/4895/2204 2372/4936/2218 2368/4935/2218
f 2381/4937/2219 2378/4938/2219 2379/4939/2220
f 2379/4939/2220 2380/4940/2220 2381/4937/2219
f 2379/4941/21 2382/4942/21 2380/4943/21
f 2379/4944/2221 2378/4945/2221 2383/4946/2222
f 2383/4946/2222 2382/4947/2223 2379/4944/2221
f 2383/4948/76 2378/4949/76 2381/4950/76
f 2384/4951/76 2383/4948/76 2381/4950/76
f 2385/4952/76 2383/4948/76 2384/4951/76
f 2382/4947/2223 2383/4946/2222 2385/4953/65
f 2385/4953/65 2386/4954/65 2382/4947/2223
f 2387/4955/13 2386/4956/13 2385/4957/13
f 2385/4957/13 2384/4958/13 2387/4955/13
f 2382/4942/21 2386/4959/21 2387/4960/21
f 2387/4961/2224 2384/4962/2224 2381/4963/2224
f 2381/4963/2224 2380/4964/2224 2387/4961/2224
f 2382/4942/21 2387/4960/21 2380/4943/21
f 2391/4965/2225 2388/4966/2225 2389/4967/2226
f 2389/4967/2226 2390/4968/2226 2391/4965/2225
f 2390/4969/103 2392/4970/103 2393/4971/103
f 2390/4969/103 2393/4971/103 2394/4972/103
f 2390/4969/103 2394/4972/103 2395/4973/103
f 2395/4973/103 2396/4974/103 2397/4975/103
f 2395/4973/103 2397/4975/103 2398/4976/103
f 2395/4973/103 2398/4976/103 2391/4977/103
f 2395/4973/103 2391/4977/103 2390/4969/103
f 2390/4978/2227 2389/4979/2227 2399/4980/2227
f 2399/4980/2227 2392/4981/2227 2390/4978/2227
f 2413/4982/65 2400/4983/65 2401/4984/65
f 2413/4982/65 2401/4984/65 2402/4985/65
f 2413/4982/65 2402/4985/65 2403/4986/65
f 2403/4986/65 2389/4987/65 2388/4988/65
f 2403/4986/65 2388/4988/65 2404/4989/65
f 2403/4986/65 2404/4989/65 2405/4990/65
f 2403/4986/65 2405/4990/65 2406/4991/65
f 2403/4986/65 2406/4991/65 2407/4992/65
f 2403/4986/65 2407/4992/65 2408/4993/65
f 2403/4986/65 2408/4993/65 2409/4994/65
f 2403/4986/65 2409/4994/65 2410/4995/65
f 2403/4986/65 2410/4995/65 2411/4996/65
f 2403/4986/65 2411/4996/65 2412/4997/65
f 2403/4986/65 2412/4997/65 2413/4982/65
f 2389/4979/2227 2403/4998/2227 2399/4980/2227
f 2392/4999/2228 2399/5000/2228 2414/5001/2229
f 2414/5001/2229 2393/5002/2229 2392/4999/2228
f 2430/5003/103 2415/5004/103 2416/5005/103
f 2416/5005/103 2417/5006/103 2418/5007/103
f 2416/5005/103 2418/5007/103 2419/5008/103
f 2416/5005/103 2419/5008/103 2420/5009/103
f 2416/5005/103 2420/5009/103 2421/5010/103
f 2416/5005/103 2421/5010/103 2422/5011/103
f 2416/5005/103 2422/5011/103 2423/5012/103
f 2416/5005/103 2423/5012/103 2424/5013/103
f 2416/5005/103 2424/5013/103 2425/5014/103
f 2416/5005/103 2425/5014/103 2426/5015/103
f 2416/5005/103 2426/5015/103 2427/5016/103
f 2416/5005/103 2427/5016/103 2428/5017/103
f 2416/5005/103 2428/5017/103 2414/5018/103
f 2416/5005/103 2414/5018/103 2399/5019/103
f 2416/5005/103 2399/5019/103 2429/5020/103
f 2416/5005/103 2429/5020/103 2430/5003/103
f 2399/5021/2230 2403/5022/2230 2402/5023/1476
f 2402/5023/1476 2429/5024/1476 2399/5021/2230
f 2429/5024/1476 2402/5023/1476 2401/5025/1477
f 2401/5025/1477 2430/5026/1477 2429/5024/1476
f 2430/5026/1477 2401/5025/1477 2400/5027/2231
f 2400/5027/2231 2415/5028/2231 2430/5026/1477
f 2415/5028/2231 2400/5027/2231 2413/5029/2232
f 2413/5029/2232 2416/5030/2232 2415/5028/2231
f 2416/5031/2233 2413/5032/2233 2412/5033/2233
f 2412/5033/2233 2417/5034/2233 2416/5031/2233
f 2417/5035/21 2412/5036/21 2411/5037/2234
f 2411/5037/2234 2418/5038/2235 2417/5035/21
f 2418/5038/2235 2411/5037/2234 2410/5039/2236
f 2410/5039/2236 2419/5040/2236 2418/5038/2235
f 2419/5040/2236 2410/5039/2236 2409/5041/13
f 2409/5041/13 2420/5042/13 2419/5040/2236
f 2420/5043/2237 2409/5044/2237 2408/5045/2238
f 2408/5045/2238 2421/5046/2238 2420/5043/2237
f 2421/5046/2238 2408/5045/2238 2407/5047/1485
f 2407/5047/1485 2422/5048/1485 2421/5046/2238
f 2422/5048/1485 2407/5047/1485 2406/5049/1482
f 2406/5049/1482 2423/5050/1481 2422/5048/1485
f 2423/5050/1481 2406/5049/1482 2405/5051/2239
f 2405/5051/2239 2424/5052/2239 2423/5050/1481
f 2424/5052/2239 2405/5051/2239 2404/5053/2240
f 2404/5053/2240 2425/5054/2241 2424/5052/2239
f 2396/5055/2242 2426/5056/2242 2425/5057/2242
f 2425/5057/2242 2397/5058/2242 2396/5055/2242
f 2397/5059/2241 2425/5054/2241 2404/5053/2240
f 2404/5053/2240 2398/5060/2243 2397/5059/2241
f 2395/5061/2244 2427/5062/2244 2426/5063/2244
f 2426/5063/2244 2396/5064/2244 2395/5061/2244
f 2394/5065/1548 2428/5066/1548 2427/5067/1548
f 2427/5067/1548 2395/5068/1548 2394/5065/1548
f 2393/5002/2229 2414/5001/2229 2428/5069/2245
f 2428/5069/2245 2394/5070/2245 2393/5002/2229
f 2398/5060/2243 2404/5053/2240 2388/4966/2225
f 2388/4966/2225 2391/4965/2225 2398/5060/2243
f 2434/5071/2246 2431/5072/2247 2432/5073/2248
f 2432/5073/2248 2433/5074/2249 2434/5071/2246
f 2431/5072/2247 2434/5071/2246 2435/5075/2250
f 2435/5075/2250 2436/5076/2251 2431/5072/2247
f 2435/5075/2250 2434/5071/2246 2433/5074/2249
f 2433/5074/2249 2437/5077/2252 2435/5075/2250
f 2439/5078/2253 2433/5074/2249 2432/5073/2248
f 2432/5073/2248 2438/5079/2254 2439/5078/2253
f 2439/5078/2253 2440/5080/2255 2437/5077/2252
f 2437/5077/2252 2433/5074/2249 2439/5078/2253
f 2440/5080/2255 2441/5081/2256 2442/5082/2257
f 2442/5082/2257 2437/5077/2252 2440/5080/2255
f 2442/5082/2257 2443/5083/2258 2435/5075/2250
f 2435/5075/2250 2437/5077/2252 2442/5082/2257
f 2445/5084/2259 2441/5081/2256 2440/5080/2255
f 2440/5080/2255 2444/5085/2260 2445/5084/2259
f 2440/5080/2255 2439/5078/2253 2446/5086/2261
f 2446/5086/2261 2444/5085/2260 2440/5080/2255
f 2448/5087/2262 2445/5084/2259 2444/5085/2260
f 2444/5085/2260 2447/5088/2263 2448/5087/2262
f 2444/5085/2260 2446/5086/2261 2449/5089/2264
f 2449/5089/2264 2447/5088/2263 2444/5085/2260
f 2449/5089/2264 2446/5086/2261 2450/5090/2265
f 2450/5090/2265 2451/5091/2266 2449/5089/2264
f 2446/5086/2261 2439/5078/2253 2438/5079/2254
f 2438/5079/2254 2450/5090/2265 2446/5086/2261
f 2453/5092/2267 2451/5091/2266 2450/5090/2265
f 2450/5090/2265 2452/5093/2268 2453/5092/2267
f 2454/5094/2269 2452/5093/2268 2450/5090/2265
f 2450/5090/2265 2438/5079/2254 2454/5094/2269
f 2454/5094/2269 2455/5095/21 2456/5096/21
f 2456/5096/21 2452/5093/2268 2454/5094/2269
f 2452/5093/2268 2456/5096/21 2457/5097/2270
f 2457/5097/2270 2453/5092/2267 2452/5093/2268
f 2459/5098/2271 2453/5092/2267 2457/5097/2270
f 2457/5097/2270 2458/5099/2272 2459/5098/2271
f 2453/5092/2267 2459/5098/2271 2460/5100/2273
f 2460/5100/2273 2451/5091/2266 2453/5092/2267
f 2462/5101/2274 2459/5098/2271 2458/5099/2272
f 2458/5099/2272 2461/5102/2275 2462/5101/2274
f 2462/5101/2274 2463/5103/2276 2460/5100/2273
f 2460/5100/2273 2459/5098/2271 2462/5101/2274
f 2463/5103/2276 2464/5104/2277 2465/5105/2278
f 2465/5105/2278 2460/5100/2273 2463/5103/2276
f 2465/5105/2278 2449/5089/2264 2451/5091/2266
f 2451/5091/2266 2460/5100/2273 2465/5105/2278
f 2467/5106/2279 2466/5107/2280 2465/5105/2278
f 2465/5105/2278 2464/5104/2277 2467/5106/2279
f 2447/5088/2263 2449/5089/2264 2465/5105/2278
f 2465/5105/2278 2466/5107/2280 2447/5088/2263
f 2447/5088/2263 2466/5107/2280 2468/5108/2281
f 2468/5108/2281 2448/5087/2262 2447/5088/2263
f 2469/5109/2282 2468/5108/2281 2466/5107/2280
f 2466/5107/2280 2467/5106/2279 2469/5109/2282
f 2467/5106/2279 2464/5104/2277 2470/5110/2283
f 2470/5110/2283 2471/5111/2284 2467/5106/2279
f 2469/5109/2282 2467/5106/2279 2471/5111/2284
f 2471/5111/2284 2472/5112/2285 2469/5109/2282
f 2474/5113/2286 2473/5114/2287 2472/5112/2285
f 2472/5112/2285 2471/5111/2284 2474/5113/2286
f 2475/5115/2288 2474/5113/2286 2471/5111/2284
f 2471/5111/2284 2470/5110/2283 2475/5115/2288
f 2469/5109/2282 2472/5112/2285 2476/5116/2289
f 2476/5116/2289 2477/5117/2290 2469/5109/2282
f 2476/5116/2289 2472/5112/2285 2473/5114/2287
f 2473/5114/2287 2478/5118/2291 2476/5116/2289
f 2477/5119/2292 2476/5120/2293 2479/5121/2294
f 2479/5121/2294 2476/5120/2293 2478/5122/2295
f 2480/5123/2296 2477/5119/2292 2479/5121/2294
f 2468/5108/2281 2469/5109/2282 2477/5117/2290
f 2477/5117/2290 2480/5124/2297 2468/5108/2281
f 2480/5123/2296 2479/5121/2294 2481/5125/2296
f 2480/5124/2297 2481/5126/2298 2448/5087/2262
f 2448/5087/2262 2468/5108/2281 2480/5124/2297
f 2479/5121/2294 2482/5127/2296 2481/5125/2296
f 2445/5084/2259 2448/5087/2262 2481/5126/2298
f 2481/5126/2298 2482/5128/2299 2445/5084/2259
f 2482/5127/2296 2483/5129/2296 2484/5130/2296
f 2445/5084/2259 2482/5128/2299 2484/5131/2300
f 2484/5131/2300 2441/5081/2256 2445/5084/2259
f 2482/5127/2296 2479/5121/2294 2485/5132/2294
f 2485/5132/2294 2483/5129/2296 2482/5127/2296
f 2486/5133/2301 2483/5134/2302 2487/5135/2303
f 2487/5135/2303 2483/5134/2302 2485/5136/2304
f 2485/5136/2304 2488/5137/2304 2487/5135/2303
f 2483/5129/2296 2486/5138/2296 2484/5130/2296
f 2485/5132/2294 2479/5121/2294 2489/5139/2295
f 2489/5139/2295 2490/5140/2295 2485/5132/2294
f 2485/5136/2304 2490/5141/2305 2491/5142/2306
f 2491/5142/2306 2488/5137/2304 2485/5136/2304
f 2492/5143/2307 2491/5142/2306 2490/5141/2305
f 2490/5140/2295 2493/5144/2295 2492/5145/2295
f 2489/5139/2295 2493/5144/2295 2490/5140/2295
f 2493/5146/2308 2489/5147/2309 2494/5148/2310
f 2494/5148/2310 2495/5149/2311 2493/5146/2308
f 2479/5121/2294 2496/5150/2295 2489/5139/2295
f 2496/5151/2312 2497/5152/2313 2494/5148/2310
f 2494/5148/2310 2489/5147/2309 2496/5151/2312
f 2499/5153/2314 2495/5149/2311 2494/5148/2310
f 2494/5148/2310 2498/5154/2315 2499/5153/2314
f 2498/5154/2315 2494/5148/2310 2497/5152/2313
f 2497/5152/2313 2500/5155/2316 2498/5154/2315
f 2473/5114/2287 2497/5152/2313 2496/5151/2312
f 2496/5151/2312 2478/5118/2291 2473/5114/2287
f 2500/5155/2316 2497/5152/2313 2473/5114/2287
f 2473/5114/2287 2474/5113/2286 2500/5155/2316
f 2500/5155/2316 2474/5113/2286 2475/5115/2288
f 2475/5115/2288 2501/5156/2317 2500/5155/2316
f 2501/5156/2317 2502/5157/2318 2498/5154/2315
f 2498/5154/2315 2500/5155/2316 2501/5156/2317
f 2504/5158/2319 2503/5159/2320 2501/5156/2317
f 2501/5156/2317 2475/5115/2288 2504/5158/2319
f 2505/5160/2321 2502/5157/2318 2501/5156/2317
f 2501/5156/2317 2503/5159/2320 2505/5160/2321
f 2504/5158/2319 2506/5161/2322 2507/5162/2323
f 2507/5162/2323 2503/5159/2320 2504/5158/2319
f 2505/5160/2321 2503/5159/2320 2507/5162/2323
f 2507/5162/2323 2508/5163/2324 2505/5160/2321
f 2508/5163/2324 2507/5162/2323 2509/5164/2325
f 2509/5164/2325 2510/5165/76 2508/5163/2324
f 2511/5166/2326 2509/5164/2325 2507/5162/2323
f 2507/5162/2323 2506/5161/2322 2511/5166/2326
f 2510/5165/76 2512/5167/76 2513/5168/2327
f 2513/5168/2327 2508/5163/2324 2510/5165/76
f 2505/5160/2321 2508/5163/2324 2513/5168/2327
f 2513/5168/2327 2514/5169/2328 2505/5160/2321
f 2456/5170/13 2455/5171/2329 2512/5172/2329
f 2512/5172/2329 2510/5173/13 2456/5170/13
f 2457/5174/13 2456/5170/13 2510/5173/13
f 2510/5173/13 2509/5175/13 2457/5174/13
f 2512/5172/2329 2455/5171/2329 2515/5176/2330
f 2515/5176/2330 2516/5177/2331 2512/5172/2329
f 2512/5167/76 2516/5178/2332 2517/5179/2333
f 2517/5179/2333 2513/5168/2327 2512/5167/76
f 2518/5180/2334 2515/5181/2335 2455/5095/21
f 2455/5095/21 2454/5094/2269 2518/5180/2334
f 2520/5182/2336 2519/5183/2337 2515/5181/2335
f 2515/5181/2335 2518/5180/2334 2520/5182/2336
f 2515/5176/2330 2519/5184/2338 2521/5185/2338
f 2521/5185/2338 2516/5177/2331 2515/5176/2330
f 2519/5184/2338 2522/5186/2339 2523/5187/2340
f 2523/5187/2340 2521/5185/2338 2519/5184/2338
f 2520/5182/2336 2524/5188/2341 2522/5189/2342
f 2522/5189/2342 2519/5183/2337 2520/5182/2336
f 2523/5190/2343 2525/5191/2344 2526/5192/2345
f 2526/5192/2345 2521/5193/2346 2523/5190/2343
f 2516/5178/2332 2521/5193/2346 2526/5192/2345
f 2526/5192/2345 2517/5179/2333 2516/5178/2332
f 2526/5192/2345 2525/5191/2344 2527/5194/2347
f 2527/5194/2347 2528/5195/2348 2526/5192/2345
f 2526/5192/2345 2528/5195/2348 2529/5196/2349
f 2529/5196/2349 2517/5179/2333 2526/5192/2345
f 2513/5168/2327 2517/5179/2333 2514/5169/2328
f 2514/5169/2328 2517/5179/2333 2529/5196/2349
f 2514/5169/2328 2530/5197/2350 2502/5157/2318
f 2502/5157/2318 2505/5160/2321 2514/5169/2328
f 2529/5196/2349 2531/5198/2351 2530/5197/2350
f 2530/5197/2350 2514/5169/2328 2529/5196/2349
f 2502/5157/2318 2530/5197/2350 2499/5153/2314
f 2499/5153/2314 2498/5154/2315 2502/5157/2318
f 2532/5199/2352 2499/5153/2314 2530/5197/2350
f 2530/5197/2350 2531/5198/2351 2532/5199/2352
f 2533/5200/2353 2495/5149/2311 2499/5153/2314
f 2499/5153/2314 2532/5199/2352 2533/5200/2353
f 2535/5201/2354 2534/5202/2355 2533/5200/2353
f 2533/5200/2353 2532/5199/2352 2535/5201/2354
f 2531/5198/2351 2536/5203/2356 2535/5201/2354
f 2535/5201/2354 2532/5199/2352 2531/5198/2351
f 2535/5201/2354 2536/5203/2356 2537/5204/2357
f 2537/5204/2357 2538/5205/2358 2535/5201/2354
f 2534/5202/2355 2535/5201/2354 2538/5205/2358
f 2538/5205/2358 2539/5206/2359 2534/5202/2355
f 2541/5207/2360 2540/5208/2361 2534/5202/2355
f 2534/5202/2355 2539/5206/2359 2541/5207/2360
f 2540/5208/2361 2542/5209/2362 2533/5200/2353
f 2533/5200/2353 2534/5202/2355 2540/5208/2361
f 2544/5210/2363 2541/5207/2360 2539/5206/2359
f 2539/5206/2359 2543/5211/2364 2544/5210/2363
f 2545/5212/2365 2543/5211/2364 2539/5206/2359
f 2539/5206/2359 2538/5205/2358 2545/5212/2365
f 2546/5213/2366 2543/5214/2364 2545/5215/2365
f 2545/5215/2365 2436/5076/2251 2546/5213/2366
f 2546/5213/2366 2547/5216/2367 2544/5217/2363
f 2544/5217/2363 2543/5214/2364 2546/5213/2366
f 2544/5210/2363 2548/5218/2368 2549/5219/2369
f 2549/5219/2369 2541/5207/2360 2544/5210/2363
f 2550/5220/2370 2548/5221/2368 2544/5217/2363
f 2544/5217/2363 2547/5216/2367 2550/5220/2370
f 2552/5222/2371 2551/5223/2372 2550/5220/2370
f 2550/5220/2370 2547/5216/2367 2552/5222/2371
f 2443/5083/2258 2552/5222/2371 2547/5216/2367
f 2547/5216/2367 2546/5213/2366 2443/5083/2258
f 2550/5220/2370 2553/5224/2373 2554/5225/2374
f 2554/5225/2374 2548/5221/2368 2550/5220/2370
f 2550/5220/2370 2551/5223/2372 2555/5226/2375
f 2555/5226/2375 2553/5224/2373 2550/5220/2370
f 2557/5227/2376 2556/5228/2377 2553/5224/2373
f 2553/5224/2373 2555/5226/2375 2557/5227/2376
f 2556/5228/2377 2558/5229/2378 2554/5225/2374
f 2554/5225/2374 2553/5224/2373 2556/5228/2377
f 2554/5230/2374 2558/5231/2378 2559/5232/2379
f 2559/5232/2379 2560/5233/2380 2554/5230/2374
f 2554/5230/2374 2560/5233/2380 2549/5219/2369
f 2549/5219/2369 2548/5218/2368 2554/5230/2374
f 2562/5234/2381 2561/5235/2382 2549/5219/2369
f 2549/5219/2369 2560/5233/2380 2562/5234/2381
f 2560/5233/2380 2559/5232/2379 2563/5236/2383
f 2563/5236/2383 2562/5234/2381 2560/5233/2380
f 2563/5237/2295 2559/5238/2295 2564/5239/2295
f 2564/5239/2295 2565/5240/2295 2563/5237/2295
f 2559/5238/2295 2558/5241/2294 2564/5239/2295
f 2566/5242/2384 2565/5243/2385 2564/5244/2386
f 2564/5239/2295 2558/5241/2294 2567/5245/2294
f 2568/5246/2387 2566/5242/2384 2564/5244/2386
f 2564/5244/2386 2567/5247/2387 2568/5246/2387
f 2566/5248/2388 2568/5249/2389 2569/5250/2390
f 2570/5251/2391 2491/5252/2391 2566/5253/2391
f 2566/5253/2391 2569/5254/2391 2570/5251/2391
f 2491/5142/2306 2571/5255/2392 2572/5256/2393
f 2572/5256/2393 2566/5242/2384 2491/5142/2306
f 2572/5256/2393 2565/5243/2385 2566/5242/2384
f 2572/5257/2295 2573/5258/2295 2574/5259/2295
f 2574/5259/2295 2565/5240/2295 2572/5257/2295
f 2571/5260/2295 2575/5261/2295 2573/5258/2295
f 2573/5258/2295 2572/5257/2295 2571/5260/2295
f 2492/5145/2295 2576/5262/2295 2571/5260/2295
f 2576/5262/2295 2575/5261/2295 2571/5260/2295
f 2571/5255/2392 2491/5142/2306 2492/5143/2307
f 2533/5200/2353 2542/5209/2362 2575/5263/2394
f 2575/5263/2394 2576/5264/2395 2533/5200/2353
f 2577/5265/2396 2573/5266/2397 2575/5263/2394
f 2575/5263/2394 2542/5209/2362 2577/5265/2396
f 2540/5208/2361 2577/5265/2396 2542/5209/2362
f 2540/5208/2361 2561/5235/2382 2578/5267/2398
f 2578/5267/2398 2577/5265/2396 2540/5208/2361
f 2574/5268/2399 2573/5266/2397 2577/5265/2396
f 2577/5265/2396 2578/5267/2398 2574/5268/2399
f 2574/5268/2399 2578/5267/2398 2562/5234/2381
f 2562/5234/2381 2563/5236/2383 2574/5268/2399
f 2561/5235/2382 2562/5234/2381 2578/5267/2398
f 2565/5240/2295 2574/5259/2295 2563/5237/2295
f 2549/5219/2369 2561/5235/2382 2540/5208/2361
f 2540/5208/2361 2541/5207/2360 2549/5219/2369
f 2576/5264/2395 2493/5146/2308 2495/5149/2311
f 2495/5149/2311 2533/5200/2353 2576/5264/2395
f 2493/5144/2295 2576/5262/2295 2492/5145/2295
f 2491/5269/2400 2570/5270/2401 2488/5271/2402
f 2579/5272/2403 2580/5273/2404 2568/5249/2389
f 2581/5274/2405 2579/5275/2406 2568/5246/2387
f 2568/5246/2387 2567/5247/2387 2581/5274/2405
f 2579/5276/2407 2487/5277/2407 2582/5278/2407
f 2582/5278/2407 2580/5279/2407 2579/5276/2407
f 2487/5280/2408 2488/5271/2402 2582/5281/2409
f 2584/5282/2410 2583/5283/2411 2487/5135/2303
f 2487/5135/2303 2579/5275/2406 2584/5282/2410
f 2579/5275/2406 2581/5274/2405 2585/5284/2412
f 2584/5282/2410 2579/5275/2406 2585/5284/2412
f 2587/5285/2296 2586/5286/2296 2584/5287/2296
f 2584/5287/2296 2585/5288/2296 2587/5285/2296
f 2586/5286/2296 2588/5289/2296 2583/5290/2296
f 2583/5290/2296 2584/5287/2296 2586/5286/2296
f 2486/5138/2296 2583/5290/2296 2589/5291/2296
f 2589/5291/2296 2583/5290/2296 2588/5289/2296
f 2583/5283/2411 2486/5133/2301 2487/5135/2303
f 2588/5292/2413 2590/5293/2414 2442/5082/2257
f 2442/5082/2257 2589/5294/2415 2588/5292/2413
f 2588/5292/2413 2586/5295/2416 2591/5296/2417
f 2591/5296/2417 2590/5293/2414 2588/5292/2413
f 2442/5082/2257 2590/5293/2414 2552/5222/2371
f 2552/5222/2371 2443/5083/2258 2442/5082/2257
f 2552/5222/2371 2590/5293/2414 2591/5296/2417
f 2592/5297/2418 2551/5223/2372 2552/5222/2371
f 2552/5222/2371 2591/5296/2417 2592/5297/2418
f 2591/5296/2417 2586/5295/2416 2587/5298/2419
f 2587/5298/2419 2592/5297/2418 2591/5296/2417
f 2555/5226/2375 2592/5297/2418 2587/5298/2419
f 2587/5298/2419 2557/5227/2376 2555/5226/2375
f 2551/5223/2372 2592/5297/2418 2555/5226/2375
f 2585/5288/2296 2557/5299/2296 2587/5285/2296
f 2581/5300/2296 2556/5301/2296 2557/5299/2296
f 2557/5299/2296 2585/5288/2296 2581/5300/2296
f 2441/5081/2256 2484/5131/2300 2589/5294/2415
f 2589/5294/2415 2442/5082/2257 2441/5081/2256
f 2484/5130/2296 2486/5138/2296 2589/5291/2296
f 2581/5300/2296 2567/5245/2294 2558/5241/2294
f 2556/5301/2296 2581/5300/2296 2558/5241/2294
f 2436/5076/2251 2435/5075/2250 2443/5083/2258
f 2443/5083/2258 2546/5213/2366 2436/5076/2251
f 2545/5215/2365 2593/5302/2420 2431/5072/2247
f 2431/5072/2247 2436/5076/2251 2545/5215/2365
f 2537/5204/2357 2593/5303/2420 2545/5212/2365
f 2545/5212/2365 2538/5205/2358 2537/5204/2357
f 2593/5302/2420 2594/5304/2421 2595/5305/2422
f 2595/5305/2422 2431/5072/2247 2593/5302/2420
f 2596/5306/2423 2594/5307/2421 2593/5303/2420
f 2593/5303/2420 2537/5204/2357 2596/5306/2423
f 2529/5196/2349 2537/5204/2357 2536/5203/2356
f 2536/5203/2356 2531/5198/2351 2529/5196/2349
f 2529/5196/2349 2528/5195/2348 2596/5306/2423
f 2596/5306/2423 2537/5204/2357 2529/5196/2349
f 2597/5308/1258 2595/5309/2424 2596/5310/2424
f 2596/5310/2424 2527/5311/1258 2597/5308/1258
f 2596/5306/2423 2528/5195/2348 2527/5194/2347
f 2594/5312/2425 2596/5310/2424 2595/5309/2424
f 2595/5305/2422 2597/5313/2426 2598/5314/2427
f 2595/5305/2422 2598/5314/2427 2432/5073/2248
f 2432/5073/2248 2431/5072/2247 2595/5305/2422
f 2432/5073/2248 2598/5314/2427 2520/5182/2336
f 2520/5182/2336 2518/5180/2334 2432/5073/2248
f 2597/5313/2426 2524/5188/2341 2520/5182/2336
f 2520/5182/2336 2598/5314/2427 2597/5313/2426
f 2525/5315/2428 2524/5316/2428 2597/5308/1258
f 2597/5308/1258 2527/5311/1258 2525/5315/2428
f 2523/5187/2340 2522/5186/2339 2524/5316/2428
f 2524/5316/2428 2525/5315/2428 2523/5187/2340
f 2454/5094/2269 2438/5079/2254 2518/5180/2334
f 2438/5079/2254 2432/5073/2248 2518/5180/2334
f 2600/5317/2429 2599/5318/2430 2511/5166/2326
f 2511/5166/2326 2506/5161/2322 2600/5317/2429
f 2504/5158/2319 2601/5319/2431 2600/5317/2429
f 2600/5317/2429 2506/5161/2322 2504/5158/2319
f 2462/5101/2274 2461/5102/2275 2599/5318/2430
f 2599/5318/2430 2600/5317/2429 2462/5101/2274
f 2462/5101/2274 2600/5317/2429 2601/5319/2431
f 2601/5319/2431 2463/5103/2276 2462/5101/2274
f 2599/5320/13 2461/5321/13 2458/5322/13
f 2458/5322/13 2511/5323/13 2599/5320/13
f 2464/5104/2277 2463/5103/2276 2601/5319/2431
f 2601/5319/2431 2470/5110/2283 2464/5104/2277
f 2475/5115/2288 2470/5110/2283 2601/5319/2431
f 2601/5319/2431 2504/5158/2319 2475/5115/2288
f 2458/5322/13 2457/5174/13 2509/5175/13
f 2509/5175/13 2511/5323/13 2458/5322/13
f 2478/5122/2295 2496/5150/2295 2479/5121/2294
f 2568/5249/2389 2580/5273/2404 2569/5250/2390
f 2582/5324/2432 2570/5325/2432 2569/5326/2432
f 2569/5326/2432 2580/5327/2432 2582/5324/2432
f 2570/5270/2401 2582/5281/2409 2488/5271/2402
f 2605/5328/103 2602/5329/2433 2603/5330/2434
f 2603/5330/2434 2604/5331/2435 2605/5328/103
f 2602/5332/2436 2605/5333/2437 2606/5334/2437
f 2606/5334/2437 2607/5335/2436 2602/5332/2436
f 2609/5336/2438 2605/5337/103 2604/5338/2435
f 2604/5338/2435 2608/5339/2439 2609/5336/2438
f 2605/5340/2437 2609/5341/2440 2610/5342/2440
f 2610/5342/2440 2606/5343/2437 2605/5340/2437
f 2612/5344/2441 2604/5331/2435 2603/5330/2434
f 2603/5330/2434 2611/5345/2442 2612/5344/2441
f 2613/5346/2443 2608/5339/2439 2604/5338/2435
f 2604/5338/2435 2612/5347/2441 2613/5346/2443
f 2615/5348/2444 2614/5349/2445 2608/5339/2439
f 2608/5339/2439 2613/5346/2443 2615/5348/2444
f 2616/5350/2446 2609/5336/2438 2608/5339/2439
f 2608/5339/2439 2614/5349/2445 2616/5350/2446
f 2615/5348/2444 2613/5346/2443 2617/5351/13
f 2617/5351/13 2618/5352/13 2615/5348/2444
f 2613/5346/2443 2612/5347/2441 2619/5353/13
f 2619/5353/13 2617/5351/13 2613/5346/2443
f 2621/5354/2447 2615/5348/2444 2618/5352/13
f 2618/5352/13 2620/5355/13 2621/5354/2447
f 2621/5354/2447 2622/5356/2448 2614/5349/2445
f 2614/5349/2445 2615/5348/2444 2621/5354/2447
f 2624/5357/2449 2621/5354/2447 2620/5355/13
f 2620/5355/13 2623/5358/13 2624/5357/2449
f 2624/5357/2449 2625/5359/2450 2622/5356/2448
f 2622/5356/2448 2621/5354/2447 2624/5357/2449
f 2627/5360/2451 2624/5357/2449 2623/5358/13
f 2623/5358/13 2626/5361/13 2627/5360/2451
f 2627/5360/2451 2628/5362/2452 2625/5359/2450
f 2625/5359/2450 2624/5357/2449 2627/5360/2451
f 2630/5363/2453 2627/5360/2451 2626/5361/13
f 2626/5361/13 2629/5364/13 2630/5363/2453
f 2630/5363/2453 2631/5365/2454 2628/5362/2452
f 2628/5362/2452 2627/5360/2451 2630/5363/2453
f 2633/5366/2455 2630/5363/2453 2629/5364/13
f 2629/5364/13 2632/5367/13 2633/5366/2455
f 2633/5366/2455 2634/5368/2456 2631/5365/2454
f 2631/5365/2454 2630/5363/2453 2633/5366/2455
f 2636/5369/2457 2633/5366/2455 2632/5367/13
f 2632/5367/13 2635/5370/13 2636/5369/2457
f 2636/5369/2457 2637/5371/2458 2634/5368/2456
f 2634/5368/2456 2633/5366/2455 2636/5369/2457
f 2611/5345/2442 2636/5369/2457 2635/5370/13
f 2635/5370/13 2638/5372/13 2611/5345/2442
f 2611/5345/2442 2603/5330/2434 2637/5371/2458
f 2637/5371/2458 2636/5369/2457 2611/5345/2442
f 2612/5344/2441 2611/5345/2442 2638/5372/13
f 2638/5372/13 2619/5373/13 2612/5344/2441
f 2638/5374/2459 2635/5375/2460 2639/5376/2460
f 2639/5376/2460 2640/5377/2461 2638/5374/2459
f 2638/5374/2459 2640/5377/2461 2619/5378/103
f 2640/5379/13 2639/5380/13 2641/5381/13
f 2641/5381/13 2642/5382/13 2640/5379/13
f 2640/5383/21 2642/5384/21 2643/5385/21
f 2646/5386/21 2644/5387/21 2640/5383/21
f 2640/5383/21 2645/5388/21 2646/5386/21
f 2619/5378/103 2640/5377/2461 2644/5389/2462
f 2644/5389/2462 2647/5390/103 2619/5378/103
f 2643/5385/21 2648/5391/21 2640/5383/21
f 2645/5388/21 2640/5383/21 2648/5391/21
f 2650/5392/2463 2649/5393/2464 2645/5394/2464
f 2645/5394/2464 2648/5395/2463 2650/5392/2463
f 2649/5393/2464 2651/5396/2465 2646/5397/2465
f 2646/5397/2465 2645/5394/2464 2649/5393/2464
f 2646/5386/21 2652/5398/21 2644/5387/21
f 2651/5396/2465 2653/5399/2466 2652/5400/2467
f 2652/5400/2467 2646/5397/2465 2651/5396/2465
f 2649/5401/76 2654/5402/76 2655/5403/76
f 2655/5403/76 2651/5404/76 2649/5401/76
f 2651/5404/76 2655/5403/76 2653/5405/76
f 2656/5406/76 2653/5405/76 2655/5403/76
f 2653/5399/2466 2656/5407/52 2657/5408/52
f 2657/5408/52 2652/5400/2467 2653/5399/2466
f 2655/5403/76 2658/5409/76 2656/5406/76
f 2656/5407/52 2659/5410/2468 2660/5411/2469
f 2660/5411/2469 2657/5408/52 2656/5407/52
f 2656/5406/76 2658/5409/76 2659/5412/76
f 2657/5413/21 2644/5387/21 2652/5398/21
f 2661/5414/21 2644/5387/21 2657/5413/21
f 2657/5413/21 2660/5415/21 2661/5414/21
f 2642/5416/2470 2626/5417/65 2662/5418/65
f 2662/5418/65 2661/5419/2471 2642/5416/2470
f 2644/5420/13 2661/5421/13 2662/5422/13
f 2662/5422/13 2647/5423/13 2644/5420/13
f 2664/5424/21 2642/5384/21 2661/5414/21
f 2661/5414/21 2663/5425/21 2664/5424/21
f 2663/5425/21 2661/5414/21 2660/5415/21
f 2659/5410/2468 2665/5426/2472 2663/5427/2473
f 2663/5427/2473 2660/5411/2469 2659/5410/2468
f 2665/5426/2472 2666/5428/2474 2664/5429/2475
f 2664/5429/2475 2663/5427/2473 2665/5426/2472
f 2665/5430/76 2659/5412/76 2658/5409/76
f 2665/5430/76 2658/5409/76 2667/5431/76
f 2667/5431/76 2666/5432/76 2665/5430/76
f 2666/5428/2474 2668/5433/2476 2669/5434/2477
f 2669/5434/2477 2664/5429/2475 2666/5428/2474
f 2666/5432/76 2667/5431/76 2668/5435/76
f 2671/5436/13 2670/5437/13 2654/5438/13
f 2654/5438/13 2667/5439/13 2671/5436/13
f 2623/5440/2478 2620/5441/2479 2671/5442/2479
f 2671/5442/2479 2667/5443/2480 2623/5440/2478
f 2623/5440/2478 2667/5443/2480 2626/5417/65
f 2667/5431/76 2654/5402/76 2672/5444/76
f 2626/5417/65 2667/5443/2480 2658/5445/2481
f 2658/5445/2481 2662/5418/65 2626/5417/65
f 2672/5444/76 2668/5435/76 2667/5431/76
f 2672/5444/76 2654/5402/76 2650/5446/76
f 2672/5447/13 2650/5392/2463 2648/5395/2463
f 2648/5395/2463 2643/5448/13 2672/5447/13
f 2668/5433/2476 2672/5449/13 2643/5450/13
f 2643/5450/13 2669/5434/2477 2668/5433/2476
f 2649/5401/76 2650/5446/76 2654/5402/76
f 2618/5451/2446 2617/5452/2482 2654/5453/2483
f 2654/5453/2483 2670/5454/2446 2618/5451/2446
f 2619/5455/103 2654/5453/2483 2617/5452/2482
f 2654/5453/2483 2619/5455/103 2647/5456/103
f 2647/5456/103 2655/5457/2484 2654/5453/2483
f 2620/5441/2479 2618/5451/2446 2670/5454/2446
f 2670/5454/2446 2671/5442/2479 2620/5441/2479
f 2643/5385/21 2642/5384/21 2669/5458/21
f 2664/5424/21 2669/5458/21 2642/5384/21
f 2647/5423/13 2662/5422/13 2658/5459/13
f 2658/5459/13 2655/5460/13 2647/5423/13
f 2632/5461/2485 2629/5462/2486 2642/5416/2470
f 2642/5416/2470 2641/5463/2485 2632/5461/2485
f 2626/5417/65 2642/5416/2470 2629/5462/2486
f 2635/5375/2460 2632/5461/2485 2641/5463/2485
f 2641/5463/2485 2639/5376/2460 2635/5375/2460
f 2602/5329/2433 2673/5464/2460 2637/5371/2458
f 2637/5371/2458 2603/5330/2434 2602/5329/2433
f 2673/5464/2460 2674/5465/2485 2634/5368/2456
f 2634/5368/2456 2637/5371/2458 2673/5464/2460
f 2673/5466/2487 2602/5332/2436 2607/5335/2436
f 2607/5335/2436 2675/5467/2487 2673/5466/2487
f 2674/5468/2488 2673/5466/2487 2675/5467/2487
f 2675/5467/2487 2676/5469/2488 2674/5468/2488
f 2675/5470/2460 2607/5471/2433 2677/5472/2489
f 2677/5472/2489 2678/5473/2490 2675/5470/2460
f 2676/5474/2485 2675/5470/2460 2678/5473/2490
f 2678/5473/2490 2679/5475/2491 2676/5474/2485
f 2681/5476/2492 2680/5477/2493 2678/5473/2490
f 2678/5473/2490 2677/5472/2489 2681/5476/2492
f 2680/5477/2493 2682/5478/2494 2679/5475/2491
f 2679/5475/2491 2678/5473/2490 2680/5477/2493
f 2680/5477/2493 2681/5476/2492 2683/5479/2495
f 2683/5479/2495 2684/5480/2496 2680/5477/2493
f 2682/5478/2494 2680/5477/2493 2684/5480/2496
f 2684/5480/2496 2685/5481/2497 2682/5478/2494
f 2687/5482/2498 2682/5478/2494 2685/5481/2497
f 2685/5481/2497 2686/5483/2499 2687/5482/2498
f 2682/5478/2494 2687/5482/2498 2688/5484/2500
f 2688/5484/2500 2679/5475/2491 2682/5478/2494
f 2690/5485/2501 2687/5482/2498 2686/5483/2499
f 2686/5483/2499 2689/5486/2502 2690/5485/2501
f 2687/5482/2498 2690/5485/2501 2691/5487/2503
f 2691/5487/2503 2688/5484/2500 2687/5482/2498
f 2692/5488/2504 2676/5474/2485 2679/5475/2491
f 2679/5475/2491 2688/5484/2500 2692/5488/2504
f 2693/5489/65 2692/5488/2504 2688/5484/2500
f 2688/5484/2500 2691/5487/2503 2693/5489/65
f 2694/5490/2505 2674/5468/2488 2676/5469/2488
f 2676/5469/2488 2692/5491/2505 2694/5490/2505
f 2695/5492/2506 2694/5490/2505 2692/5491/2505
f 2692/5491/2505 2693/5493/2506 2695/5492/2506
f 2674/5465/2485 2694/5494/2504 2631/5365/2454
f 2631/5365/2454 2634/5368/2456 2674/5465/2485
f 2694/5494/2504 2695/5495/65 2628/5362/2452
f 2628/5362/2452 2631/5365/2454 2694/5494/2504
f 2695/5495/65 2696/5496/2507 2625/5359/2450
f 2625/5359/2450 2628/5362/2452 2695/5495/65
f 2696/5497/2508 2695/5492/2506 2693/5493/2506
f 2693/5493/2506 2697/5498/2508 2696/5497/2508
f 2696/5496/2507 2698/5499/2479 2622/5356/2448
f 2622/5356/2448 2625/5359/2450 2696/5496/2507
f 2698/5500/2509 2696/5497/2508 2697/5498/2508
f 2697/5498/2508 2699/5501/2509 2698/5500/2509
f 2697/5502/2507 2693/5489/65 2691/5487/2503
f 2691/5487/2503 2700/5503/2510 2697/5502/2507
f 2699/5504/2479 2697/5502/2507 2700/5503/2510
f 2700/5503/2510 2701/5505/2511 2699/5504/2479
f 2690/5485/2501 2702/5506/2512 2700/5503/2510
f 2700/5503/2510 2691/5487/2503 2690/5485/2501
f 2702/5506/2512 2703/5507/2513 2701/5505/2511
f 2701/5505/2511 2700/5503/2510 2702/5506/2512
f 2702/5506/2512 2690/5485/2501 2689/5486/2502
f 2689/5486/2502 2704/5508/2514 2702/5506/2512
f 2703/5507/2513 2702/5506/2512 2704/5508/2514
f 2704/5508/2514 2705/5509/2515 2703/5507/2513
f 2707/5510/2516 2703/5507/2513 2705/5509/2515
f 2705/5509/2515 2706/5511/2517 2707/5510/2516
f 2703/5507/2513 2707/5510/2516 2708/5512/2518
f 2708/5512/2518 2701/5505/2511 2703/5507/2513
f 2710/5513/2519 2707/5510/2516 2706/5511/2517
f 2706/5511/2517 2709/5514/2520 2710/5513/2519
f 2707/5510/2516 2710/5513/2519 2711/5515/2521
f 2711/5515/2521 2708/5512/2518 2707/5510/2516
f 2712/5516/2446 2699/5504/2479 2701/5505/2511
f 2701/5505/2511 2708/5512/2518 2712/5516/2446
f 2610/5517/2438 2712/5516/2446 2708/5512/2518
f 2708/5512/2518 2711/5515/2521 2610/5517/2438
f 2616/5518/2522 2698/5500/2509 2699/5501/2509
f 2699/5501/2509 2712/5519/2522 2616/5518/2522
f 2609/5341/2440 2616/5518/2522 2712/5519/2522
f 2712/5519/2522 2610/5342/2440 2609/5341/2440
f 2698/5499/2479 2616/5350/2446 2614/5349/2445
f 2614/5349/2445 2622/5356/2448 2698/5499/2479
f 2606/5520/103 2610/5517/2438 2711/5515/2521
f 2711/5515/2521 2713/5521/2523 2606/5520/103
f 2710/5513/2519 2714/5522/2524 2713/5521/2523
f 2713/5521/2523 2711/5515/2521 2710/5513/2519
f 2714/5523/2524 2681/5476/2492 2677/5472/2489
f 2677/5472/2489 2713/5524/2523 2714/5523/2524
f 2607/5471/2433 2606/5525/103 2713/5524/2523
f 2713/5524/2523 2677/5472/2489 2607/5471/2433
f 2714/5522/2524 2710/5513/2519 2709/5514/2520
f 2709/5514/2520 2715/5526/2525 2714/5522/2524
f 2681/5476/2492 2714/5523/2524 2715/5527/2525
f 2715/5527/2525 2683/5479/2495 2681/5476/2492
f 2717/5528/2526 2683/5479/2495 2715/5527/2525
f 2715/5527/2525 2716/5529/2527 2717/5528/2526
f 2715/5526/2525 2709/5514/2520 2718/5530/2528
f 2718/5530/2528 2716/5531/2527 2715/5526/2525
f 2717/5532/2529 2716/5533/2530 2719/5534/2530
f 2719/5534/2530 2720/5535/2529 2717/5532/2529
f 2718/5536/2531 2721/5537/2531 2719/5538/2530
f 2719/5538/2530 2716/5539/2530 2718/5536/2531
f 2723/5540/2532 2722/5541/2532 2721/5537/2531
f 2721/5537/2531 2718/5536/2531 2723/5540/2532
f 2709/5514/2520 2706/5511/2517 2723/5542/2533
f 2723/5542/2533 2718/5530/2528 2709/5514/2520
f 2725/5543/2534 2724/5544/2534 2722/5541/2532
f 2722/5541/2532 2723/5540/2532 2725/5543/2534
f 2706/5511/2517 2705/5509/2515 2725/5545/2535
f 2725/5545/2535 2723/5542/2533 2706/5511/2517
f 2727/5546/2536 2726/5547/2536 2724/5544/2534
f 2724/5544/2534 2725/5543/2534 2727/5546/2536
f 2705/5509/2515 2704/5508/2514 2727/5548/2537
f 2727/5548/2537 2725/5545/2535 2705/5509/2515
f 2729/5549/2538 2728/5550/2538 2726/5547/2536
f 2726/5547/2536 2727/5546/2536 2729/5549/2538
f 2704/5508/2514 2689/5486/2502 2729/5551/2539
f 2729/5551/2539 2727/5548/2537 2704/5508/2514
f 2731/5552/2540 2730/5553/2541 2728/5550/2538
f 2728/5550/2538 2729/5549/2538 2731/5552/2540
f 2689/5486/2502 2686/5483/2499 2731/5554/2542
f 2731/5554/2542 2729/5551/2539 2689/5486/2502
f 2733/5555/2543 2732/5556/2543 2730/5553/2541
f 2730/5553/2541 2731/5552/2540 2733/5555/2543
f 2686/5483/2499 2685/5481/2497 2733/5557/2544
f 2733/5557/2544 2731/5554/2542 2686/5483/2499
f 2735/5558/2545 2734/5559/2545 2732/5556/2543
f 2732/5556/2543 2733/5555/2543 2735/5558/2545
f 2685/5481/2497 2684/5480/2496 2735/5560/2546
f 2735/5560/2546 2733/5557/2544 2685/5481/2497
f 2735/5558/2545 2717/5532/2529 2720/5535/2529
f 2720/5535/2529 2734/5559/2545 2735/5558/2545
f 2684/5480/2496 2683/5479/2495 2717/5528/2526
f 2717/5528/2526 2735/5560/2546 2684/5480/2496
f 2736/5561/52 2734/5562/2547 2720/5563/2548
f 2736/5561/52 2732/5564/2549 2734/5562/2547
f 2736/5561/52 2719/5565/2550 2721/5566/2551
f 2736/5561/52 2720/5563/2548 2719/5565/2550
f 2736/5561/52 2730/5567/2552 2732/5564/2549
f 2736/5561/52 2728/5568/2553 2730/5567/2552
f 2736/5561/52 2726/5569/2554 2728/5568/2553
f 2736/5561/52 2724/5570/2555 2726/5569/2554
f 2736/5561/52 2722/5571/2556 2724/5570/2555
f 2736/5561/52 2721/5566/2551 2722/5571/2556
f 2742/5572/52 2737/5573/52 2738/5574/52
f 2742/5572/52 2738/5574/52 2739/5575/52
f 2742/5572/52 2739/5575/52 2740/5576/52
f 2740/5576/52 2741/5577/52 2742/5572/52
f 2738/5578/2557 2737/5579/103 2743/5580/103
f 2743/5580/103 2744/5581/2557 2738/5578/2557
f 2737/5579/103 2742/5582/2558 2745/5583/2558
f 2745/5583/2558 2743/5580/103 2737/5579/103
f 2742/5582/2558 2741/5584/2559 2746/5585/2559
f 2746/5585/2559 2745/5583/2558 2742/5582/2558
f 2748/5586/13 2744/5587/13 2743/5588/13
f 2748/5586/13 2743/5588/13 2745/5589/13
f 2748/5586/13 2745/5589/13 2746/5590/13
f 2746/5590/13 2747/5591/13 2748/5586/13
f 2741/5584/2559 2740/5592/65 2747/5593/65
f 2747/5593/65 2746/5585/2559 2741/5584/2559
f 2740/5592/65 2739/5594/2560 2748/5595/2560
f 2748/5595/2560 2747/5593/65 2740/5592/65
f 2739/5596/2560 2738/5578/2557 2744/5581/2557
f 2744/5581/2557 2748/5597/2560 2739/5596/2560
f 2752/5598/2561 2749/5599/2557 2750/5600/103
f 2750/5600/103 2751/5601/2562 2752/5598/2561
f 2750/5602/52 2749/5603/52 2753/5604/52
f 2750/5602/52 2753/5604/52 2754/5605/52
f 2750/5602/52 2754/5605/52 2755/5606/52
f 2755/5606/52 2756/5607/52 2750/5602/52
f 2751/5601/2562 2750/5600/103 2756/5608/2558
f 2756/5608/2558 2757/5609/2563 2751/5601/2562
f 2759/5610/2564 2752/5611/2561 2751/5612/2562
f 2751/5612/2562 2758/5613/2565 2759/5610/2564
f 2758/5613/2565 2751/5612/2562 2757/5614/2563
f 2757/5614/2563 2760/5615/2566 2758/5613/2565
f 2760/5615/2566 2757/5614/2563 2761/5616/2567
f 2761/5616/2567 2762/5617/2568 2760/5615/2566
f 2757/5609/2563 2756/5608/2558 2755/5618/2559
f 2755/5618/2559 2761/5619/2567 2757/5609/2563
f 2762/5617/2568 2761/5616/2567 2763/5620/2569
f 2763/5620/2569 2764/5621/2570 2762/5617/2568
f 2761/5619/2567 2755/5618/2559 2754/5622/65
f 2754/5622/65 2763/5623/2569 2761/5619/2567
f 2763/5624/2569 2754/5625/65 2753/5626/2560
f 2753/5626/2560 2765/5627/2571 2763/5624/2569
f 2765/5627/2571 2753/5626/2560 2749/5599/2557
f 2749/5599/2557 2752/5598/2561 2765/5627/2571
f 2764/5628/2570 2763/5629/2569 2765/5630/2571
f 2765/5630/2571 2766/5631/2572 2764/5628/2570
f 2766/5631/2572 2765/5630/2571 2752/5611/2561
f 2752/5611/2561 2759/5610/2564 2766/5631/2572
f 2766/5632/2572 2759/5633/2564 2758/5634/2565
f 2766/5632/2572 2758/5634/2565 2760/5635/2566
f 2766/5632/2572 2760/5635/2566 2762/5636/2568
f 2762/5636/2568 2764/5637/2570 2766/5632/2572
f 2770/5638/2573 2767/5639/2574 2768/5640/2575
f 2768/5640/2575 2769/5641/2575 2770/5638/2573
f 2768/5642/2576 2767/5643/2577 2771/5644/2577
f 2771/5644/2577 2772/5645/2578 2768/5642/2576
f 2774/5646/2579 2773/5647/2579 2771/5644/2577
f 2771/5644/2577 2767/5643/2577 2774/5646/2579
f 2767/5639/2574 2770/5638/2573 2775/5648/2580
f 2775/5648/2580 2774/5649/2580 2767/5639/2574
f 2777/5650/2581 2774/5649/2580 2775/5648/2580
f 2775/5648/2580 2776/5651/2582 2777/5650/2581
f 2773/5647/2579 2774/5646/2579 2777/5652/2583
f 2777/5652/2583 2778/5653/2583 2773/5647/2579
f 2780/5654/2584 2776/5655/2584 2775/5656/2585
f 2775/5656/2585 2779/5657/2586 2780/5654/2584
f 2779/5657/2586 2775/5656/2585 2770/5658/2587
f 2770/5658/2587 2781/5659/2588 2779/5657/2586
f 2781/5660/65 2782/5661/65 2780/5662/65
f 2780/5662/65 2779/5663/65 2781/5660/65
f 2770/5658/2587 2769/5664/2589 2782/5665/2589
f 2782/5665/2589 2781/5659/2588 2770/5658/2587
f 2782/5661/65 2783/5666/65 2784/5667/65
f 2784/5667/65 2780/5662/65 2782/5661/65
f 2769/5664/2589 2785/5668/2590 2783/5669/2590
f 2783/5669/2590 2782/5665/2589 2769/5664/2589
f 2769/5641/2575 2768/5640/2575 2786/5670/2591
f 2786/5670/2591 2785/5671/2592 2769/5641/2575
f 2785/5668/2590 2787/5672/2593 2788/5673/2593
f 2788/5673/2593 2783/5669/2590 2785/5668/2590
f 2785/5671/2592 2786/5670/2591 2789/5674/2594
f 2789/5674/2594 2787/5675/2594 2785/5671/2592
f 2786/5676/2595 2768/5642/2576 2772/5645/2578
f 2772/5645/2578 2790/5677/2596 2786/5676/2595
f 2789/5678/2597 2786/5676/2595 2790/5677/2596
f 2790/5677/2596 2791/5679/2597 2789/5678/2597
f 2790/5680/2598 2792/5681/2599 2793/5682/2600
f 2793/5682/2600 2791/5683/2600 2790/5680/2598
f 2772/5684/2601 2794/5685/2601 2792/5681/2599
f 2792/5681/2599 2790/5680/2598 2772/5684/2601
f 2791/5683/2600 2793/5682/2600 2795/5686/2602
f 2795/5686/2602 2796/5687/2603 2791/5683/2600
f 2796/5688/21 2797/5689/21 2789/5678/2597
f 2789/5678/2597 2791/5679/2597 2796/5688/21
f 2799/5690/21 2798/5691/21 2797/5689/21
f 2797/5689/21 2796/5688/21 2799/5690/21
f 2796/5687/2603 2795/5686/2602 2800/5692/2604
f 2800/5692/2604 2799/5693/2605 2796/5687/2603
f 2802/5694/2606 2797/5695/2606 2798/5696/2606
f 2798/5696/2606 2801/5697/2606 2802/5694/2606
f 2787/5675/2594 2789/5674/2594 2797/5695/2606
f 2797/5695/2606 2802/5694/2606 2787/5675/2594
f 2802/5698/21 2801/5699/21 2803/5700/21
f 2803/5700/21 2804/5701/21 2802/5698/21
f 2787/5672/2593 2802/5698/21 2804/5701/21
f 2804/5701/21 2788/5673/2593 2787/5672/2593
f 2804/5702/65 2803/5703/65 2805/5704/65
f 2805/5704/65 2806/5705/65 2804/5702/65
f 2788/5706/65 2804/5702/65 2806/5705/65
f 2806/5705/65 2807/5707/65 2788/5706/65
f 2805/5708/76 2808/5709/76 2809/5710/76
f 2809/5710/76 2806/5711/76 2805/5708/76
f 2806/5711/76 2809/5710/76 2810/5712/2607
f 2810/5712/2607 2807/5713/2607 2806/5711/76
f 2783/5666/65 2788/5706/65 2807/5707/65
f 2807/5707/65 2784/5667/65 2783/5666/65
f 2807/5713/2607 2810/5712/2607 2811/5714/2608
f 2811/5714/2608 2784/5715/2608 2807/5713/2607
f 2813/5716/2609 2812/5717/2610 2811/5718/2611
f 2811/5718/2611 2810/5719/2609 2813/5716/2609
f 2814/5720/2612 2813/5716/2609 2810/5719/2609
f 2810/5719/2609 2809/5721/2612 2814/5720/2612
f 2816/5722/2613 2812/5723/2614 2813/5724/2615
f 2813/5724/2615 2815/5725/2615 2816/5722/2613
f 2813/5724/2615 2814/5726/76 2817/5727/76
f 2817/5727/76 2815/5725/2615 2813/5724/2615
f 2818/5728/2612 2814/5720/2612 2809/5721/2612
f 2809/5721/2612 2808/5729/2612 2818/5728/2612
f 2814/5726/76 2818/5730/76 2819/5731/76
f 2819/5731/76 2817/5727/76 2814/5726/76
f 2821/5732/2616 2820/5733/2617 2817/5734/2618
f 2817/5734/2618 2819/5735/2619 2821/5732/2616
f 2820/5733/2617 2822/5736/2620 2815/5737/2621
f 2815/5737/2621 2817/5734/2618 2820/5733/2617
f 2820/5738/2622 2821/5739/2623 2800/5740/2624
f 2800/5740/2624 2795/5741/2622 2820/5738/2622
f 2795/5741/2622 2793/5742/2625 2822/5743/2625
f 2822/5743/2625 2820/5738/2622 2795/5741/2622
f 2823/5744/2626 2822/5743/2625 2793/5742/2625
f 2793/5742/2625 2792/5745/2626 2823/5744/2626
f 2822/5736/2620 2823/5746/2627 2816/5747/2628
f 2816/5747/2628 2815/5737/2621 2822/5736/2620
f 2824/5748/2629 2823/5744/2626 2792/5745/2626
f 2792/5745/2626 2794/5749/2629 2824/5748/2629
f 2823/5746/2627 2824/5750/2630 2778/5751/2630
f 2778/5751/2630 2816/5747/2628 2823/5746/2627
f 2778/5653/2583 2777/5652/2583 2812/5723/2614
f 2812/5723/2614 2816/5722/2613 2778/5653/2583
f 2824/5750/2630 2825/5752/2631 2773/5753/2631
f 2773/5753/2631 2778/5751/2630 2824/5750/2630
f 2825/5754/103 2824/5748/2629 2794/5749/2629
f 2794/5749/2629 2826/5755/103 2825/5754/103
f 2771/5756/2632 2826/5757/2632 2794/5685/2601
f 2794/5685/2601 2772/5684/2601 2771/5756/2632
f 2773/5753/2631 2825/5752/2631 2826/5757/2632
f 2826/5757/2632 2771/5756/2632 2773/5753/2631
f 2821/5739/2623 2827/5758/2633 2828/5759/2633
f 2828/5759/2633 2800/5740/2624 2821/5739/2623
f 2827/5760/2634 2821/5732/2616 2819/5735/2619
f 2819/5735/2619 2829/5761/2635 2827/5760/2634
f 2799/5693/2605 2800/5692/2604 2828/5762/2636
f 2828/5762/2636 2830/5763/2637 2799/5693/2605
f 2830/5763/2637 2828/5762/2636 2831/5764/2638
f 2831/5764/2638 2832/5765/2639 2830/5763/2637
f 2831/5766/2640 2828/5759/2633 2827/5758/2633
f 2827/5758/2633 2833/5767/2640 2831/5766/2640
f 2832/5765/2639 2831/5764/2638 2834/5768/2641
f 2834/5768/2641 2835/5769/2642 2832/5765/2639
f 2834/5770/2643 2831/5766/2640 2833/5767/2640
f 2833/5767/2640 2836/5771/2643 2834/5770/2643
f 2833/5772/2644 2827/5760/2634 2829/5761/2635
f 2829/5761/2635 2837/5773/2645 2833/5772/2644
f 2836/5774/2646 2833/5772/2644 2837/5773/2645
f 2837/5773/2645 2838/5775/2647 2836/5774/2646
f 2840/5776/2648 2836/5774/2646 2838/5775/2647
f 2838/5775/2647 2839/5777/2649 2840/5776/2648
f 2841/5778/2650 2834/5770/2643 2836/5771/2643
f 2836/5771/2643 2840/5779/2650 2841/5778/2650
f 2843/5780/2651 2840/5776/2648 2839/5777/2649
f 2839/5777/2649 2842/5781/2651 2843/5780/2651
f 2844/5782/2652 2841/5778/2650 2840/5779/2650
f 2840/5779/2650 2843/5783/2652 2844/5782/2652
f 2835/5769/2642 2834/5768/2641 2841/5784/2653
f 2841/5784/2653 2845/5785/2653 2835/5769/2642
f 2845/5785/2653 2841/5784/2653 2844/5786/2654
f 2844/5786/2654 2846/5787/2654 2845/5785/2653
f 2846/5787/2654 2844/5786/2654 2847/5788/2655
f 2847/5788/2655 2848/5789/2655 2846/5787/2654
f 2847/5790/2656 2844/5782/2652 2843/5783/2652
f 2843/5783/2652 2849/5791/2656 2847/5790/2656
f 2848/5789/2655 2847/5788/2655 2850/5792/2657
f 2850/5792/2657 2851/5793/2657 2848/5789/2655
f 2850/5794/103 2847/5790/2656 2849/5791/2656
f 2849/5795/2658 2843/5780/2651 2842/5781/2651
f 2842/5781/2651 2852/5796/2658 2849/5795/2658
f 2850/5797/2657 2849/5795/2658 2852/5796/2658
f 2852/5796/2658 2851/5798/2657 2850/5797/2657
f 2854/5799/52 2851/5800/52 2852/5801/2659
f 2852/5801/2659 2853/5802/2659 2854/5799/52
f 2853/5802/2659 2852/5801/2659 2842/5803/2660
f 2842/5803/2660 2855/5804/2660 2853/5802/2659
f 2854/5805/2661 2853/5806/2662 2856/5807/2663
f 2856/5807/2663 2857/5808/2661 2854/5805/2661
f 2853/5806/2662 2855/5809/2664 2858/5810/2664
f 2858/5810/2664 2856/5807/2663 2853/5806/2662
f 2860/5811/2665 2857/5812/2666 2856/5813/2667
f 2856/5813/2667 2859/5814/2668 2860/5811/2665
f 2859/5814/2668 2856/5813/2667 2858/5815/2669
f 2858/5815/2669 2861/5816/2670 2859/5814/2668
f 2860/5811/2665 2859/5814/2668 2862/5817/2671
f 2862/5817/2671 2863/5818/2672 2860/5811/2665
f 2859/5814/2668 2861/5816/2670 2864/5819/2673
f 2864/5819/2673 2862/5817/2671 2859/5814/2668
f 2863/5820/65 2862/5821/65 2865/5822/65
f 2865/5822/65 2866/5823/65 2863/5820/65
f 2865/5822/65 2862/5821/65 2864/5824/65
f 2868/5825/2674 2866/5826/52 2865/5827/52
f 2865/5827/52 2867/5828/2674 2868/5825/2674
f 2865/5829/76 2869/5830/76 2870/5831/76
f 2869/5832/65 2865/5822/65 2864/5824/65
f 2864/5824/65 2871/5833/65 2869/5832/65
f 2865/5829/76 2870/5831/76 2872/5834/76
f 2867/5835/76 2865/5829/76 2872/5834/76
f 2867/5835/76 2872/5834/76 2873/5836/76
f 2867/5835/76 2873/5836/76 2874/5837/76
f 2867/5835/76 2874/5837/76 2875/5838/76
f 2867/5835/76 2875/5838/76 2876/5839/76
f 2867/5835/76 2876/5839/76 2877/5840/76
f 2877/5840/76 2878/5841/76 2867/5835/76
f 2879/5842/764 2868/5825/2674 2867/5828/2674
f 2867/5828/2674 2878/5843/764 2879/5842/764
f 2880/5844/2675 2879/5842/764 2878/5843/764
f 2878/5843/764 2877/5845/2675 2880/5844/2675
f 2885/5846/21 2881/5847/21 2882/5848/21
f 2885/5846/21 2882/5848/21 2883/5849/21
f 2885/5846/21 2883/5849/21 2866/5850/21
f 2885/5846/21 2866/5850/21 2868/5851/21
f 2885/5846/21 2868/5851/21 2879/5852/21
f 2885/5846/21 2879/5852/21 2880/5853/21
f 2880/5853/21 2884/5854/21 2885/5846/21
f 2884/5855/65 2880/5844/2675 2877/5845/2675
f 2877/5845/2675 2876/5856/65 2884/5855/65
f 2885/5857/2676 2884/5855/65 2876/5856/65
f 2876/5856/65 2875/5858/2676 2885/5857/2676
f 2881/5859/699 2885/5857/2676 2875/5858/2676
f 2875/5858/2676 2874/5860/699 2881/5859/699
f 2882/5861/2677 2881/5859/699 2874/5860/699
f 2874/5860/699 2873/5862/2677 2882/5861/2677
f 2873/5862/2677 2872/5863/2678 2883/5864/2678
f 2883/5864/2678 2882/5861/2677 2873/5862/2677
f 2872/5863/2678 2870/5865/2679 2886/5866/2680
f 2886/5866/2680 2883/5864/2678 2872/5863/2678
f 2886/5867/21 2866/5850/21 2883/5849/21
f 2870/5865/2679 2869/5868/2681 2887/5869/2681
f 2887/5869/2681 2886/5866/2680 2870/5865/2679
f 2886/5867/21 2887/5870/21 2866/5850/21
f 2889/5871/65 2887/5872/65 2869/5832/65
f 2869/5832/65 2888/5873/65 2889/5871/65
f 2890/5874/65 2887/5872/65 2889/5871/65
f 2891/5875/65 2866/5823/65 2887/5872/65
f 2887/5872/65 2890/5874/65 2891/5875/65
f 2893/5876/65 2892/5877/65 2890/5874/65
f 2890/5874/65 2889/5871/65 2893/5876/65
f 2895/5878/2679 2890/5879/2681 2892/5880/2681
f 2892/5880/2681 2894/5881/2680 2895/5878/2679
f 2890/5882/76 2895/5883/76 2891/5884/76
f 2897/5885/2678 2895/5878/2679 2894/5881/2680
f 2894/5881/2680 2896/5886/2678 2897/5885/2678
f 2895/5883/76 2897/5887/76 2891/5884/76
f 2899/5888/2677 2897/5885/2678 2896/5886/2678
f 2896/5886/2678 2898/5889/2677 2899/5888/2677
f 2899/5890/76 2900/5891/76 2901/5892/76
f 2899/5890/76 2901/5892/76 2902/5893/76
f 2899/5890/76 2902/5893/76 2903/5894/76
f 2899/5890/76 2903/5894/76 2904/5895/76
f 2899/5890/76 2904/5895/76 2905/5896/76
f 2899/5890/76 2905/5896/76 2891/5884/76
f 2891/5884/76 2897/5887/76 2899/5890/76
f 2898/5889/2677 2906/5897/699 2900/5898/699
f 2900/5898/699 2899/5888/2677 2898/5889/2677
f 2906/5897/699 2907/5899/2676 2901/5900/2676
f 2901/5900/2676 2900/5898/699 2906/5897/699
f 2907/5899/2676 2908/5901/65 2902/5902/65
f 2902/5902/65 2901/5900/2676 2907/5899/2676
f 2908/5901/65 2909/5903/2675 2903/5904/2675
f 2903/5904/2675 2902/5902/65 2908/5901/65
f 2909/5903/2675 2910/5905/764 2904/5906/764
f 2904/5906/764 2903/5904/2675 2909/5903/2675
f 2910/5905/764 2911/5907/2674 2905/5908/2674
f 2905/5908/2674 2904/5906/764 2910/5905/764
f 2911/5907/2674 2912/5909/52 2891/5910/52
f 2891/5910/52 2905/5908/2674 2911/5907/2674
f 2896/5911/21 2912/5912/21 2911/5913/21
f 2896/5911/21 2911/5913/21 2910/5914/21
f 2896/5911/21 2910/5914/21 2909/5915/21
f 2896/5911/21 2909/5915/21 2908/5916/21
f 2896/5911/21 2908/5916/21 2907/5917/21
f 2896/5911/21 2907/5917/21 2906/5918/21
f 2906/5918/21 2898/5919/21 2896/5911/21
f 2913/5920/65 2912/5921/65 2914/5922/65
f 2913/5920/65 2863/5820/65 2891/5875/65
f 2891/5875/65 2912/5921/65 2913/5920/65
f 2912/5912/21 2896/5911/21 2894/5923/21
f 2892/5924/21 2912/5912/21 2894/5923/21
f 2915/5925/65 2914/5922/65 2912/5921/65
f 2912/5921/65 2892/5877/65 2915/5925/65
f 2914/5926/2682 2916/5927/2683 2917/5928/2684
f 2917/5928/2684 2913/5929/2685 2914/5926/2682
f 2915/5930/2686 2918/5931/2687 2916/5927/2683
f 2916/5927/2683 2914/5926/2682 2915/5930/2686
f 2920/5932/2688 2919/5933/2689 2917/5928/2684
f 2917/5928/2684 2916/5927/2683 2920/5932/2688
f 2921/5934/2690 2920/5932/2688 2916/5927/2683
f 2916/5927/2683 2918/5931/2687 2921/5934/2690
f 2920/5935/2691 2922/5936/2691 2923/5937/2692
f 2923/5937/2692 2919/5938/2693 2920/5935/2691
f 2921/5939/2694 2924/5940/2695 2922/5936/2691
f 2922/5936/2691 2920/5935/2691 2921/5939/2694
f 2846/5941/2696 2848/5942/2697 2923/5943/2697
f 2923/5943/2697 2922/5944/2696 2846/5941/2696
f 2845/5945/2698 2846/5941/2696 2922/5944/2696
f 2922/5944/2696 2924/5946/2698 2845/5945/2698
f 2926/5947/2699 2925/5948/2699 2924/5940/2695
f 2924/5940/2695 2921/5939/2694 2926/5947/2699
f 2835/5949/2700 2845/5945/2698 2924/5946/2698
f 2924/5946/2698 2925/5950/2701 2835/5949/2700
f 2832/5951/2702 2835/5949/2700 2925/5950/2701
f 2925/5950/2701 2927/5952/2703 2832/5951/2702
f 2928/5953/2704 2927/5954/2705 2925/5948/2699
f 2925/5948/2699 2926/5947/2699 2928/5953/2704
f 2832/5951/2702 2927/5952/2703 2929/5955/21
f 2929/5955/21 2830/5956/21 2832/5951/2702
f 2930/5957/2606 2929/5958/2606 2927/5954/2705
f 2927/5954/2705 2928/5953/2704 2930/5957/2606
f 2801/5697/2606 2798/5696/2606 2929/5958/2606
f 2929/5958/2606 2930/5957/2606 2801/5697/2606
f 2830/5956/21 2929/5955/21 2798/5691/21
f 2798/5691/21 2799/5690/21 2830/5956/21
f 2930/5959/21 2931/5960/2706 2801/5699/21
f 2928/5961/2707 2931/5960/2706 2930/5959/21
f 2931/5960/2706 2928/5961/2707 2932/5962/2708
f 2931/5963/2709 2933/5964/2710 2934/5965/2711
f 2934/5965/2711 2935/5966/2709 2931/5963/2709
f 2931/5967/2712 2932/5968/2712 2936/5969/2713
f 2936/5969/2713 2933/5970/2714 2931/5967/2712
f 2803/5700/21 2931/5960/2706 2935/5971/21
f 2931/5960/2706 2803/5700/21 2801/5699/21
f 2803/5703/65 2935/5972/65 2937/5973/65
f 2937/5973/65 2805/5704/65 2803/5703/65
f 2893/5876/65 2935/5972/65 2934/5974/65
f 2934/5974/65 2938/5975/65 2893/5876/65
f 2893/5876/65 2889/5871/65 2935/5972/65
f 2889/5871/65 2937/5973/65 2935/5972/65
f 2805/5708/76 2937/5976/76 2939/5977/2715
f 2941/5978/2716 2940/5979/2716 2939/5980/2717
f 2939/5980/2717 2937/5981/2717 2941/5978/2716
f 2941/5982/65 2937/5973/65 2888/5873/65
f 2888/5873/65 2942/5983/65 2941/5982/65
f 2889/5871/65 2888/5873/65 2937/5973/65
f 2888/5984/2718 2943/5985/2718 2944/5986/2719
f 2944/5986/2719 2942/5987/2720 2888/5984/2718
f 2946/5988/2721 2943/5989/2722 2888/5990/2723
f 2888/5990/2723 2945/5991/2724 2946/5988/2721
f 2869/5832/65 2945/5992/65 2888/5873/65
f 2947/5993/2725 2945/5991/2724 2871/5994/2726
f 2947/5993/2725 2946/5988/2721 2945/5991/2724
f 2869/5832/65 2871/5833/65 2945/5992/65
f 2861/5816/2670 2947/5993/2725 2871/5994/2726
f 2871/5994/2726 2864/5819/2673 2861/5816/2670
f 2948/5995/2727 2946/5988/2721 2947/5993/2725
f 2950/5996/2728 2949/5997/2729 2946/5998/2730
f 2946/5998/2730 2948/5999/2731 2950/5996/2728
f 2949/5997/2729 2951/6000/2732 2952/6001/2733
f 2952/6001/2733 2946/5998/2730 2949/5997/2729
f 2946/5988/2721 2952/6002/2734 2943/5989/2722
f 2951/6000/2732 2953/6003/2612 2954/6004/2612
f 2954/6004/2612 2952/6001/2733 2951/6000/2732
f 2952/6002/2734 2954/6005/76 2939/5977/2715
f 2939/5977/2715 2943/5989/2722 2952/6002/2734
f 2954/6005/76 2808/5709/76 2939/5977/2715
f 2953/6003/2612 2818/5728/2612 2808/5729/2612
f 2808/5729/2612 2954/6004/2612 2953/6003/2612
f 2818/5730/76 2953/6006/76 2829/6007/76
f 2829/6007/76 2819/5731/76 2818/5730/76
f 2953/6006/76 2951/6008/2735 2837/6009/2736
f 2837/6009/2736 2829/6007/76 2953/6006/76
f 2939/5977/2715 2808/5709/76 2805/5708/76
f 2949/6010/2737 2838/6011/2738 2837/6009/2736
f 2837/6009/2736 2951/6008/2735 2949/6010/2737
f 2950/6012/2739 2839/6013/2739 2838/6011/2738
f 2838/6011/2738 2949/6010/2737 2950/6012/2739
f 2855/5809/2664 2950/5996/2728 2948/5999/2731
f 2948/5999/2731 2858/5810/2664 2855/5809/2664
f 2855/5804/2660 2842/5803/2660 2839/6013/2739
f 2839/6013/2739 2950/6012/2739 2855/5804/2660
f 2861/5816/2670 2858/5815/2669 2948/5995/2727
f 2948/5995/2727 2947/5993/2725 2861/5816/2670
f 2944/6014/2740 2943/6015/2741 2939/6016/2741
f 2939/6016/2741 2940/6017/2742 2944/6014/2740
f 2942/5987/2720 2944/5986/2719 2955/6018/2743
f 2955/6018/2743 2956/6019/2744 2942/5987/2720
f 2955/6020/103 2944/6014/2740 2940/6017/2742
f 2940/6017/2742 2957/6021/103 2955/6020/103
f 2956/6019/2744 2955/6018/2743 2958/6022/2745
f 2958/6022/2745 2959/6023/2745 2956/6019/2744
f 2958/6024/103 2955/6020/103 2957/6021/103
f 2957/6021/103 2960/6025/103 2958/6024/103
f 2961/6026/2746 2957/6027/2746 2940/5979/2716
f 2940/5979/2716 2941/5978/2716 2961/6026/2746
f 2962/6028/2747 2960/6029/2748 2957/6027/2746
f 2957/6027/2746 2961/6026/2746 2962/6028/2747
f 2961/6030/65 2956/6031/65 2959/6032/65
f 2959/6032/65 2962/6033/65 2961/6030/65
f 2941/5982/65 2942/5983/65 2956/6031/65
f 2956/6031/65 2961/6030/65 2941/5982/65
f 2964/6034/76 2963/6035/76 2960/6029/2748
f 2960/6029/2748 2962/6028/2747 2964/6034/76
f 2964/6036/65 2962/6033/65 2959/6032/65
f 2959/6023/2745 2958/6022/2745 2963/6037/76
f 2963/6037/76 2964/6038/76 2959/6023/2745
f 2963/6039/103 2958/6024/103 2960/6025/103
f 2936/6040/2749 2932/6041/2750 2893/6042/2750
f 2893/6042/2750 2938/6043/2749 2936/6040/2749
f 2893/6044/2751 2932/5962/2708 2926/6045/2752
f 2926/6045/2752 2965/6046/2753 2893/6044/2751
f 2965/6047/65 2892/5877/65 2893/5876/65
f 2918/5931/2687 2915/5930/2686 2965/6046/2753
f 2918/5931/2687 2965/6046/2753 2926/6045/2752
f 2915/5925/65 2892/5877/65 2965/6047/65
f 2967/6048/65 2938/5975/65 2934/5974/65
f 2934/5974/65 2966/6049/65 2967/6048/65
f 2968/6050/2754 2936/6040/2749 2938/6043/2749
f 2938/6043/2749 2967/6051/2754 2968/6050/2754
f 2970/6052/2755 2968/6050/2754 2967/6051/2754
f 2967/6051/2754 2969/6053/2756 2970/6052/2755
f 2969/6054/65 2967/6048/65 2966/6049/65
f 2966/6049/65 2971/6055/65 2969/6054/65
f 2973/6056/2757 2972/6057/2758 2971/6058/2759
f 2971/6058/2759 2966/6059/2757 2973/6056/2757
f 2933/5964/2710 2973/6056/2757 2966/6059/2757
f 2966/6059/2757 2934/5965/2711 2933/5964/2710
f 2933/5970/2714 2936/5969/2713 2968/6060/103
f 2968/6060/103 2973/6061/103 2933/5970/2714
f 2973/6061/103 2968/6060/103 2970/6062/103
f 2970/6062/103 2972/6063/103 2973/6061/103
f 2972/6057/2758 2974/6064/21 2975/6065/21
f 2975/6065/21 2971/6058/2759 2972/6057/2758
f 2974/6066/103 2972/6063/103 2970/6062/103
f 2974/6067/21 2970/6052/2755 2969/6053/2756
f 2969/6053/2756 2975/6068/21 2974/6067/21
f 2975/6069/65 2969/6054/65 2971/6055/65
f 2926/6045/2752 2932/5962/2708 2928/5961/2707
f 2921/5934/2690 2918/5931/2687 2926/6045/2752
f 2919/5938/2693 2923/5937/2692 2854/6070/2661
f 2854/6070/2661 2857/6071/2661 2919/5938/2693
f 2848/5942/2697 2851/6072/52 2854/6073/52
f 2854/6073/52 2923/5943/2697 2848/5942/2697
f 2919/5933/2689 2857/6074/2666 2860/6075/2665
f 2860/6075/2665 2917/5928/2684 2919/5933/2689
f 2913/5929/2685 2917/5928/2684 2860/6075/2665
f 2860/6075/2665 2863/6076/2672 2913/5929/2685
f 2891/5875/65 2863/5820/65 2866/5823/65
f 2812/5717/2610 2777/5650/2581 2776/5651/2582
f 2776/5651/2582 2811/5718/2611 2812/5717/2610
f 2784/5715/2608 2811/5714/2608 2776/5655/2584
f 2776/5655/2584 2780/5654/2584 2784/5715/2608
f 2979/6077/2760 2976/6078/2761 2977/6079/2761
f 2977/6079/2761 2978/6080/2762 2979/6077/2763
f 2981/6081/2764 2980/6082/2765 2978/6083/2766
f 2978/6083/2766 2977/6084/2767 2981/6081/2764
f 2981/6081/2764 2982/6085/2768 2983/6086/2769
f 2983/6086/2769 2980/6082/2765 2981/6081/2764
f 2983/6086/2769 2982/6085/2768 2984/6087/2770
f 2986/6088/2771 2984/6087/2770 2982/6085/2768
f 2982/6085/2768 2985/6089/2772 2986/6088/2771
f 2987/6090/2773 2985/6089/2772 2982/6085/2768
f 2985/6091/2774 2987/6092/2775 2988/6093/2775
f 2988/6093/2776 2989/6094/2777 2985/6091/2774
f 2989/6095/2778 2988/6096/2779 2990/6097/2780
f 2989/6095/2778 2990/6097/2780 2991/6098/2781
f 2989/6095/2778 2991/6098/2781 2992/6099/2778
f 2989/6095/2778 2992/6099/2778 2993/6100/2778
f 2993/6100/2778 2994/6101/2778 2989/6095/2778
f 2995/6102/2782 2985/6091/2774 2989/6094/2777
f 2989/6094/2777 2994/6103/2782 2995/6102/2782
f 2996/6104/2783 2995/6102/2782 2994/6103/2782
f 2994/6103/2782 2993/6105/2784 2996/6104/2783
f 2986/6106/2785 2996/6104/2783 2993/6105/2784
f 2993/6105/2784 2992/6107/2786 2986/6106/2785
f 2991/6108/2787 2984/6109/2788 2986/6106/2785
f 2986/6106/2785 2992/6107/2786 2991/6108/2787
f 2991/6108/2787 2997/6110/2789 2983/6111/2790
f 2983/6111/2790 2984/6109/2788 2991/6108/2787
f 2991/6098/2781 2990/6097/2780 2997/6112/2791
f 2997/6110/2789 2998/6113/2792 2999/6114/2793
f 2999/6114/2793 2983/6111/2790 2997/6110/2789
f 2997/6112/2791 3000/6115/2794 2998/6116/2795
f 3001/6117/2796 3000/6115/2794 2997/6112/2791
f 2997/6112/2791 2990/6097/2780 3001/6117/2796
f 3000/6115/2794 3001/6117/2796 3002/6118/2797
f 3002/6118/2797 3003/6119/2798 3000/6115/2794
f 3000/6115/2794 3003/6119/2798 3004/6120/2799
f 3004/6120/2799 3005/6121/2800 3000/6115/2794
f 3007/6122/2801 3006/6123/2802 3000/6115/2794
f 3000/6115/2794 3005/6121/2800 3007/6122/2801
f 3006/6123/2802 3008/6124/2803 3000/6115/2794
f 3009/6125/2804 2998/6116/2795 3000/6115/2794
f 3000/6115/2794 3008/6124/2803 3009/6125/2804
f 3011/6126/2805 3010/6127/2806 3008/6128/2807
f 3008/6128/2807 3006/6129/2805 3011/6126/2805
f 3012/6130/2808 3011/6126/2805 3006/6129/2805
f 3006/6129/2805 3007/6131/2808 3012/6130/2808
f 3005/6132/2809 3013/6133/2810 3012/6134/2811
f 3012/6134/2811 3007/6135/2811 3005/6132/2809
f 3013/6136/2812 2980/6082/2765 3011/6137/2813
f 3011/6137/2813 3012/6138/2814 3013/6136/2812
f 2980/6082/2765 3013/6136/2812 3014/6139/2815
f 3004/6140/2816 3014/6141/2817 3013/6133/2810
f 3013/6133/2810 3005/6132/2809 3004/6140/2816
f 2980/6082/2765 3014/6139/2815 3015/6142/2818
f 2980/6082/2765 3015/6142/2818 3016/6143/2819
f 3017/6144/2820 3015/6142/2818 3014/6139/2815
f 3018/6145/2821 3017/6146/2822 3014/6141/2817
f 3014/6141/2817 3004/6140/2816 3018/6145/2821
f 3016/6147/2823 3015/6148/2824 3019/6149/2825
f 3019/6149/2825 3020/6150/2826 3016/6147/2823
f 3019/6149/2825 3015/6148/2824 3017/6151/2827
f 3017/6151/2827 3018/6152/2827 3019/6149/2825
f 3019/6153/2828 3003/6119/2798 3020/6154/2829
f 3004/6120/2799 3003/6119/2798 3019/6153/2828
f 3019/6153/2828 3018/6155/2830 3004/6120/2799
f 3022/6156/2831 3021/6157/2831 3016/6147/2823
f 3016/6147/2823 3020/6150/2826 3022/6156/2831
f 2979/6158/2832 3022/6159/2833 3020/6154/2829
f 2976/6160/2834 2979/6158/2832 3020/6154/2829
f 3020/6154/2829 3023/6161/2835 2976/6160/2836
f 3020/6154/2829 3003/6119/2798 3002/6118/2797
f 3002/6118/2797 3023/6161/2835 3020/6154/2829
f 3022/6156/2831 2979/6077/2763 2978/6080/2762
f 2978/6080/2762 3021/6157/2831 3022/6156/2831
f 2978/6083/2766 2980/6082/2765 3021/6162/2837
f 3016/6143/2819 3021/6162/2837 2980/6082/2765
f 3011/6137/2813 2980/6082/2765 3010/6163/2838
f 3008/6128/2807 3010/6127/2806 3024/6164/2839
f 3024/6164/2839 3025/6165/2839 3008/6128/2807
f 3024/6166/2840 3010/6163/2838 3026/6167/2841
f 2980/6082/2765 2999/6168/2842 3026/6167/2841
f 3026/6167/2841 3010/6163/2838 2980/6082/2765
f 3009/6169/2843 3025/6165/2839 3024/6164/2839
f 3024/6164/2839 3026/6170/2844 3009/6169/2843
f 3026/6170/2844 2999/6114/2793 2998/6113/2792
f 2998/6113/2792 3009/6169/2843 3026/6170/2844
f 2999/6168/2842 2980/6082/2765 2983/6086/2769
f 3025/6171/2845 3009/6125/2804 3008/6124/2803
f 2985/6089/2772 2995/6172/2846 2996/6173/2847
f 2996/6173/2847 2986/6088/2771 2985/6089/2772
f 3030/6174/2848 3027/6175/2848 3028/6176/2849
f 3028/6176/2849 3029/6177/2850 3030/6174/2848
f 3027/6178/2851 3030/6179/2851 3031/6180/2852
f 3031/6180/2852 3032/6181/2852 3027/6178/2851
f 3034/6182/2853 3028/6183/2854 3027/6184/2855
f 3027/6184/2855 3033/6185/2856 3034/6182/2853
f 3036/6186/65 3033/6185/2856 3027/6184/2855
f 3027/6184/2855 3035/6187/65 3036/6186/65
f 3037/6188/65 3035/6187/65 3027/6184/2855
f 3027/6184/2855 3032/6189/65 3037/6188/65
f 3039/6190/2857 3038/6191/2858 3028/6183/2854
f 3028/6183/2854 3034/6182/2853 3039/6190/2857
f 3028/6176/2849 3038/6192/2859 3040/6193/2859
f 3040/6193/2859 3029/6177/2850 3028/6176/2849
f 3042/6194/2860 3039/6195/2861 3034/6196/2862
f 3034/6196/2862 3041/6197/2863 3042/6194/2860
f 3034/6196/2862 3033/6198/2864 3043/6199/2865
f 3043/6199/2865 3041/6197/2863 3034/6196/2862
f 3041/6200/292 3029/6201/292 3040/6202/103
f 3040/6202/103 3042/6203/103 3041/6200/292
f 3041/6200/2866 3043/6204/2866 3030/6205/2866
f 3030/6205/2867 3029/6201/292 3041/6200/292
f 3045/6206/2868 3043/6207/2869 3033/6208/2869
f 3033/6208/2869 3044/6209/2868 3045/6206/2868
f 3047/6210/2870 3045/6206/2868 3044/6209/2868
f 3044/6209/2868 3046/6211/2870 3047/6210/2870
f 3044/6212/65 3048/6213/65 3049/6214/65
f 3049/6214/65 3046/6215/65 3044/6212/65
f 3044/6212/65 3033/6185/2856 3036/6186/65
f 3036/6186/65 3048/6213/65 3044/6212/65
f 3051/6216/2871 3047/6210/2870 3046/6211/2870
f 3046/6211/2870 3050/6217/2871 3051/6216/2871
f 3050/6218/65 3046/6215/65 3049/6214/65
f 3052/6219/2872 3051/6216/2871 3050/6217/2871
f 3050/6217/2871 3049/6220/2872 3052/6219/2872
f 3053/6221/2873 3052/6219/2872 3049/6220/2872
f 3049/6220/2872 3048/6222/2873 3053/6221/2873
f 3054/6223/2874 3053/6221/2873 3048/6222/2873
f 3048/6222/2873 3036/6224/2874 3054/6223/2874
f 3035/6225/2875 3055/6226/2875 3054/6223/2874
f 3054/6223/2874 3036/6224/2874 3035/6225/2875
f 3037/6227/2876 3056/6228/2876 3055/6226/2875
f 3055/6226/2875 3035/6225/2875 3037/6227/2876
f 3058/6229/2877 3057/6230/2877 3056/6228/2876
f 3056/6228/2876 3037/6227/2876 3058/6229/2877
f 3058/6231/65 3037/6188/65 3032/6189/65
f 3032/6181/2852 3031/6180/2852 3057/6230/2877
f 3057/6230/2877 3058/6229/2877 3032/6181/2852
f 3042/6203/103 3040/6202/103 3059/6232/103
f 3059/6232/103 3060/6233/103 3042/6203/103
f 3060/6234/2878 3061/6235/2879 3039/6195/2861
f 3039/6195/2861 3042/6194/2860 3060/6234/2878
f 3038/6192/2859 3062/6236/2880 3059/6237/2881
f 3059/6237/2881 3040/6193/2859 3038/6192/2859
f 3064/6238/2882 3063/6239/2882 3059/6237/2881
f 3059/6237/2881 3062/6236/2880 3064/6238/2882
f 3060/6233/103 3059/6232/103 3063/6240/103
f 3063/6240/103 3065/6241/103 3060/6233/103
f 3067/6242/2883 3063/6239/2884 3064/6238/2884
f 3064/6238/2884 3066/6243/2885 3067/6242/2883
f 3070/6244/2886 3065/6245/2887 3068/6246/2888
f 3068/6246/2888 3069/6247/2889 3070/6244/2886
f 3060/6234/2878 3065/6245/2887 3070/6244/2886
f 3070/6244/2886 3061/6235/2879 3060/6234/2878
f 3069/6248/2890 3066/6249/2891 3064/6250/2892
f 3064/6250/2892 3070/6251/2892 3069/6248/2890
f 3070/6251/2892 3064/6250/2892 3062/6252/2893
f 3062/6252/2893 3061/6253/2893 3070/6251/2892
f 3061/6253/2893 3062/6252/2893 3038/6191/2858
f 3038/6191/2858 3039/6190/2857 3061/6253/2893
f 3069/6247/2889 3068/6246/2888 3071/6254/2894
f 3071/6254/2894 3072/6255/2895 3069/6247/2889
f 3072/6256/2896 3073/6257/2897 3066/6249/2891
f 3066/6249/2891 3069/6248/2890 3072/6256/2896
f 3074/6258/2898 3067/6242/2883 3066/6243/2885
f 3066/6243/2885 3073/6259/2899 3074/6258/2898
f 3076/6260/2900 3075/6261/2901 3074/6258/2898
f 3074/6258/2898 3073/6259/2899 3076/6260/2900
f 3077/6262/2902 3076/6263/2902 3073/6257/2897
f 3073/6257/2897 3072/6256/2896 3077/6262/2902
f 3079/6264/2903 3076/6263/2902 3077/6262/2902
f 3077/6262/2902 3078/6265/2904 3079/6264/2903
f 3075/6261/2901 3076/6260/2900 3079/6266/2905
f 3079/6266/2905 3080/6267/2905 3075/6261/2901
f 3082/6268/2906 3080/6269/2907 3079/6270/2908
f 3079/6270/2908 3081/6271/2909 3082/6268/2906
f 3078/6272/2910 3083/6273/2911 3084/6274/2912
f 3084/6274/2912 3079/6275/2908 3078/6272/2910
f 3081/6271/2909 3079/6270/2908 3084/6276/2912
f 3084/6276/2912 3085/6277/2913 3081/6271/2909
f 3087/6278/2877 3083/6273/2911 3078/6272/2910
f 3078/6272/2910 3086/6279/2877 3087/6278/2877
f 3077/6280/2914 3088/6281/2915 3089/6282/2916
f 3089/6282/2917 3078/6283/2917 3077/6280/2914
f 3086/6279/2877 3078/6272/2910 3089/6284/2918
f 3089/6284/2918 3090/6285/2877 3086/6279/2877
f 3092/6286/2876 3091/6287/2876 3086/6279/2877
f 3086/6279/2877 3090/6285/2877 3092/6286/2876
f 3091/6287/2876 3093/6288/2876 3087/6278/2877
f 3087/6278/2877 3086/6279/2877 3091/6287/2876
f 3095/6289/2875 3094/6290/2875 3093/6288/2876
f 3093/6288/2876 3091/6287/2876 3095/6289/2875
f 3096/6291/2875 3095/6289/2875 3091/6287/2876
f 3091/6287/2876 3092/6286/2876 3096/6291/2875
f 3098/6292/2874 3097/6293/2874 3095/6289/2875
f 3095/6289/2875 3096/6291/2875 3098/6292/2874
f 3097/6293/2874 3099/6294/2874 3094/6290/2875
f 3094/6290/2875 3095/6289/2875 3097/6293/2874
f 3101/6295/2873 3100/6296/2873 3099/6294/2874
f 3099/6294/2874 3097/6293/2874 3101/6295/2873
f 3102/6297/2873 3101/6295/2873 3097/6293/2874
f 3097/6293/2874 3098/6292/2874 3102/6297/2873
f 3104/6298/2872 3103/6299/2872 3101/6295/2873
f 3101/6295/2873 3102/6297/2873 3104/6298/2872
f 3103/6299/2872 3105/6300/2872 3100/6296/2873
f 3100/6296/2873 3101/6295/2873 3103/6299/2872
f 3107/6301/2871 3106/6302/2871 3105/6300/2872
f 3105/6300/2872 3103/6299/2872 3107/6301/2871
f 3108/6303/2871 3107/6301/2871 3103/6299/2872
f 3103/6299/2872 3104/6298/2872 3108/6303/2871
f 3110/6304/2870 3109/6305/2870 3107/6301/2871
f 3107/6301/2871 3108/6303/2871 3110/6304/2870
f 3109/6305/2870 3111/6306/2870 3106/6302/2871
f 3106/6302/2871 3107/6301/2871 3109/6305/2870
f 3113/6307/2919 3109/6305/2870 3110/6304/2870
f 3110/6304/2870 3112/6308/2920 3113/6307/2919
f 3114/6309/2921 3111/6306/2870 3109/6305/2870
f 3109/6305/2870 3113/6307/2919 3114/6309/2921
f 3113/6307/2919 3081/6271/2909 3085/6277/2913
f 3085/6277/2913 3114/6309/2921 3113/6307/2919
f 3112/6308/2920 3082/6268/2906 3081/6271/2909
f 3081/6271/2909 3113/6307/2919 3112/6308/2920
f 3116/6310/2922 3115/6311/2923 3111/6312/2923
f 3111/6312/2923 3114/6313/2922 3116/6310/2922
f 3117/6314/2924 3116/6310/2922 3114/6313/2922
f 3114/6313/2922 3085/6315/2924 3117/6314/2924
f 3118/6316/2925 3117/6314/2924 3085/6315/2924
f 3085/6315/2924 3084/6317/2925 3118/6316/2925
f 3116/6318/65 3117/6319/65 3118/6320/65
f 3116/6318/65 3118/6320/65 3119/6321/65
f 3116/6318/65 3119/6321/65 3120/6322/65
f 3116/6318/65 3120/6322/65 3121/6323/65
f 3116/6318/65 3121/6323/65 3122/6324/65
f 3116/6318/65 3122/6324/65 3123/6325/65
f 3116/6318/65 3123/6325/65 3124/6326/65
f 3116/6318/65 3124/6326/65 3125/6327/65
f 3116/6318/65 3125/6327/65 3126/6328/65
f 3126/6328/65 3115/6329/65 3116/6318/65
f 3084/6330/2925 3083/6331/2926 3119/6332/2926
f 3119/6332/2926 3118/6333/2925 3084/6330/2925
f 3083/6331/2926 3087/6334/2927 3120/6335/2927
f 3120/6335/2927 3119/6332/2926 3083/6331/2926
f 3087/6334/2927 3093/6336/2928 3121/6337/2928
f 3121/6337/2928 3120/6335/2927 3087/6334/2927
f 3093/6336/2928 3094/6338/2929 3122/6339/2929
f 3122/6339/2929 3121/6337/2928 3093/6336/2928
f 3123/6340/2930 3122/6339/2929 3094/6338/2929
f 3094/6338/2929 3099/6341/2930 3123/6340/2930
f 3124/6342/2931 3123/6340/2930 3099/6341/2930
f 3099/6341/2930 3100/6343/2931 3124/6342/2931
f 3125/6344/2932 3124/6342/2931 3100/6343/2931
f 3100/6343/2931 3105/6345/2933 3125/6344/2932
f 3126/6346/2934 3125/6344/2932 3105/6345/2933
f 3105/6345/2933 3106/6347/2934 3126/6346/2934
f 3115/6311/2923 3126/6346/2934 3106/6347/2934
f 3106/6347/2934 3111/6312/2923 3115/6311/2923
f 3071/6254/2894 3088/6281/2915 3077/6280/2914
f 3077/6280/2914 3072/6255/2895 3071/6254/2894
f 3138/6348/65 3127/6349/65 3128/6350/65
f 3138/6348/65 3128/6350/65 3129/6351/65
f 3138/6348/65 3129/6351/65 3130/6352/65
f 3138/6348/65 3130/6352/65 3131/6353/65
f 3138/6348/65 3131/6353/65 3132/6354/65
f 3138/6348/65 3132/6354/65 3133/6355/65
f 3138/6348/65 3133/6355/65 3134/6356/65
f 3138/6348/65 3134/6356/65 3135/6357/65
f 3138/6348/65 3135/6357/65 3136/6358/65
f 3136/6358/65 3137/6359/65 3138/6348/65
f 3127/6360/2935 3138/6361/2936 3139/6362/2936
f 3139/6362/2936 3140/6363/2935 3127/6360/2935
f 3138/6361/2936 3137/6364/2937 3141/6365/2937
f 3141/6365/2937 3139/6362/2936 3138/6361/2936
f 3137/6364/2937 3136/6366/2938 3142/6367/2938
f 3142/6367/2938 3141/6365/2937 3137/6364/2937
f 3136/6366/2938 3135/6368/2939 3143/6369/2939
f 3143/6369/2939 3142/6367/2938 3136/6366/2938
f 3135/6368/2939 3134/6370/2940 3144/6371/2940
f 3144/6371/2940 3143/6369/2939 3135/6368/2939
f 3134/6370/2940 3133/6372/2941 3145/6373/2941
f 3145/6373/2941 3144/6371/2940 3134/6370/2940
f 3133/6372/2941 3132/6374/1910 3146/6375/1910
f 3146/6375/1910 3145/6373/2941 3133/6372/2941
f 3132/6376/1910 3131/6377/2942 3147/6378/2942
f 3147/6378/2942 3146/6379/1910 3132/6376/1910
f 3131/6377/2942 3130/6380/2943 3148/6381/2943
f 3148/6381/2943 3147/6378/2942 3131/6377/2942
f 3130/6380/2943 3129/6382/2944 3149/6383/2944
f 3149/6383/2944 3148/6381/2943 3130/6380/2943
f 3129/6382/2944 3128/6384/2945 3150/6385/2945
f 3150/6385/2945 3149/6383/2944 3129/6382/2944
f 3128/6384/2945 3127/6360/2935 3140/6363/2935
f 3140/6363/2935 3150/6385/2945 3128/6384/2945
f 3162/6386/65 3151/6387/65 3152/6388/65
f 3162/6386/65 3152/6388/65 3153/6389/65
f 3162/6386/65 3153/6389/65 3154/6390/65
f 3162/6386/65 3154/6390/65 3155/6391/65
f 3162/6386/65 3155/6391/65 3156/6392/65
f 3162/6386/65 3156/6392/65 3157/6393/65
f 3162/6386/65 3157/6393/65 3158/6394/65
f 3162/6386/65 3158/6394/65 3159/6395/65
f 3162/6386/65 3159/6395/65 3160/6396/65
f 3160/6396/65 3161/6397/65 3162/6386/65
f 3164/6398/2936 3152/6399/2936 3151/6400/2937
f 3151/6400/2937 3163/6401/2937 3164/6398/2936
f 3165/6402/2935 3153/6403/2935 3152/6399/2936
f 3152/6399/2936 3164/6398/2936 3165/6402/2935
f 3166/6404/2945 3154/6405/2945 3153/6403/2935
f 3153/6403/2935 3165/6402/2935 3166/6404/2945
f 3167/6406/2944 3155/6407/2944 3154/6405/2945
f 3154/6405/2945 3166/6404/2945 3167/6406/2944
f 3168/6408/2943 3156/6409/2943 3155/6407/2944
f 3155/6407/2944 3167/6406/2944 3168/6408/2943
f 3169/6410/2942 3157/6411/2942 3156/6409/2943
f 3156/6409/2943 3168/6408/2943 3169/6410/2942
f 3170/6412/1910 3158/6413/1910 3157/6411/2942
f 3157/6411/2942 3169/6410/2942 3170/6412/1910
f 3171/6414/2941 3159/6415/2941 3158/6416/1910
f 3158/6416/1910 3170/6417/1910 3171/6414/2941
f 3172/6418/2940 3160/6419/2940 3159/6415/2941
f 3159/6415/2941 3171/6414/2941 3172/6418/2940
f 3173/6420/2939 3161/6421/2939 3160/6419/2940
f 3160/6419/2940 3172/6418/2940 3173/6420/2939
f 3174/6422/2938 3162/6423/2938 3161/6421/2939
f 3161/6421/2939 3173/6420/2939 3174/6422/2938
f 3163/6401/2937 3151/6400/2937 3162/6423/2938
f 3162/6423/2938 3174/6422/2938 3163/6401/2937
usemtl Scope
f 3357/6679/76 3354/6680/76 3355/6681/76
f 3355/6681/76 3356/6682/76 3357/6679/76
f 3356/6683/3171 3355/6684/3172 3358/6685/3173
f 3356/6682/76 3359/6686/76 3357/6679/76
f 3359/6686/76 3360/6687/76 3357/6679/76
f 3362/6688/76 3357/6679/76 3360/6687/76
f 3360/6687/76 3361/6689/76 3362/6688/76
f 3361/6689/76 3363/6690/76 3362/6688/76
f 3363/6690/76 3364/6691/76 3362/6688/76
f 3368/6692/13 3365/6693/3174 3366/6694/3175
f 3366/6694/3175 3367/6695/3176 3368/6692/13
f 3371/6696/76 3369/6697/76 3362/6688/76
f 3362/6688/76 3370/6698/76 3371/6696/76
f 3370/6698/76 3368/6699/76 3372/6700/76
f 3374/6701/3177 3363/6702/3178 3361/6703/3179
f 3361/6703/3179 3373/6704/3180 3374/6701/3177
f 3354/6680/76 3375/6705/76 3376/6706/76
f 3376/6706/76 3377/6707/76 3354/6680/76
f 3381/6708/3181 3378/6709/3182 3379/6710/76
f 3379/6710/76 3380/6711/3183 3381/6708/3181
f 3373/6704/3180 3361/6703/3179 3360/6712/3184
f 3360/6712/3184 3382/6713/3185 3373/6704/3180
f 3382/6713/3185 3360/6712/3184 3359/6714/3186
f 3359/6714/3186 3383/6715/3187 3382/6713/3185
f 3384/6716/3188 3364/6717/3189 3363/6702/3178
f 3363/6702/3178 3374/6701/3177 3384/6716/3188
f 3384/6716/3188 3374/6701/3177 3385/6718/3190
f 3385/6718/3190 3386/6719/3191 3384/6716/3188
f 3383/6715/3187 3359/6714/3186 3356/6683/3171
f 3356/6683/3171 3387/6720/3192 3383/6715/3187
f 3389/6721/3193 3384/6716/3188 3386/6719/3191
f 3386/6719/3191 3388/6722/3194 3389/6721/3193
f 3383/6715/3187 3387/6720/3192 3390/6723/3195
f 3390/6723/3195 3391/6724/3196 3383/6715/3187
f 3374/6701/3177 3373/6704/3180 3392/6725/3197
f 3392/6725/3197 3385/6718/3190 3374/6701/3177
f 3387/6720/3192 3358/6685/3173 3393/6726/3198
f 3393/6726/3198 3390/6723/3195 3387/6720/3192
f 3373/6704/3180 3382/6713/3185 3394/6727/3199
f 3394/6727/3199 3392/6725/3197 3373/6704/3180
f 3382/6713/3185 3383/6715/3187 3391/6724/3196
f 3391/6724/3196 3394/6727/3199 3382/6713/3185
f 3395/6728/3200 3389/6721/3193 3396/6729/3201
f 3364/6691/76 3397/6730/76 3362/6688/76
f 3384/6716/3188 3389/6721/3193 3395/6728/3200
f 3401/6731/3202 3398/6732/76 3399/6733/3203
f 3399/6733/3203 3400/6734/3204 3401/6731/3202
f 3396/6729/3201 3389/6721/3193 3388/6722/3194
f 3388/6722/3194 3402/6735/3205 3396/6729/3201
f 3404/6736/3206 3396/6729/3201 3402/6735/3205
f 3402/6735/3205 3403/6737/3207 3404/6736/3206
f 3406/6738/3208 3404/6736/3206 3403/6737/3207
f 3403/6737/3207 3405/6739/3209 3406/6738/3208
f 3408/6740/3210 3406/6738/3208 3405/6739/3209
f 3405/6739/3209 3407/6741/3211 3408/6740/3210
f 3410/6742/3212 3409/6743/3213 3367/6695/3176
f 3367/6695/3176 3366/6694/3175 3410/6742/3212
f 3398/6732/76 3409/6743/3213 3410/6742/3212
f 3410/6742/3212 3399/6733/3203 3398/6732/76
f 3400/6734/3204 3411/6744/3214 3412/6745/3215
f 3412/6745/3215 3413/6746/3216 3400/6734/3204
f 3413/6747/3216 3412/6748/3215 3408/6749/3210
f 3408/6749/3210 3414/6750/3217 3413/6747/3216
f 3416/6751/3218 3401/6752/3202 3400/6753/3204
f 3400/6753/3204 3415/6754/3219 3416/6751/3218
f 3399/6733/3203 3411/6744/3214 3400/6734/3204
f 3418/6755/3220 3416/6751/3218 3415/6754/3219
f 3415/6754/3219 3417/6756/3221 3418/6755/3220
f 3422/6757/3222 3419/6758/3223 3420/6759/3224
f 3420/6759/3224 3421/6760/3225 3422/6757/3222
f 3424/6761/3226 3420/6759/3224 3419/6758/3223
f 3419/6758/3223 3423/6762/3226 3424/6761/3226
f 3417/6756/3221 3425/6763/3227 3426/6764/3227
f 3426/6764/3227 3418/6755/3220 3417/6756/3221
f 3421/6760/3225 3426/6764/3227 3425/6763/3227
f 3425/6763/3227 3422/6757/3222 3421/6760/3225
f 3428/6765/3228 3413/6766/3216 3414/6767/3217
f 3414/6767/3217 3427/6768/3229 3428/6765/3228
f 3415/6769/3219 3400/6770/3204 3413/6766/3216
f 3413/6766/3216 3428/6765/3228 3415/6769/3219
f 3430/6771/3230 3407/6772/3211 3405/6773/3209
f 3405/6773/3209 3429/6774/3231 3430/6771/3230
f 3432/6775/3232 3393/6726/3198 3358/6685/3173
f 3358/6685/3173 3431/6776/3233 3432/6775/3232
f 3434/6777/3234 3432/6775/3232 3431/6776/3233
f 3431/6776/3233 3433/6778/3235 3434/6777/3234
f 3436/6779/3236 3430/6771/3230 3429/6774/3231
f 3429/6774/3231 3435/6780/3237 3436/6779/3236
f 3438/6781/3238 3436/6779/3236 3435/6780/3237
f 3435/6780/3237 3437/6782/3239 3438/6781/3238
f 3388/6783/3194 3386/6784/3191 3390/6785/3195
f 3390/6785/3195 3393/6786/3198 3388/6783/3194
f 3402/6787/3205 3388/6783/3194 3393/6786/3198
f 3393/6786/3198 3432/6788/3232 3402/6787/3205
f 3403/6789/3207 3402/6787/3205 3432/6788/3232
f 3432/6788/3232 3434/6790/3234 3403/6789/3207
f 3405/6773/3209 3403/6789/3207 3434/6790/3234
f 3434/6790/3234 3429/6774/3231 3405/6773/3209
f 3435/6780/3237 3429/6774/3231 3434/6790/3234
f 3437/6782/3239 3435/6780/3237 3434/6790/3234
f 3390/6785/3195 3386/6784/3191 3385/6791/3190
f 3385/6791/3190 3391/6792/3196 3390/6785/3195
f 3391/6792/3196 3385/6791/3190 3392/6793/3197
f 3392/6793/3197 3394/6794/3199 3391/6792/3196
f 3365/6795/76 3362/6688/76 3397/6730/76
f 3366/6796/3175 3395/6728/3200 3396/6729/3201
f 3396/6729/3201 3410/6797/3212 3366/6796/3175
f 3365/6798/3174 3397/6799/3240 3395/6728/3200
f 3395/6728/3200 3366/6796/3175 3365/6798/3174
f 3399/6800/3203 3404/6736/3206 3406/6738/3208
f 3406/6738/3208 3411/6801/3214 3399/6800/3203
f 3410/6797/3212 3396/6729/3201 3404/6736/3206
f 3404/6736/3206 3399/6800/3203 3410/6797/3212
f 3411/6801/3214 3406/6738/3208 3408/6740/3210
f 3408/6740/3210 3412/6802/3215 3411/6801/3214
f 3395/6728/3200 3397/6799/3240 3364/6717/3189
f 3364/6717/3189 3384/6716/3188 3395/6728/3200
f 3368/6699/76 3370/6698/76 3362/6688/76
f 3362/6688/76 3365/6795/76 3368/6699/76
f 3358/6685/3173 3387/6720/3192 3356/6683/3171
f 3442/6803/3241 3439/6804/3242 3440/6805/3243
f 3440/6805/3243 3441/6806/3244 3442/6803/3241
f 3444/6807/3245 3378/6709/3182 3381/6708/3181
f 3381/6708/3181 3443/6808/3246 3444/6807/3245
f 3445/6809/3247 3446/6810/3248 3437/6811/3239
f 3450/6812/3249 3447/6813/3250 3448/6814/3251
f 3448/6814/3251 3449/6815/3252 3450/6812/3249
f 3446/6810/3248 3451/6816/3253 3437/6811/3239
f 3455/6817/3254 3452/6818/3255 3453/6819/3256
f 3453/6819/3256 3454/6820/3257 3455/6817/3254
f 3459/6821/3258 3456/6822/3259 3457/6823/3260
f 3457/6823/3260 3458/6824/3261 3459/6821/3258
f 3461/6825/3262 3424/6761/3226 3423/6762/3226
f 3423/6762/3226 3460/6826/3262 3461/6825/3262
f 3463/6827/3261 3461/6825/3262 3460/6826/3262
f 3460/6826/3262 3462/6828/3263 3463/6827/3261
f 3465/6829/3264 3463/6827/3261 3462/6828/3263
f 3462/6828/3263 3464/6830/3265 3465/6829/3264
f 3467/6831/13 3465/6829/3264 3464/6830/3265
f 3464/6830/3265 3466/6832/13 3467/6831/13
f 3440/6805/3243 3439/6804/3242 3380/6711/3183
f 3380/6711/3183 3379/6710/76 3440/6805/3243
f 3469/6833/3266 3442/6803/3241 3441/6806/3244
f 3441/6806/3244 3468/6834/3267 3469/6833/3266
f 3468/6834/3267 3453/6819/3256 3452/6818/3255
f 3452/6818/3255 3469/6833/3266 3468/6834/3267
f 3438/6835/3238 3437/6836/3239 3451/6837/3253
f 3451/6837/3253 3470/6838/3268 3438/6835/3238
f 3454/6820/3257 3448/6814/3251 3447/6813/3250
f 3447/6813/3250 3455/6817/3254 3454/6820/3257
f 3456/6822/3259 3450/6812/3249 3449/6815/3252
f 3449/6815/3252 3457/6823/3260 3456/6822/3259
f 3472/6839/3269 3459/6821/3258 3458/6824/3261
f 3458/6824/3261 3471/6840/3270 3472/6839/3269
f 3474/6841/3271 3472/6839/3269 3471/6840/3270
f 3471/6840/3270 3473/6842/13 3474/6841/3271
f 3476/6843/3272 3475/6844/3273 3474/6845/3271
f 3474/6845/3271 3473/6846/13 3476/6843/3272
f 3480/6847/21 3477/6848/21 3478/6849/21
f 3478/6849/21 3479/6850/21 3480/6847/21
f 3480/6847/21 3479/6850/21 3481/6851/21
f 3481/6851/21 3479/6850/21 3482/6852/21
f 3482/6852/21 3479/6850/21 3483/6853/21
f 3483/6853/21 3484/6854/21 3482/6852/21
f 3484/6854/21 3483/6853/21 3485/6855/21
f 3485/6855/21 3483/6853/21 3486/6856/21
f 3490/6857/3274 3487/6858/3275 3488/6859/13
f 3488/6859/13 3489/6860/3276 3490/6857/3274
f 3483/6853/21 3491/6861/21 3492/6862/21
f 3492/6862/21 3493/6863/21 3483/6853/21
f 3493/6863/21 3494/6864/21 3488/6865/21
f 3484/6866/3179 3485/6867/3178 3495/6868/3277
f 3495/6868/3277 3496/6869/3278 3484/6866/3179
f 3499/6870/21 3497/6871/21 3478/6849/21
f 3478/6849/21 3498/6872/21 3499/6870/21
f 3503/6873/21 3500/6874/3279 3501/6875/3280
f 3501/6875/3280 3502/6876/3281 3503/6873/21
f 3482/6877/3184 3484/6866/3179 3496/6869/3278
f 3496/6869/3278 3504/6878/3282 3482/6877/3184
f 3505/6879/3283 3506/6880/3284 3507/6881/3285
f 3481/6882/3186 3482/6877/3184 3504/6878/3282
f 3504/6878/3282 3508/6883/3286 3481/6882/3186
f 3485/6867/3178 3486/6884/3189 3509/6885/3287
f 3509/6885/3287 3495/6868/3277 3485/6867/3178
f 3511/6886/3288 3495/6868/3277 3509/6885/3287
f 3509/6885/3287 3510/6887/3289 3511/6886/3288
f 3480/6888/3290 3481/6882/3186 3508/6883/3286
f 3508/6883/3286 3512/6889/3291 3480/6888/3290
f 3510/6887/3289 3509/6885/3287 3513/6890/3292
f 3513/6890/3292 3514/6891/3293 3510/6887/3289
f 3516/6892/3294 3512/6889/3291 3508/6883/3286
f 3508/6883/3286 3515/6893/3295 3516/6892/3294
f 3517/6894/3296 3496/6869/3278 3495/6868/3277
f 3495/6868/3277 3511/6886/3288 3517/6894/3296
f 3519/6895/3297 3518/6896/3298 3512/6889/3291
f 3512/6889/3291 3516/6892/3294 3519/6895/3297
f 3520/6897/3299 3504/6878/3282 3496/6869/3278
f 3496/6869/3278 3517/6894/3296 3520/6897/3299
f 3515/6893/3295 3508/6883/3286 3504/6878/3282
f 3504/6878/3282 3520/6897/3299 3515/6893/3295
f 3477/6898/3300 3480/6888/3290 3512/6889/3291
f 3512/6889/3291 3518/6896/3298 3477/6898/3300
f 3521/6899/3301 3522/6900/3302 3513/6890/3292
f 3486/6856/21 3483/6853/21 3523/6901/21
f 3509/6885/3287 3521/6899/3301 3513/6890/3292
f 3527/6902/3303 3524/6903/21 3525/6904/3304
f 3525/6904/3304 3526/6905/3305 3527/6902/3303
f 3514/6891/3293 3513/6890/3292 3522/6900/3302
f 3522/6900/3302 3528/6906/3306 3514/6891/3293
f 3528/6906/3306 3522/6900/3302 3529/6907/3307
f 3529/6907/3307 3530/6908/3308 3528/6906/3306
f 3530/6908/3308 3529/6907/3307 3531/6909/3309
f 3531/6909/3309 3532/6910/3310 3530/6908/3308
f 3532/6910/3310 3531/6909/3309 3533/6911/3311
f 3533/6911/3311 3534/6912/3312 3532/6910/3310
f 3489/6860/3276 3535/6913/3313 3536/6914/3314
f 3536/6914/3314 3490/6857/3274 3489/6860/3276
f 3536/6914/3314 3535/6913/3313 3524/6903/21
f 3524/6903/21 3527/6902/3303 3536/6914/3314
f 3539/6915/3315 3537/6916/3316 3526/6905/3305
f 3526/6905/3305 3538/6917/3317 3539/6915/3315
f 3533/6918/3311 3539/6919/3315 3538/6920/3317
f 3538/6920/3317 3540/6921/3318 3533/6918/3311
f 3526/6922/3305 3525/6923/3304 3541/6924/3319
f 3541/6924/3319 3542/6925/3320 3526/6922/3305
f 3527/6902/3303 3526/6905/3305 3537/6916/3316
f 3542/6925/3320 3541/6924/3319 3543/6926/3321
f 3543/6926/3321 3544/6927/3322 3542/6925/3320
f 3548/6928/3323 3545/6929/3324 3546/6930/3325
f 3546/6930/3325 3547/6931/3326 3548/6928/3323
f 3545/6929/3324 3548/6928/3323 3549/6932/3327
f 3549/6932/3327 3550/6933/3327 3545/6929/3324
f 3552/6934/3328 3551/6935/3328 3544/6927/3322
f 3544/6927/3322 3543/6926/3321 3552/6934/3328
f 3551/6935/3328 3552/6934/3328 3547/6931/3326
f 3547/6931/3326 3546/6930/3325 3551/6935/3328
f 3540/6936/3318 3538/6937/3317 3553/6938/3329
f 3553/6938/3329 3554/6939/3330 3540/6936/3318
f 3538/6937/3317 3526/6940/3305 3542/6941/3320
f 3542/6941/3320 3553/6938/3329 3538/6937/3317
f 3532/6942/3310 3534/6943/3312 3555/6944/3331
f 3555/6944/3331 3556/6945/3332 3532/6942/3310
f 3518/6896/3298 3519/6895/3297 3557/6946/3333
f 3557/6946/3333 3558/6947/3334 3518/6896/3298
f 3558/6947/3334 3557/6946/3333 3559/6948/3335
f 3559/6948/3335 3507/6881/3285 3558/6947/3334
f 3559/6948/3335 3505/6879/3283 3507/6881/3285
f 3556/6945/3332 3555/6944/3331 3560/6949/3336
f 3560/6949/3336 3561/6950/3337 3556/6945/3332
f 3561/6950/3337 3560/6949/3336 3562/6951/3338
f 3562/6951/3338 3505/6952/3283 3561/6950/3337
f 3516/6953/3294 3510/6954/3289 3514/6955/3293
f 3514/6955/3293 3519/6956/3297 3516/6953/3294
f 3519/6956/3297 3514/6955/3293 3528/6957/3306
f 3528/6957/3306 3557/6958/3333 3519/6956/3297
f 3557/6958/3333 3528/6957/3306 3530/6959/3308
f 3530/6959/3308 3559/6960/3335 3557/6958/3333
f 3559/6960/3335 3530/6959/3308 3532/6942/3310
f 3532/6942/3310 3556/6945/3332 3559/6960/3335
f 3561/6950/3337 3559/6960/3335 3556/6945/3332
f 3505/6952/3283 3559/6960/3335 3561/6950/3337
f 3511/6961/3288 3510/6954/3289 3516/6953/3294
f 3516/6953/3294 3515/6962/3295 3511/6961/3288
f 3517/6963/3296 3511/6961/3288 3515/6962/3295
f 3515/6962/3295 3520/6964/3299 3517/6963/3296
f 3487/6965/21 3523/6901/21 3483/6853/21
f 3522/6900/3302 3521/6899/3301 3490/6966/3274
f 3490/6966/3274 3536/6967/3314 3522/6900/3302
f 3521/6899/3301 3523/6968/3240 3487/6969/3275
f 3487/6969/3275 3490/6966/3274 3521/6899/3301
f 3531/6909/3309 3529/6907/3307 3527/6970/3303
f 3527/6970/3303 3537/6971/3316 3531/6909/3309
f 3529/6907/3307 3522/6900/3302 3536/6967/3314
f 3536/6967/3314 3527/6970/3303 3529/6907/3307
f 3533/6911/3311 3531/6909/3309 3537/6971/3316
f 3537/6971/3316 3539/6972/3315 3533/6911/3311
f 3486/6884/3189 3523/6968/3240 3521/6899/3301
f 3521/6899/3301 3509/6885/3287 3486/6884/3189
f 3483/6853/21 3493/6863/21 3488/6865/21
f 3488/6865/21 3487/6965/21 3483/6853/21
f 3566/6973/3339 3563/6974/3340 3564/6975/3341
f 3564/6975/3341 3565/6976/3342 3566/6973/3339
f 3501/6875/3280 3500/6874/3279 3567/6977/3343
f 3567/6977/3343 3568/6978/3344 3501/6875/3280
f 3506/6880/3284 3505/6879/3283 3569/6979/3345
f 3573/6980/3346 3570/6981/3347 3571/6982/3348
f 3571/6982/3348 3572/6983/3349 3573/6980/3346
f 3569/6979/3345 3505/6879/3283 3574/6984/3350
f 3578/6985/3351 3575/6986/3352 3576/6987/3353
f 3576/6987/3353 3577/6988/3354 3578/6985/3351
f 3582/6989/3355 3579/6990/3356 3580/6991/3357
f 3580/6991/3357 3581/6992/3358 3582/6989/3355
f 3550/6933/3327 3549/6932/3327 3583/6993/3359
f 3583/6993/3359 3584/6994/3359 3550/6933/3327
f 3584/6994/3359 3583/6993/3359 3585/6995/3360
f 3585/6995/3360 3586/6996/3360 3584/6994/3359
f 3586/6996/3360 3585/6995/3360 3587/6997/3361
f 3587/6997/3361 3588/6998/3362 3586/6996/3360
f 3588/6998/3362 3587/6997/3361 3467/6999/13
f 3467/6999/13 3466/7000/13 3588/6998/3362
f 3502/6876/3281 3563/6974/3340 3566/6973/3339
f 3566/6973/3339 3503/6873/21 3502/6876/3281
f 3565/6976/3342 3564/6975/3341 3589/7001/3363
f 3589/7001/3363 3590/7002/3364 3565/6976/3342
f 3575/6986/3352 3578/6985/3351 3590/7002/3364
f 3590/7002/3364 3589/7001/3363 3575/6986/3352
f 3574/7003/3350 3505/7004/3283 3562/7005/3338
f 3562/7005/3338 3591/7006/3365 3574/7003/3350
f 3570/6981/3347 3573/6980/3346 3577/6988/3354
f 3577/6988/3354 3576/6987/3353 3570/6981/3347
f 3572/6983/3349 3571/6982/3348 3579/6990/3356
f 3579/6990/3356 3582/6989/3355 3572/6983/3349
f 3581/6992/3358 3580/6991/3357 3475/6844/3273
f 3475/6844/3273 3476/6843/3272 3581/6992/3358
f 3591/7006/3365 3562/7005/3338 3438/6835/3238
f 3438/6835/3238 3470/6838/3268 3591/7006/3365
f 3499/7007/13 3498/7008/3366 3568/6978/3344
f 3568/6978/3344 3567/6977/3343 3499/7007/13
f 3560/7009/3336 3436/7010/3236 3438/7011/3238
f 3438/7011/3238 3562/7012/3338 3560/7009/3336
f 3555/7013/3331 3430/7014/3230 3436/7010/3236
f 3436/7010/3236 3560/7009/3336 3555/7013/3331
f 3534/7015/3312 3407/7016/3211 3430/7014/3230
f 3430/7014/3230 3555/7013/3331 3534/7015/3312
f 3533/6918/3311 3408/6749/3210 3407/7016/3211
f 3407/7016/3211 3534/7015/3312 3533/6918/3311
f 3540/6921/3318 3414/6750/3217 3408/6749/3210
f 3408/6749/3210 3533/6918/3311 3540/6921/3318
f 3554/6939/3330 3427/6768/3229 3414/6767/3217
f 3414/6767/3217 3540/6936/3318 3554/6939/3330
f 3428/6765/3228 3417/7017/3367 3415/6769/3219
f 3428/6765/3228 3427/6768/3229 3425/7018/3368
f 3425/7018/3368 3417/7017/3367 3428/6765/3228
f 3553/6938/3329 3542/6941/3320 3544/7019/3369
f 3551/7020/3370 3554/6939/3330 3553/6938/3329
f 3553/6938/3329 3544/7019/3369 3551/7020/3370
f 3427/6768/3229 3554/6939/3330 3551/7020/3370
f 3551/7020/3370 3425/7018/3368 3427/6768/3229
f 3546/7021/103 3422/7022/103 3425/7018/3368
f 3425/7018/3368 3551/7020/3370 3546/7021/103
f 3466/7023/103 3464/7024/103 3588/7025/103
f 3464/7024/103 3462/7026/103 3586/7027/103
f 3586/7027/103 3588/7025/103 3464/7024/103
f 3462/7026/103 3460/7028/103 3584/7029/103
f 3584/7029/103 3586/7027/103 3462/7026/103
f 3460/7028/103 3423/7030/103 3550/7031/103
f 3550/7031/103 3584/7029/103 3460/7028/103
f 3423/7030/103 3419/7032/103 3545/7033/103
f 3545/7033/103 3550/7031/103 3423/7030/103
f 3419/7032/103 3422/7022/103 3546/7021/103
f 3546/7021/103 3545/7033/103 3419/7032/103
f 3488/7034/65 3494/7035/65 3489/7036/65
f 3368/7037/65 3367/7038/65 3372/7039/65
f 3367/7038/65 3489/7036/65 3494/7035/65
f 3494/7035/65 3372/7039/65 3367/7038/65
f 3465/7040/65 3467/7041/65 3587/7042/65
f 3463/7043/65 3465/7040/65 3587/7042/65
f 3587/7042/65 3585/7044/65 3463/7043/65
f 3461/7045/65 3463/7043/65 3585/7044/65
f 3585/7044/65 3583/7046/65 3461/7045/65
f 3424/7047/65 3461/7045/65 3583/7046/65
f 3583/7046/65 3549/7048/65 3424/7047/65
f 3420/7049/65 3424/7047/65 3549/7048/65
f 3549/7048/65 3548/7050/65 3420/7049/65
f 3421/7051/65 3420/7049/65 3548/7050/65
f 3548/7050/65 3547/7052/65 3421/7051/65
f 3426/7053/65 3421/7051/65 3547/7052/65
f 3547/7052/65 3552/7054/65 3426/7053/65
f 3418/7055/65 3426/7053/65 3552/7054/65
f 3552/7054/65 3543/7056/65 3418/7055/65
f 3416/7057/65 3418/7055/65 3543/7056/65
f 3543/7056/65 3541/7058/65 3416/7057/65
f 3401/7059/65 3416/7057/65 3541/7058/65
f 3541/7058/65 3525/7060/65 3401/7059/65
f 3398/7061/65 3401/7059/65 3525/7060/65
f 3525/7060/65 3524/7062/65 3398/7061/65
f 3409/7063/65 3398/7061/65 3524/7062/65
f 3524/7062/65 3535/7064/65 3409/7063/65
f 3367/7038/65 3409/7063/65 3535/7064/65
f 3535/7064/65 3489/7036/65 3367/7038/65
f 3370/7065/52 3372/7066/52 3494/7067/52
f 3494/7067/52 3493/7068/52 3370/7065/52
f 3371/7069/3371 3370/7070/3371 3493/7071/3371
f 3493/7071/3371 3492/7072/3371 3371/7069/3371
f 3369/7073/52 3371/7074/52 3492/7075/52
f 3492/7075/52 3491/7076/52 3369/7073/52
f 3362/7077/653 3369/7078/653 3491/7079/653
f 3491/7079/653 3483/7080/653 3362/7077/653
f 3357/7081/52 3362/7082/52 3483/7083/52
f 3483/7083/52 3479/7084/52 3357/7081/52
f 3354/7085/3372 3357/7086/3372 3479/7087/3372
f 3479/7087/3372 3478/7088/3372 3354/7085/3372
f 3497/7089/52 3375/7090/52 3354/7091/52
f 3354/7091/52 3478/7092/52 3497/7089/52
f 3497/7093/103 3499/7094/103 3567/7095/103
f 3375/7096/103 3444/7097/103 3376/7098/103
f 3473/7099/103 3471/7100/103 3476/7101/103
f 3471/7100/103 3458/7102/103 3581/7103/103
f 3581/7103/103 3476/7101/103 3471/7100/103
f 3458/7102/103 3457/7104/103 3582/7105/103
f 3582/7105/103 3581/7103/103 3458/7102/103
f 3457/7104/103 3449/7106/103 3572/7107/103
f 3572/7107/103 3582/7105/103 3457/7104/103
f 3449/7106/103 3448/7108/103 3573/7109/103
f 3573/7109/103 3572/7107/103 3449/7106/103
f 3448/7108/103 3454/7110/103 3577/7111/103
f 3577/7111/103 3573/7109/103 3448/7108/103
f 3454/7110/103 3453/7112/103 3578/7113/103
f 3578/7113/103 3577/7111/103 3454/7110/103
f 3453/7112/103 3468/7114/103 3590/7115/103
f 3590/7115/103 3578/7113/103 3453/7112/103
f 3468/7114/103 3441/7116/103 3565/7117/103
f 3565/7117/103 3590/7115/103 3468/7114/103
f 3441/7116/103 3440/7118/3373 3566/7119/3373
f 3566/7119/3373 3565/7117/103 3441/7116/103
f 3440/7118/3373 3379/7120/3374 3503/7121/3374
f 3503/7121/3374 3566/7119/3373 3440/7118/3373
f 3379/7120/3374 3378/7122/3375 3500/7123/3375
f 3500/7123/3375 3503/7121/3374 3379/7120/3374
f 3378/7122/3375 3444/7097/103 3567/7095/103
f 3567/7095/103 3500/7123/3375 3378/7122/3375
f 3444/7097/103 3375/7096/103 3497/7093/103
f 3497/7093/103 3567/7095/103 3444/7097/103
f 3377/6707/76 3355/6681/76 3354/6680/76
f 3477/6848/21 3498/6872/21 3478/6849/21
f 3358/6685/3173 3443/7124/3246 3381/7125/3181
f 3381/7125/3181 3431/6776/3233 3358/6685/3173
f 3355/6684/3172 3377/7126/3376 3443/7124/3246
f 3443/7124/3246 3358/6685/3173 3355/6684/3172
f 3431/6776/3233 3381/7125/3181 3380/7127/3183
f 3380/7127/3183 3433/6778/3235 3431/6776/3233
f 3433/6778/3235 3380/7127/3183 3439/7128/3242
f 3439/7128/3242 3445/6809/3247 3433/6778/3235
f 3442/7129/3241 3446/6810/3248 3445/6809/3247
f 3445/6809/3247 3439/7128/3242 3442/7129/3241
f 3456/7130/3259 3592/7131/3377 3593/7132/3378
f 3593/7132/3378 3450/7133/3249 3456/7130/3259
f 3447/7134/3250 3594/7135/3379 3595/7136/3380
f 3595/7136/3380 3455/7137/3254 3447/7134/3250
f 3450/7133/3249 3593/7132/3378 3594/7135/3379
f 3594/7135/3379 3447/7134/3250 3450/7133/3249
f 3452/7138/3255 3470/6838/3268 3451/6837/3253
f 3451/6837/3253 3469/7139/3266 3452/7138/3255
f 3455/7137/3254 3595/7136/3380 3470/6838/3268
f 3470/6838/3268 3452/7138/3255 3455/7137/3254
f 3469/7140/3266 3451/6816/3253 3446/6810/3248
f 3446/6810/3248 3442/7129/3241 3469/7140/3266
f 3459/7141/3258 3596/7142/3381 3592/7131/3377
f 3592/7131/3377 3456/7130/3259 3459/7141/3258
f 3472/7143/3269 3597/7144/3382 3596/7142/3381
f 3596/7142/3381 3459/7141/3258 3472/7143/3269
f 3474/7145/3271 3598/7146/3383 3597/7144/3382
f 3597/7144/3382 3472/7143/3269 3474/7145/3271
f 3568/7147/3344 3518/6896/3298 3558/6947/3334
f 3558/6947/3334 3501/7148/3280 3568/7147/3344
f 3498/7149/3366 3477/6898/3300 3518/6896/3298
f 3518/6896/3298 3568/7147/3344 3498/7149/3366
f 3501/7148/3280 3558/6947/3334 3507/6881/3285
f 3507/6881/3285 3502/7150/3281 3501/7148/3280
f 3502/7150/3281 3507/6881/3285 3506/6880/3284
f 3506/6880/3284 3563/7151/3340 3502/7150/3281
f 3569/6979/3345 3564/7152/3341 3563/7151/3340
f 3563/7151/3340 3506/6880/3284 3569/6979/3345
f 3600/7153/3384 3579/7154/3356 3571/7155/3348
f 3571/7155/3348 3599/7156/3385 3600/7153/3384
f 3602/7157/3386 3570/7158/3347 3576/7159/3353
f 3576/7159/3353 3601/7160/3387 3602/7157/3386
f 3599/7156/3385 3571/7155/3348 3570/7158/3347
f 3570/7158/3347 3602/7157/3386 3599/7156/3385
f 3591/7006/3365 3575/7161/3352 3589/7162/3363
f 3589/7162/3363 3574/7003/3350 3591/7006/3365
f 3601/7160/3387 3576/7159/3353 3575/7161/3352
f 3575/7161/3352 3591/7006/3365 3601/7160/3387
f 3574/6984/3350 3589/7163/3363 3564/7152/3341
f 3564/7152/3341 3569/6979/3345 3574/6984/3350
f 3603/7164/3388 3580/7165/3357 3579/7154/3356
f 3579/7154/3356 3600/7153/3384 3603/7164/3388
f 3604/7166/3389 3475/7167/3273 3580/7165/3357
f 3580/7165/3357 3603/7164/3388 3604/7166/3389
f 3598/7146/3383 3474/7145/3271 3475/7167/3273
f 3475/7167/3273 3604/7166/3389 3598/7146/3383
f 3443/6808/3246 3377/7168/3376 3376/7169/13
f 3376/7169/13 3444/6807/3245 3443/6808/3246
f 3437/6811/3239 3434/6777/3234 3433/6778/3235
f 3433/6778/3235 3445/6809/3247 3437/6811/3239
f 3598/7146/3383 3604/7166/3389 3597/7144/3382
f 3470/6838/3268 3595/7136/3380 3601/7160/3387
f 3601/7160/3387 3591/7006/3365 3470/6838/3268
f 3595/7136/3380 3594/7135/3379 3602/7157/3386
f 3602/7157/3386 3601/7160/3387 3595/7136/3380
f 3594/7135/3379 3593/7132/3378 3599/7156/3385
f 3599/7156/3385 3602/7157/3386 3594/7135/3379
f 3593/7132/3378 3592/7131/3377 3600/7153/3384
f 3600/7153/3384 3599/7156/3385 3593/7132/3378
f 3592/7131/3377 3596/7142/3381 3603/7164/3388
f 3603/7164/3388 3600/7153/3384 3592/7131/3377
f 3596/7142/3381 3597/7144/3382 3604/7166/3389
f 3604/7166/3389 3603/7164/3388 3596/7142/3381
f 3608/7170/103 3605/7171/103 3606/7172/103
f 3606/7172/103 3607/7173/103 3608/7170/103
f 3610/7174/13 3606/7175/13 3605/7176/3390
f 3605/7176/3390 3609/7177/3390 3610/7174/13
f 3607/7173/103 3606/7172/103 3611/7178/103
f 3611/7178/103 3612/7179/103 3607/7173/103
f 3613/7180/3391 3611/7181/3391 3606/7175/13
f 3606/7175/13 3610/7174/13 3613/7180/3391
f 3615/7182/52 3607/7183/52 3612/7184/3392
f 3612/7184/3392 3614/7185/3392 3615/7182/52
f 3616/7186/3393 3608/7187/3393 3607/7183/52
f 3607/7183/52 3615/7182/52 3616/7186/3393
f 3618/7188/3394 3616/7189/3395 3615/7190/3396
f 3615/7190/3396 3617/7191/3397 3618/7188/3394
f 3617/7191/3397 3615/7190/3396 3614/7192/3398
f 3614/7192/3398 3619/7193/3399 3617/7191/3397
f 3621/7194/3400 3620/7195/3401 3616/7189/3395
f 3616/7189/3395 3618/7188/3394 3621/7194/3400
f 3620/7196/662 3622/7197/662 3608/7187/3393
f 3608/7187/3393 3616/7186/3393 3620/7196/662
f 3634/7198/3402 3621/7194/3400 3618/7188/3394
f 3634/7198/3402 3618/7188/3394 3617/7191/3397
f 3634/7198/3402 3617/7191/3397 3619/7193/3399
f 3634/7198/3402 3619/7193/3399 3623/7199/3403
f 3634/7198/3402 3623/7199/3403 3624/7200/3404
f 3634/7198/3402 3624/7200/3404 3625/7201/3405
f 3634/7198/3402 3625/7201/3405 3626/7202/3406
f 3634/7198/3402 3626/7202/3406 3627/7203/3407
f 3634/7198/3402 3627/7203/3407 3628/7204/3408
f 3634/7198/3402 3628/7204/3408 3629/7205/3409
f 3634/7198/3402 3629/7205/3409 3630/7206/3410
f 3634/7198/3402 3630/7206/3410 3631/7207/3411
f 3634/7198/3402 3631/7207/3411 3632/7208/3412
f 3632/7208/3412 3633/7209/3413 3634/7198/3402
f 3634/7198/3402 3635/7210/3414 3620/7195/3401
f 3620/7195/3401 3621/7194/3400 3634/7198/3402
f 3633/7209/3413 3636/7211/3415 3635/7210/3414
f 3635/7210/3414 3634/7198/3402 3633/7209/3413
f 3632/7208/3412 3637/7212/3416 3636/7211/3415
f 3636/7211/3415 3633/7209/3413 3632/7208/3412
f 3631/7207/3411 3638/7213/3417 3637/7212/3416
f 3637/7212/3416 3632/7208/3412 3631/7207/3411
f 3630/7206/3410 3639/7214/3418 3638/7213/3417
f 3638/7213/3417 3631/7207/3411 3630/7206/3410
f 3629/7205/3409 3640/7215/3419 3639/7214/3418
f 3639/7214/3418 3630/7206/3410 3629/7205/3409
f 3628/7204/3408 3641/7216/3420 3640/7215/3419
f 3640/7215/3419 3629/7205/3409 3628/7204/3408
f 3627/7203/3407 3642/7217/3421 3641/7216/3420
f 3641/7216/3420 3628/7204/3408 3627/7203/3407
f 3626/7202/3406 3643/7218/3422 3642/7217/3421
f 3642/7217/3421 3627/7203/3407 3626/7202/3406
f 3625/7201/3405 3644/7219/3423 3643/7218/3422
f 3643/7218/3422 3626/7202/3406 3625/7201/3405
f 3624/7200/3404 3645/7220/3424 3644/7219/3423
f 3644/7219/3423 3625/7201/3405 3624/7200/3404
f 3623/7199/3403 3646/7221/3425 3645/7220/3424
f 3645/7220/3424 3624/7200/3404 3623/7199/3403
f 3619/7193/3399 3614/7192/3398 3646/7221/3425
f 3646/7221/3425 3623/7199/3403 3619/7193/3399
f 3646/7222/657 3647/7223/657 3648/7224/3426
f 3648/7224/3426 3645/7225/3426 3646/7222/657
f 3614/7185/3392 3612/7184/3392 3647/7223/657
f 3647/7223/657 3646/7222/657 3614/7185/3392
f 3612/7179/103 3611/7178/103 3649/7226/103
f 3649/7226/103 3647/7227/103 3612/7179/103
f 3647/7227/103 3649/7226/103 3650/7228/103
f 3650/7228/103 3648/7229/103 3647/7227/103
f 3652/7230/3427 3650/7231/3427 3649/7232/720
f 3649/7232/720 3651/7233/720 3652/7230/3427
f 3651/7233/720 3649/7232/720 3611/7181/3391
f 3611/7181/3391 3613/7180/3391 3651/7233/720
f 3654/7234/3428 3652/7235/3428 3651/7236/3429
f 3651/7236/3429 3653/7237/3429 3654/7234/3428
f 3653/7237/3429 3651/7236/3429 3613/7238/3430
f 3613/7238/3430 3655/7239/3431 3653/7237/3429
f 3657/7240/3427 3654/7241/3427 3653/7242/720
f 3653/7242/720 3656/7243/720 3657/7240/3427
f 3656/7243/720 3653/7242/720 3655/7244/3391
f 3655/7244/3391 3658/7245/3391 3656/7243/720
f 3660/7246/3432 3657/7247/3432 3656/7248/3433
f 3656/7248/3433 3659/7249/3433 3660/7246/3432
f 3659/7249/3433 3656/7248/3433 3658/7250/3434
f 3658/7250/3434 3661/7251/3434 3659/7249/3433
f 3663/7252/3433 3659/7249/3433 3661/7251/3434
f 3661/7251/3434 3662/7253/3434 3663/7252/3433
f 3664/7254/3432 3660/7246/3432 3659/7249/3433
f 3659/7249/3433 3663/7252/3433 3664/7254/3432
f 3666/7255/3435 3665/7256/3435 3657/7247/3432
f 3657/7247/3432 3660/7246/3432 3666/7255/3435
f 3667/7257/3435 3666/7255/3435 3660/7246/3432
f 3660/7246/3432 3664/7254/3432 3667/7257/3435
f 3669/7258/3436 3668/7259/3436 3666/7255/3435
f 3666/7255/3435 3667/7257/3435 3669/7258/3436
f 3668/7259/3436 3670/7260/3436 3665/7256/3435
f 3665/7256/3435 3666/7255/3435 3668/7259/3436
f 3672/7261/3437 3671/7262/3437 3668/7259/3436
f 3668/7259/3436 3669/7258/3436 3672/7261/3437
f 3671/7262/3437 3673/7263/3437 3670/7260/3436
f 3670/7260/3436 3668/7259/3436 3671/7262/3437
f 3675/7264/3438 3674/7265/3438 3671/7262/3437
f 3671/7262/3437 3672/7261/3437 3675/7264/3438
f 3674/7265/3438 3676/7266/3438 3673/7263/3437
f 3673/7263/3437 3671/7262/3437 3674/7265/3438
f 3678/7267/3439 3677/7268/3439 3674/7265/3438
f 3674/7265/3438 3675/7264/3438 3678/7267/3439
f 3677/7268/3439 3679/7269/3439 3676/7266/3438
f 3676/7266/3438 3674/7265/3438 3677/7268/3439
f 3681/7270/3440 3680/7271/3440 3677/7272/3439
f 3677/7272/3439 3678/7273/3439 3681/7270/3440
f 3680/7271/3440 3682/7274/3440 3679/7275/3439
f 3679/7275/3439 3677/7272/3439 3680/7271/3440
f 3684/7276/3441 3683/7277/3441 3680/7271/3440
f 3680/7271/3440 3681/7270/3440 3684/7276/3441
f 3683/7277/3441 3685/7278/3441 3682/7274/3440
f 3682/7274/3440 3680/7271/3440 3683/7277/3441
f 3687/7279/3442 3686/7280/3442 3685/7278/3441
f 3685/7278/3441 3683/7277/3441 3687/7279/3442
f 3688/7281/3442 3687/7279/3442 3683/7277/3441
f 3683/7277/3441 3684/7276/3441 3688/7281/3442
f 3690/7282/3443 3689/7283/3443 3687/7279/3442
f 3687/7279/3442 3688/7281/3442 3690/7282/3443
f 3689/7283/3443 3691/7284/3443 3686/7280/3442
f 3686/7280/3442 3687/7279/3442 3689/7283/3443
f 3693/7285/3444 3692/7286/3444 3689/7283/3443
f 3689/7283/3443 3690/7282/3443 3693/7285/3444
f 3692/7286/3444 3694/7287/3444 3691/7284/3443
f 3691/7284/3443 3689/7283/3443 3692/7286/3444
f 3696/7288/3445 3695/7289/3445 3692/7286/3444
f 3692/7286/3444 3693/7285/3444 3696/7288/3445
f 3695/7289/3445 3697/7290/3445 3694/7287/3444
f 3694/7287/3444 3692/7286/3444 3695/7289/3445
f 3699/7291/3446 3698/7292/3446 3695/7289/3445
f 3695/7289/3445 3696/7288/3445 3699/7291/3446
f 3698/7292/3446 3700/7293/3446 3697/7290/3445
f 3697/7290/3445 3695/7289/3445 3698/7292/3446
f 3702/7294/3447 3701/7295/3447 3698/7292/3446
f 3698/7292/3446 3699/7291/3446 3702/7294/3447
f 3701/7295/3447 3703/7296/3447 3700/7293/3446
f 3700/7293/3446 3698/7292/3446 3701/7295/3447
f 3661/7251/3434 3658/7250/3434 3703/7296/3447
f 3703/7296/3447 3701/7295/3447 3661/7251/3434
f 3662/7253/3434 3661/7251/3434 3701/7295/3447
f 3701/7295/3447 3702/7294/3447 3662/7253/3434
f 3705/7297/13 3702/7298/13 3699/7299/3390
f 3699/7299/3390 3704/7300/3390 3705/7297/13
f 3706/7301/3391 3662/7302/3391 3702/7298/13
f 3702/7298/13 3705/7297/13 3706/7301/3391
f 3708/7303/65 3705/7304/65 3704/7305/65
f 3704/7305/65 3707/7306/65 3708/7303/65
f 3709/7307/65 3706/7308/65 3705/7304/65
f 3705/7304/65 3708/7303/65 3709/7307/65
f 3711/7309/52 3708/7310/52 3707/7311/3393
f 3707/7311/3393 3710/7312/3393 3711/7309/52
f 3712/7313/3392 3709/7314/3392 3708/7310/52
f 3708/7310/52 3711/7309/52 3712/7313/3392
f 3714/7315/3448 3713/7316/3449 3712/7317/3450
f 3712/7317/3450 3711/7318/3451 3714/7315/3448
f 3715/7319/3452 3714/7315/3448 3711/7318/3451
f 3711/7318/3451 3710/7320/3453 3715/7319/3452
f 3713/7316/3449 3716/7321/3454 3717/7322/3455
f 3717/7322/3455 3712/7317/3450 3713/7316/3449
f 3717/7323/657 3718/7324/657 3709/7314/3392
f 3709/7314/3392 3712/7313/3392 3717/7323/657
f 3716/7321/3454 3719/7325/3456 3720/7326/3457
f 3720/7326/3457 3717/7322/3455 3716/7321/3454
f 3720/7327/3426 3721/7328/3426 3718/7324/657
f 3718/7324/657 3717/7323/657 3720/7327/3426
f 3721/7329/65 3722/7330/65 3723/7331/65
f 3723/7331/65 3718/7332/65 3721/7329/65
f 3718/7332/65 3723/7331/65 3706/7308/65
f 3706/7308/65 3709/7307/65 3718/7332/65
f 3722/7333/3427 3664/7334/3427 3663/7335/720
f 3663/7335/720 3723/7336/720 3722/7333/3427
f 3723/7336/720 3663/7335/720 3662/7302/3391
f 3662/7302/3391 3706/7301/3391 3723/7336/720
f 3725/7337/65 3724/7338/65 3722/7330/65
f 3722/7330/65 3721/7329/65 3725/7337/65
f 3724/7339/76 3667/7340/76 3664/7334/3427
f 3664/7334/3427 3722/7333/3427 3724/7339/76
f 3727/7341/65 3726/7342/65 3724/7338/65
f 3724/7338/65 3725/7337/65 3727/7341/65
f 3726/7343/3458 3669/7344/3458 3667/7340/76
f 3667/7340/76 3724/7339/76 3726/7343/3458
f 3729/7345/3459 3727/7346/3459 3725/7347/21
f 3725/7347/21 3728/7348/21 3729/7345/3459
f 3728/7348/21 3725/7347/21 3721/7328/3426
f 3721/7328/3426 3720/7327/3426 3728/7348/21
f 3719/7325/3456 3730/7349/3460 3728/7350/3461
f 3728/7350/3461 3720/7326/3457 3719/7325/3456
f 3730/7349/3460 3731/7351/3462 3729/7352/3463
f 3729/7352/3463 3728/7350/3461 3730/7349/3460
f 3731/7351/3462 3732/7353/3464 3733/7354/3465
f 3733/7354/3465 3729/7352/3463 3731/7351/3462
f 3733/7355/717 3734/7356/717 3727/7346/3459
f 3727/7346/3459 3729/7345/3459 3733/7355/717
f 3732/7353/3464 3735/7357/3466 3736/7358/3467
f 3736/7358/3467 3733/7354/3465 3732/7353/3464
f 3736/7359/3390 3737/7360/3390 3734/7356/717
f 3734/7356/717 3733/7355/717 3736/7359/3390
f 3737/7361/65 3738/7362/65 3739/7363/65
f 3739/7363/65 3734/7364/65 3737/7361/65
f 3734/7364/65 3739/7363/65 3726/7342/65
f 3726/7342/65 3727/7341/65 3734/7364/65
f 3738/7365/3393 3675/7366/3393 3672/7367/662
f 3672/7367/662 3739/7368/662 3738/7365/3393
f 3739/7368/662 3672/7367/662 3669/7344/3458
f 3669/7344/3458 3726/7343/3458 3739/7368/662
f 3741/7369/65 3740/7370/65 3738/7362/65
f 3738/7362/65 3737/7361/65 3741/7369/65
f 3740/7371/52 3678/7372/52 3675/7366/3393
f 3675/7366/3393 3738/7365/3393 3740/7371/52
f 3743/7373/65 3742/7374/65 3740/7370/65
f 3740/7370/65 3741/7369/65 3743/7373/65
f 3742/7375/3392 3681/7376/3392 3678/7377/52
f 3678/7377/52 3740/7378/52 3742/7375/3392
f 3745/7379/3391 3743/7380/3391 3741/7381/13
f 3741/7381/13 3744/7382/13 3745/7379/3391
f 3744/7383/13 3741/7384/13 3737/7360/3390
f 3737/7360/3390 3736/7359/3390 3744/7383/13
f 3735/7357/3466 3746/7385/3468 3744/7386/3469
f 3744/7386/3469 3736/7358/3467 3735/7357/3466
f 3746/7385/3468 3747/7387/3470 3745/7388/3471
f 3745/7388/3471 3744/7386/3469 3746/7385/3468
f 3747/7387/3470 3748/7389/3472 3749/7390/3473
f 3749/7390/3473 3745/7388/3471 3747/7387/3470
f 3749/7391/720 3750/7392/720 3743/7380/3391
f 3743/7380/3391 3745/7379/3391 3749/7391/720
f 3748/7389/3472 3751/7393/3474 3752/7394/3475
f 3752/7394/3475 3749/7390/3473 3748/7389/3472
f 3752/7395/3427 3753/7396/3427 3750/7392/720
f 3750/7392/720 3749/7391/720 3752/7395/3427
f 3753/7397/65 3754/7398/65 3755/7399/65
f 3755/7399/65 3750/7400/65 3753/7397/65
f 3750/7400/65 3755/7399/65 3742/7374/65
f 3742/7374/65 3743/7373/65 3750/7400/65
f 3754/7401/3426 3688/7402/3426 3684/7403/657
f 3684/7403/657 3755/7404/657 3754/7401/3426
f 3755/7404/657 3684/7403/657 3681/7376/3392
f 3681/7376/3392 3742/7375/3392 3755/7404/657
f 3757/7405/65 3756/7406/65 3754/7398/65
f 3754/7398/65 3753/7397/65 3757/7405/65
f 3756/7407/21 3690/7408/21 3688/7402/3426
f 3688/7402/3426 3754/7401/3426 3756/7407/21
f 3759/7409/65 3758/7410/65 3756/7406/65
f 3756/7406/65 3757/7405/65 3759/7409/65
f 3758/7411/3459 3693/7412/3459 3690/7408/21
f 3690/7408/21 3756/7407/21 3758/7411/3459
f 3761/7413/3458 3759/7414/3458 3757/7415/76
f 3757/7415/76 3760/7416/76 3761/7413/3458
f 3760/7416/76 3757/7415/76 3753/7396/3427
f 3753/7396/3427 3752/7395/3427 3760/7416/76
f 3751/7393/3474 3762/7417/3476 3760/7418/3477
f 3760/7418/3477 3752/7394/3475 3751/7393/3474
f 3762/7417/3476 3763/7419/3478 3761/7420/3479
f 3761/7420/3479 3760/7418/3477 3762/7417/3476
f 3763/7419/3478 3764/7421/3480 3765/7422/3481
f 3765/7422/3481 3761/7420/3479 3763/7419/3478
f 3765/7423/662 3766/7424/662 3759/7414/3458
f 3759/7414/3458 3761/7413/3458 3765/7423/662
f 3764/7421/3480 3715/7319/3452 3710/7320/3453
f 3710/7320/3453 3765/7422/3481 3764/7421/3480
f 3710/7312/3393 3707/7311/3393 3766/7424/662
f 3766/7424/662 3765/7423/662 3710/7312/3393
f 3707/7306/65 3704/7305/65 3767/7425/65
f 3767/7425/65 3766/7426/65 3707/7306/65
f 3766/7426/65 3767/7425/65 3758/7410/65
f 3758/7410/65 3759/7409/65 3766/7426/65
f 3704/7300/3390 3699/7299/3390 3696/7427/717
f 3696/7427/717 3767/7428/717 3704/7300/3390
f 3767/7428/717 3696/7427/717 3693/7412/3459
f 3693/7412/3459 3758/7411/3459 3767/7428/717
f 3714/7315/3448 3715/7319/3452 3764/7421/3480
f 3714/7315/3448 3764/7421/3480 3763/7419/3478
f 3714/7315/3448 3763/7419/3478 3762/7417/3476
f 3714/7315/3448 3762/7417/3476 3751/7393/3474
f 3714/7315/3448 3751/7393/3474 3748/7389/3472
f 3714/7315/3448 3748/7389/3472 3747/7387/3470
f 3714/7315/3448 3747/7387/3470 3746/7385/3468
f 3714/7315/3448 3746/7385/3468 3735/7357/3466
f 3714/7315/3448 3735/7357/3466 3732/7353/3464
f 3714/7315/3448 3732/7353/3464 3731/7351/3462
f 3714/7315/3448 3731/7351/3462 3730/7349/3460
f 3714/7315/3448 3730/7349/3460 3719/7325/3456
f 3714/7315/3448 3719/7325/3456 3716/7321/3454
f 3716/7321/3454 3713/7316/3449 3714/7315/3448
f 3703/7429/13 3768/7430/13 3769/7431/3390
f 3769/7431/3390 3700/7432/3390 3703/7429/13
f 3658/7245/3391 3655/7244/3391 3768/7430/13
f 3768/7430/13 3703/7429/13 3658/7245/3391
f 3768/7433/3482 3610/7434/3482 3609/7435/3483
f 3609/7435/3483 3769/7436/3483 3768/7433/3482
f 3655/7239/3431 3613/7238/3430 3610/7434/3482
f 3610/7434/3482 3768/7433/3482 3655/7239/3431
f 3700/7432/3390 3769/7431/3390 3770/7437/717
f 3770/7437/717 3697/7438/717 3700/7432/3390
f 3769/7436/3483 3609/7435/3483 3771/7439/3484
f 3771/7439/3484 3770/7440/3484 3769/7436/3483
f 3609/7177/3390 3605/7176/3390 3772/7441/717
f 3772/7441/717 3771/7442/717 3609/7177/3390
f 3770/7440/3484 3771/7439/3484 3773/7443/3485
f 3773/7443/3485 3774/7444/3486 3770/7440/3484
f 3771/7442/717 3772/7441/717 3775/7445/3459
f 3775/7445/3459 3773/7446/3459 3771/7442/717
f 3622/7447/103 3772/7448/103 3605/7171/103
f 3605/7171/103 3608/7170/103 3622/7447/103
f 3776/7449/103 3775/7450/103 3772/7448/103
f 3772/7448/103 3622/7447/103 3776/7449/103
f 3635/7451/3458 3776/7452/3458 3622/7197/662
f 3622/7197/662 3620/7196/662 3635/7451/3458
f 3778/7453/103 3777/7454/103 3775/7450/103
f 3775/7450/103 3776/7449/103 3778/7453/103
f 3636/7455/76 3778/7456/76 3776/7452/3458
f 3776/7452/3458 3635/7451/3458 3636/7455/76
f 3780/7457/103 3779/7458/103 3777/7454/103
f 3777/7454/103 3778/7453/103 3780/7457/103
f 3637/7459/3427 3780/7460/3427 3778/7456/76
f 3778/7456/76 3636/7455/76 3637/7459/3427
f 3638/7461/720 3781/7462/720 3780/7460/3427
f 3780/7460/3427 3637/7459/3427 3638/7461/720
f 3781/7463/103 3782/7464/103 3779/7458/103
f 3779/7458/103 3780/7457/103 3781/7463/103
f 3784/7465/21 3777/7466/21 3779/7467/3426
f 3779/7467/3426 3783/7468/3426 3784/7465/21
f 3783/7468/3426 3779/7467/3426 3782/7469/657
f 3782/7469/657 3785/7470/657 3783/7468/3426
f 3787/7471/3487 3784/7472/3487 3783/7473/3488
f 3783/7473/3488 3786/7474/3488 3787/7471/3487
f 3786/7474/3488 3783/7473/3488 3785/7475/3489
f 3785/7475/3489 3788/7476/3489 3786/7474/3488
f 3691/7477/21 3787/7478/21 3786/7479/3426
f 3786/7479/3426 3686/7480/3426 3691/7477/21
f 3686/7480/3426 3786/7479/3426 3788/7481/657
f 3788/7481/657 3685/7482/657 3686/7480/3426
f 3685/7482/657 3788/7481/657 3789/7483/3392
f 3789/7483/3392 3682/7484/3392 3685/7482/657
f 3788/7476/3489 3785/7475/3489 3790/7485/3490
f 3790/7485/3490 3789/7486/3491 3788/7476/3489
f 3682/7484/3392 3789/7483/3392 3791/7487/52
f 3791/7487/52 3679/7488/52 3682/7484/3392
f 3789/7486/3491 3790/7485/3490 3792/7489/3492
f 3792/7489/3492 3791/7490/3492 3789/7486/3491
f 3785/7470/657 3782/7469/657 3793/7491/3392
f 3793/7491/3392 3790/7492/3392 3785/7470/657
f 3790/7492/3392 3793/7491/3392 3794/7493/52
f 3794/7493/52 3792/7494/52 3790/7492/3392
f 3795/7495/103 3793/7496/103 3782/7464/103
f 3782/7464/103 3781/7463/103 3795/7495/103
f 3796/7497/103 3794/7498/103 3793/7496/103
f 3793/7496/103 3795/7495/103 3796/7497/103
f 3640/7499/13 3796/7500/13 3795/7501/3391
f 3795/7501/3391 3639/7502/3391 3640/7499/13
f 3639/7502/3391 3795/7501/3391 3781/7462/720
f 3781/7462/720 3638/7461/720 3639/7502/3391
f 3641/7503/3390 3797/7504/3390 3796/7505/13
f 3796/7505/13 3640/7506/13 3641/7503/3390
f 3797/7507/103 3798/7508/103 3794/7498/103
f 3794/7498/103 3796/7497/103 3797/7507/103
f 3642/7509/717 3799/7510/717 3797/7504/3390
f 3797/7504/3390 3641/7503/3390 3642/7509/717
f 3799/7511/103 3800/7512/103 3798/7508/103
f 3798/7508/103 3797/7507/103 3799/7511/103
f 3792/7513/52 3794/7514/52 3798/7515/3393
f 3798/7515/3393 3801/7516/3393 3792/7513/52
f 3801/7516/3393 3798/7515/3393 3800/7517/662
f 3800/7517/662 3802/7518/662 3801/7516/3393
f 3791/7519/3492 3792/7520/3492 3801/7521/3493
f 3801/7521/3493 3803/7522/3493 3791/7519/3492
f 3803/7522/3493 3801/7521/3493 3802/7523/3494
f 3802/7523/3494 3804/7524/3494 3803/7522/3493
f 3679/7525/52 3791/7526/52 3803/7527/3393
f 3803/7527/3393 3676/7528/3393 3679/7525/52
f 3676/7528/3393 3803/7527/3393 3804/7529/662
f 3804/7529/662 3673/7530/662 3676/7528/3393
f 3673/7530/662 3804/7529/662 3805/7531/3458
f 3805/7531/3458 3670/7532/3458 3673/7530/662
f 3804/7524/3494 3802/7523/3494 3806/7533/3495
f 3806/7533/3495 3805/7534/3496 3804/7524/3494
f 3670/7532/3458 3805/7531/3458 3807/7535/76
f 3807/7535/76 3665/7536/76 3670/7532/3458
f 3805/7534/3496 3806/7533/3495 3808/7537/3497
f 3808/7537/3497 3807/7538/3497 3805/7534/3496
f 3802/7518/662 3800/7517/662 3809/7539/3458
f 3809/7539/3458 3806/7540/3458 3802/7518/662
f 3806/7540/3458 3809/7539/3458 3810/7541/76
f 3810/7541/76 3808/7542/76 3806/7540/3458
f 3811/7543/103 3809/7544/103 3800/7512/103
f 3800/7512/103 3799/7511/103 3811/7543/103
f 3812/7545/103 3810/7546/103 3809/7544/103
f 3809/7544/103 3811/7543/103 3812/7545/103
f 3644/7547/21 3812/7548/21 3811/7549/3459
f 3811/7549/3459 3643/7550/3459 3644/7547/21
f 3643/7550/3459 3811/7549/3459 3799/7510/717
f 3799/7510/717 3642/7509/717 3643/7550/3459
f 3645/7225/3426 3648/7224/3426 3812/7548/21
f 3812/7548/21 3644/7547/21 3645/7225/3426
f 3648/7229/103 3650/7228/103 3810/7546/103
f 3810/7546/103 3812/7545/103 3648/7229/103
f 3808/7542/76 3810/7541/76 3650/7231/3427
f 3650/7231/3427 3652/7230/3427 3808/7542/76
f 3807/7538/3497 3808/7537/3497 3652/7235/3428
f 3652/7235/3428 3654/7234/3428 3807/7538/3497
f 3665/7536/76 3807/7535/76 3654/7241/3427
f 3654/7241/3427 3657/7240/3427 3665/7536/76
f 3694/7551/3459 3774/7552/3459 3787/7478/21
f 3787/7478/21 3691/7477/21 3694/7551/3459
f 3774/7444/3486 3773/7443/3485 3784/7472/3487
f 3784/7472/3487 3787/7471/3487 3774/7444/3486
f 3697/7438/717 3770/7437/717 3774/7552/3459
f 3774/7552/3459 3694/7551/3459 3697/7438/717
f 3773/7446/3459 3775/7445/3459 3777/7466/21
f 3777/7466/21 3784/7465/21 3773/7446/3459
f 3813/7553/3498 3814/7554/3499 3815/7555/3500
f 3813/7553/3498 3815/7555/3500 3816/7556/3501
f 3816/7556/3501 3817/7557/3502 3813/7553/3498
f 3815/7555/3500 3818/7558/3503 3816/7556/3501
f 3831/7559/3504 3819/7560/3505 3820/7561/3506
f 3831/7559/3504 3820/7561/3506 3821/7562/3507
f 3831/7559/3504 3821/7562/3507 3818/7563/3503
f 3831/7559/3504 3818/7563/3503 3815/7564/3500
f 3831/7559/3504 3815/7564/3500 3814/7565/3499
f 3831/7559/3504 3814/7565/3499 3822/7566/3508
f 3831/7559/3504 3822/7566/3508 3823/7567/3509
f 3831/7559/3504 3823/7567/3509 3824/7568/3510
f 3831/7559/3504 3824/7568/3510 3825/7569/3511
f 3831/7559/3504 3825/7569/3511 3826/7570/3512
f 3831/7559/3504 3826/7570/3512 3827/7571/3513
f 3831/7559/3504 3827/7571/3513 3828/7572/3514
f 3831/7559/3504 3828/7572/3514 3829/7573/3515
f 3829/7573/3515 3830/7574/3516 3831/7559/3504
f 3814/7554/3499 3813/7553/3498 3832/7575/3517
f 3832/7575/3517 3822/7576/3508 3814/7554/3499
f 3822/7576/3508 3832/7575/3517 3833/7577/3518
f 3833/7577/3518 3823/7578/3509 3822/7576/3508
f 3823/7578/3509 3833/7577/3518 3834/7579/3519
f 3834/7579/3519 3824/7580/3510 3823/7578/3509
f 3834/7581/3519 3835/7582/3520 3825/7583/3511
f 3825/7583/3511 3824/7584/3510 3834/7581/3519
f 3835/7582/3520 3836/7585/3521 3826/7586/3512
f 3826/7586/3512 3825/7583/3511 3835/7582/3520
f 3836/7585/3521 3837/7587/3522 3827/7588/3513
f 3827/7588/3513 3826/7586/3512 3836/7585/3521
f 3837/7587/3522 3828/7589/3514 3827/7588/3513
f 3839/7590/3523 3828/7589/3514 3837/7587/3522
f 3837/7587/3522 3838/7591/3524 3839/7590/3523
f 3837/7587/3522 3840/7592/3525 3838/7591/3524
f 3837/7587/3522 3841/7593/3526 3842/7594/3527
f 3842/7594/3527 3840/7592/3525 3837/7587/3522
f 3837/7587/3522 3836/7585/3521 3841/7593/3526
f 3841/7593/3526 3843/7595/3528 3844/7596/3529
f 3844/7596/3529 3842/7594/3527 3841/7593/3526
f 3843/7595/3528 3841/7593/3526 3845/7597/3530
f 3845/7597/3530 3841/7593/3526 3836/7585/3521
f 3836/7585/3521 3846/7598/3531 3845/7597/3530
f 3860/7599/52 3847/7600/52 3848/7601/52
f 3860/7599/52 3848/7601/52 3849/7602/52
f 3860/7599/52 3849/7602/52 3850/7603/52
f 3860/7599/52 3850/7603/52 3851/7604/52
f 3860/7599/52 3851/7604/52 3852/7605/52
f 3860/7599/52 3852/7605/52 3853/7606/52
f 3860/7599/52 3853/7606/52 3854/7607/52
f 3860/7599/52 3854/7607/52 3855/7608/52
f 3860/7599/52 3855/7608/52 3845/7609/52
f 3860/7599/52 3845/7609/52 3846/7610/52
f 3860/7599/52 3846/7610/52 3856/7611/52
f 3860/7599/52 3856/7611/52 3857/7612/52
f 3860/7599/52 3857/7612/52 3858/7613/52
f 3858/7613/52 3859/7614/52 3860/7599/52
f 3855/7615/3532 3861/7616/3533 3843/7595/3528
f 3843/7595/3528 3845/7597/3530 3855/7615/3532
f 3854/7617/3534 3861/7618/3533 3855/7619/3532
f 3864/7620/3535 3862/7621/3536 3861/7618/3533
f 3861/7618/3533 3863/7622/3537 3864/7620/3535
f 3843/7595/3528 3861/7616/3533 3862/7623/3536
f 3862/7623/3536 3844/7596/3529 3843/7595/3528
f 3863/7622/3537 3861/7618/3533 3854/7617/3534
f 3854/7617/3534 3853/7624/3538 3863/7622/3537
f 3866/7625/3539 3864/7620/3535 3863/7622/3537
f 3863/7622/3537 3865/7626/3540 3866/7625/3539
f 3863/7622/3537 3853/7624/3538 3865/7626/3540
f 3867/7627/3541 3865/7626/3540 3853/7624/3538
f 3853/7624/3538 3852/7628/3542 3867/7627/3541
f 3851/7629/3543 3868/7630/3544 3869/7631/3545
f 3869/7631/3545 3852/7628/3542 3851/7629/3543
f 3869/7631/3545 3867/7627/3541 3852/7628/3542
f 3872/7632/3546 3870/7633/3547 3871/7634/3548
f 3871/7634/3548 3867/7627/3541 3872/7632/3546
f 3871/7634/3548 3865/7626/3540 3867/7627/3541
f 3873/7635/3549 3872/7632/3546 3867/7627/3541
f 3867/7627/3541 3869/7631/3545 3873/7635/3549
f 3886/7636/3550 3874/7637/3551 3875/7638/3552
f 3886/7636/3550 3875/7638/3552 3876/7639/3553
f 3886/7636/3550 3876/7639/3553 3877/7640/3554
f 3886/7636/3550 3877/7640/3554 3878/7641/3555
f 3886/7636/3550 3878/7641/3555 3879/7642/3556
f 3886/7636/3550 3879/7642/3556 3870/7643/3547
f 3886/7636/3550 3870/7643/3547 3872/7644/3546
f 3886/7636/3550 3872/7644/3546 3873/7645/3549
f 3886/7636/3550 3873/7645/3549 3880/7646/3557
f 3886/7636/3550 3880/7646/3557 3881/7647/3558
f 3886/7636/3550 3881/7647/3558 3882/7648/3559
f 3886/7636/3550 3882/7648/3559 3883/7649/3560
f 3886/7636/3550 3883/7649/3560 3884/7650/3561
f 3884/7650/3561 3885/7651/3562 3886/7636/3550
f 3879/7652/3556 3871/7634/3548 3870/7633/3547
f 3887/7653/3563 3879/7652/3556 3878/7654/3555
f 3871/7634/3548 3879/7652/3556 3887/7653/3563
f 3887/7653/3563 3888/7655/3564 3871/7634/3548
f 3889/7656/3565 3887/7653/3563 3878/7654/3555
f 3878/7654/3555 3877/7657/3554 3889/7656/3565
f 3890/7658/3566 3889/7656/3565 3877/7657/3554
f 3877/7657/3554 3876/7659/3553 3890/7658/3566
f 3891/7660/3567 3890/7658/3566 3876/7659/3553
f 3876/7659/3553 3875/7661/3552 3891/7660/3567
f 3874/7662/3551 3892/7663/3568 3891/7660/3567
f 3891/7660/3567 3875/7661/3552 3874/7662/3551
f 3886/7664/3550 3893/7665/3569 3892/7663/3568
f 3892/7663/3568 3874/7662/3551 3886/7664/3550
f 3885/7666/3562 3894/7667/3570 3893/7665/3569
f 3893/7665/3569 3886/7664/3550 3885/7666/3562
f 3894/7667/3570 3885/7666/3562 3884/7668/3561
f 3894/7667/3570 3884/7668/3561 3895/7669/3571
f 3895/7669/3571 3896/7670/3572 3894/7667/3570
f 3894/7667/3570 3896/7670/3572 3897/7671/3573
f 3899/7672/3574 3898/7673/3575 3894/7667/3570
f 3894/7667/3570 3897/7671/3573 3899/7672/3574
f 3894/7667/3570 3898/7673/3575 3893/7665/3569
f 3901/7674/3576 3900/7675/3577 3898/7673/3575
f 3898/7673/3575 3899/7672/3574 3901/7674/3576
f 3900/7675/3577 3902/7676/3578 3898/7673/3575
f 3893/7665/3569 3898/7673/3575 3902/7676/3578
f 3902/7676/3578 3903/7677/3579 3893/7665/3569
f 3905/7678/3580 3903/7677/3579 3902/7676/3578
f 3902/7676/3578 3904/7679/3581 3905/7678/3580
f 3907/7680/3582 3906/7681/3583 3904/7679/3581
f 3904/7679/3581 3902/7676/3578 3907/7680/3582
f 3900/7675/3577 3908/7682/3584 3907/7680/3582
f 3907/7680/3582 3902/7676/3578 3900/7675/3577
f 3903/7677/3579 3905/7678/3580 3909/7683/3585
f 3909/7683/3585 3910/7684/3586 3903/7677/3579
f 3910/7684/3586 3891/7660/3567 3892/7663/3568
f 3892/7663/3568 3903/7677/3579 3910/7684/3586
f 3892/7663/3568 3893/7665/3569 3903/7677/3579
f 3910/7684/3586 3909/7683/3585 3911/7685/3587
f 3911/7685/3587 3912/7686/3588 3910/7684/3586
f 3891/7660/3567 3910/7684/3586 3912/7686/3588
f 3911/7685/3587 3913/7687/3589 3914/7688/3590
f 3914/7688/3590 3912/7686/3588 3911/7685/3587
f 3890/7658/3566 3891/7660/3567 3912/7686/3588
f 3912/7686/3588 3914/7688/3590 3890/7658/3566
f 3916/7689/3591 3914/7688/3590 3913/7687/3589
f 3913/7687/3589 3915/7690/3592 3916/7689/3591
f 3916/7689/3591 3917/7691/3593 3889/7656/3565
f 3889/7656/3565 3914/7688/3590 3916/7689/3591
f 3890/7658/3566 3914/7688/3590 3889/7656/3565
f 3915/7690/3592 3918/7692/3594 3919/7693/3595
f 3919/7693/3595 3916/7689/3591 3915/7690/3592
f 3919/7693/3595 3920/7694/3596 3921/7695/3597
f 3921/7695/3597 3916/7689/3591 3919/7693/3595
f 3921/7695/3597 3917/7691/3593 3916/7689/3591
f 3917/7691/3593 3921/7695/3597 3922/7696/3598
f 3922/7696/3598 3923/7697/3599 3917/7691/3593
f 3887/7653/3563 3917/7691/3593 3923/7697/3599
f 3923/7697/3599 3924/7698/3600 3887/7653/3563
f 3887/7653/3563 3889/7656/3565 3917/7691/3593
f 3924/7699/3601 3923/7700/3602 3925/7701/3603
f 3925/7701/3603 3926/7702/3604 3924/7699/3601
f 3923/7700/3602 3922/7703/3605 3927/7704/3605
f 3927/7704/3605 3925/7701/3603 3923/7700/3602
f 3926/7705/3606 3925/7706/3607 3928/7707/3607
f 3928/7707/3607 3929/7708/3606 3926/7705/3606
f 3925/7706/3607 3927/7709/3608 3930/7710/3608
f 3930/7710/3608 3928/7707/3607 3925/7706/3607
f 3929/7711/3609 3928/7712/3610 3931/7713/3611
f 3931/7713/3611 3932/7714/3612 3929/7711/3609
f 3928/7712/3610 3930/7715/3605 3933/7716/3605
f 3933/7716/3605 3931/7713/3611 3928/7712/3610
f 3932/7717/3613 3931/7718/3614 3934/7719/3615
f 3934/7719/3615 3935/7720/3616 3932/7717/3613
f 3931/7718/3614 3933/7721/3617 3936/7722/3617
f 3936/7722/3617 3934/7719/3615 3931/7718/3614
f 3938/7723/103 3929/7711/3609 3932/7714/3612
f 3932/7714/3612 3937/7724/103 3938/7723/103
f 3937/7725/3618 3932/7717/3613 3935/7720/3616
f 3935/7720/3616 3939/7726/3619 3937/7725/3618
f 3941/7727/3620 3938/7723/103 3937/7724/103
f 3937/7724/103 3940/7728/3621 3941/7727/3620
f 3940/7729/3622 3937/7725/3618 3939/7726/3619
f 3939/7726/3619 3942/7730/3623 3940/7729/3622
f 3944/7731/3624 3941/7727/3620 3940/7728/3621
f 3940/7728/3621 3943/7732/1984 3944/7731/3624
f 3943/7733/3625 3940/7729/3622 3942/7730/3623
f 3942/7730/3623 3945/7734/3626 3943/7733/3625
f 3947/7735/3627 3944/7731/3624 3943/7732/1984
f 3943/7732/1984 3946/7736/3627 3947/7735/3627
f 3946/7737/3628 3943/7733/3625 3945/7734/3626
f 3945/7734/3626 3948/7738/3628 3946/7737/3628
f 3950/7739/52 3947/7735/3627 3946/7736/3627
f 3946/7736/3627 3949/7740/52 3950/7739/52
f 3949/7741/3629 3946/7737/3628 3948/7738/3628
f 3948/7738/3628 3951/7742/3629 3949/7741/3629
f 3953/7743/3630 3950/7744/52 3949/7745/52
f 3949/7745/52 3952/7746/3630 3953/7743/3630
f 3952/7747/3631 3949/7748/3629 3951/7749/3629
f 3951/7749/3629 3954/7750/3631 3952/7747/3631
f 3956/7751/1847 3953/7743/3630 3952/7746/3630
f 3952/7746/3630 3955/7752/3632 3956/7751/1847
f 3955/7753/3633 3952/7747/3631 3954/7750/3631
f 3954/7750/3631 3957/7754/3634 3955/7753/3633
f 3959/7755/3635 3956/7751/1847 3955/7752/3632
f 3955/7752/3632 3958/7756/3636 3959/7755/3635
f 3958/7757/3637 3955/7753/3633 3957/7754/3634
f 3957/7754/3634 3960/7758/3638 3958/7757/3637
f 3962/7759/65 3959/7755/3635 3958/7756/3636
f 3958/7756/3636 3961/7760/65 3962/7759/65
f 3961/7761/3639 3958/7757/3637 3960/7758/3638
f 3960/7758/3638 3963/7762/3639 3961/7761/3639
f 3965/7763/3640 3962/7759/65 3961/7760/65
f 3961/7760/65 3964/7764/3641 3965/7763/3640
f 3964/7765/3642 3961/7761/3639 3963/7762/3639
f 3963/7762/3639 3966/7766/3643 3964/7765/3642
f 3968/7767/3644 3965/7763/3640 3964/7764/3641
f 3964/7764/3641 3967/7768/3645 3968/7767/3644
f 3967/7769/3646 3964/7765/3642 3966/7766/3643
f 3966/7766/3643 3969/7770/3647 3967/7769/3646
f 3971/7771/3648 3968/7767/3644 3967/7768/3645
f 3967/7768/3645 3970/7772/3648 3971/7771/3648
f 3970/7773/3649 3967/7769/3646 3969/7770/3647
f 3969/7770/3647 3972/7774/3649 3970/7773/3649
f 3974/7775/13 3971/7771/3648 3970/7772/3648
f 3970/7772/3648 3973/7776/13 3974/7775/13
f 3973/7777/3650 3970/7773/3649 3972/7774/3649
f 3972/7774/3649 3975/7778/3650 3973/7777/3650
f 3930/7715/3605 3974/7775/13 3973/7776/13
f 3973/7776/13 3933/7716/3605 3930/7715/3605
f 3933/7721/3617 3973/7777/3650 3975/7778/3650
f 3975/7778/3650 3936/7722/3617 3933/7721/3617
f 3975/7779/3651 3972/7780/3652 3976/7781/3652
f 3976/7781/3652 3977/7782/3651 3975/7779/3651
f 3936/7783/3653 3975/7779/3651 3977/7782/3651
f 3977/7782/3651 3978/7784/3653 3936/7783/3653
f 3934/7785/3654 3936/7783/3653 3978/7784/3653
f 3978/7784/3653 3979/7786/3655 3934/7785/3654
f 3978/7787/3605 3977/7788/13 3980/7789/13
f 3980/7789/13 3981/7790/3605 3978/7787/3605
f 3979/7791/3610 3978/7787/3605 3981/7790/3605
f 3981/7790/3605 3982/7792/3611 3979/7791/3610
f 3984/7793/3656 3979/7791/3610 3982/7792/3611
f 3982/7792/3611 3983/7794/3612 3984/7793/3656
f 3935/7795/3657 3934/7785/3654 3979/7786/3655
f 3979/7786/3655 3984/7796/3658 3935/7795/3657
f 3986/7797/103 3984/7793/3656 3983/7794/3612
f 3983/7794/3612 3985/7798/103 3986/7797/103
f 3939/7799/3659 3935/7795/3657 3984/7796/3658
f 3984/7796/3658 3986/7800/3660 3939/7799/3659
f 3988/7801/3661 3986/7797/103 3985/7798/103
f 3985/7798/103 3987/7802/3621 3988/7801/3661
f 3942/7803/3662 3939/7799/3659 3986/7800/3660
f 3986/7800/3660 3988/7804/3663 3942/7803/3662
f 3990/7805/3624 3988/7801/3661 3987/7802/3621
f 3987/7802/3621 3989/7806/653 3990/7805/3624
f 3945/7807/3664 3942/7803/3662 3988/7804/3663
f 3988/7804/3663 3990/7808/3665 3945/7807/3664
f 3992/7809/3627 3990/7805/3624 3989/7806/653
f 3989/7806/653 3991/7810/3627 3992/7809/3627
f 3948/7811/3666 3945/7807/3664 3990/7808/3665
f 3990/7808/3665 3992/7812/3666 3948/7811/3666
f 3994/7813/52 3992/7809/3627 3991/7810/3627
f 3991/7810/3627 3993/7814/52 3994/7813/52
f 3951/7815/3667 3948/7811/3666 3992/7812/3666
f 3992/7812/3666 3994/7816/3667 3951/7815/3667
f 3996/7817/3630 3994/7818/52 3993/7819/52
f 3993/7819/52 3995/7820/3630 3996/7817/3630
f 3954/7821/3668 3951/7822/3667 3994/7823/3667
f 3994/7823/3667 3996/7824/3668 3954/7821/3668
f 3998/7825/1847 3996/7817/3630 3995/7820/3630
f 3995/7820/3630 3997/7826/3632 3998/7825/1847
f 3957/7827/3669 3954/7821/3668 3996/7824/3668
f 3996/7824/3668 3998/7828/3670 3957/7827/3669
f 4000/7829/3671 3998/7825/1847 3997/7826/3632
f 3997/7826/3632 3999/7830/3636 4000/7829/3671
f 3960/7831/3672 3957/7827/3669 3998/7828/3670
f 3998/7828/3670 4000/7832/3673 3960/7831/3672
f 4002/7833/65 4000/7829/3671 3999/7830/3636
f 3999/7830/3636 4001/7834/65 4002/7833/65
f 3963/7835/3674 3960/7831/3672 4000/7832/3673
f 4000/7832/3673 4002/7836/3675 3963/7835/3674
f 4004/7837/3676 4002/7833/65 4001/7834/65
f 4001/7834/65 4003/7838/3641 4004/7837/3676
f 3966/7839/3677 3963/7835/3674 4002/7836/3675
f 4002/7836/3675 4004/7840/3678 3966/7839/3677
f 4006/7841/3644 4004/7837/3676 4003/7838/3641
f 4003/7838/3641 4005/7842/3679 4006/7841/3644
f 3969/7843/3680 3966/7839/3677 4004/7840/3678
f 4004/7840/3678 4006/7844/3681 3969/7843/3680
f 3976/7845/3648 4006/7841/3644 4005/7842/3679
f 4005/7842/3679 4007/7846/3648 3976/7845/3648
f 3972/7780/3652 3969/7843/3680 4006/7844/3681
f 4006/7844/3681 3976/7781/3652 3972/7780/3652
f 3977/7788/13 3976/7845/3648 4007/7846/3648
f 4007/7846/3648 3980/7789/13 3977/7788/13
f 4007/7847/76 4005/7848/76 4003/7849/76
f 4007/7847/76 4003/7849/76 4001/7850/76
f 4007/7847/76 4001/7850/76 3999/7851/76
f 4007/7847/76 3999/7851/76 3997/7852/76
f 4007/7847/76 3997/7852/76 3995/7853/76
f 4007/7847/76 3995/7853/76 3993/7854/76
f 4007/7847/76 3993/7854/76 3991/7855/76
f 4007/7847/76 3991/7855/76 3989/7856/76
f 4007/7847/76 3989/7856/76 3987/7857/76
f 4007/7847/76 3987/7857/76 3985/7858/76
f 4007/7847/76 3985/7858/76 3983/7859/76
f 4007/7847/76 3983/7859/76 3982/7860/76
f 4007/7847/76 3982/7860/76 3981/7861/76
f 3981/7861/76 3980/7862/76 4007/7847/76
f 4009/7863/3682 4008/7864/3683 3971/7865/3683
f 3971/7865/3683 3974/7866/3682 4009/7863/3682
f 3927/7709/3608 4009/7863/3682 3974/7866/3682
f 3974/7866/3682 3930/7710/3608 3927/7709/3608
f 4011/7867/13 4010/7868/3648 4008/7869/3648
f 4008/7869/3648 4009/7870/13 4011/7867/13
f 3922/7703/3605 4011/7867/13 4009/7870/13
f 4009/7870/13 3927/7704/3605 3922/7703/3605
f 3921/7695/3597 3920/7694/3596 4011/7871/3684
f 4011/7871/3684 3922/7696/3598 3921/7695/3597
f 4010/7872/3685 4011/7871/3684 3920/7694/3596
f 3920/7694/3596 4012/7873/3686 4010/7872/3685
f 4014/7874/3687 4010/7872/3685 4012/7873/3686
f 4012/7873/3686 4013/7875/3688 4014/7874/3687
f 4010/7868/3648 4014/7876/3689 4015/7877/3679
f 4015/7877/3679 4008/7869/3648 4010/7868/3648
f 4016/7878/3690 4014/7874/3687 4013/7875/3688
f 4013/7875/3688 3839/7590/3523 4016/7878/3690
f 4014/7876/3689 4016/7879/3691 4017/7880/3692
f 4017/7880/3692 4015/7877/3679 4014/7876/3689
f 4015/7881/3693 4017/7882/3694 3965/7883/3694
f 3965/7883/3694 3968/7884/3693 4015/7881/3693
f 4008/7864/3683 4015/7881/3693 3968/7884/3693
f 3968/7884/3693 3971/7865/3683 4008/7864/3683
f 4017/7882/3694 4018/7885/3695 3962/7886/3695
f 3962/7886/3695 3965/7883/3694 4017/7882/3694
f 4016/7879/3691 3838/7887/65 4018/7888/65
f 4018/7888/65 4017/7880/3692 4016/7879/3691
f 3838/7887/65 3840/7889/3696 4019/7890/3697
f 4019/7890/3697 4018/7888/65 3838/7887/65
f 4018/7885/3695 4019/7891/3698 3959/7892/3698
f 3959/7892/3698 3962/7886/3695 4018/7885/3695
f 4019/7891/3698 4020/7893/3699 3956/7894/3699
f 3956/7894/3699 3959/7892/3698 4019/7891/3698
f 3840/7889/3696 3842/7895/1848 4020/7896/656
f 4020/7896/656 4019/7890/3697 3840/7889/3696
f 4020/7893/3699 4021/7897/3700 3953/7898/3700
f 3953/7898/3700 3956/7894/3699 4020/7893/3699
f 3842/7895/1848 3844/7899/3630 4021/7900/3630
f 4021/7900/3630 4020/7896/656 3842/7895/1848
f 4021/7897/3700 4022/7901/3701 3950/7902/3701
f 3950/7902/3701 3953/7898/3700 4021/7897/3700
f 3844/7899/3630 3862/7903/52 4022/7904/52
f 4022/7904/52 4021/7900/3630 3844/7899/3630
f 4022/7901/3701 4023/7905/3702 3947/7906/3702
f 3947/7906/3702 3950/7902/3701 4022/7901/3701
f 3862/7907/52 3864/7908/3627 4023/7909/3627
f 4023/7909/3627 4022/7910/52 3862/7907/52
f 4023/7905/3702 4024/7911/3703 3944/7912/3703
f 3944/7912/3703 3947/7906/3702 4023/7905/3702
f 3864/7908/3627 3866/7913/1984 4024/7914/1850
f 4024/7914/1850 4023/7909/3627 3864/7908/3627
f 4024/7911/3703 4025/7915/3704 3941/7916/3704
f 3941/7916/3704 3944/7912/3703 4024/7911/3703
f 3866/7913/1984 4026/7917/3705 4025/7918/3706
f 4025/7918/3706 4024/7914/1850 3866/7913/1984
f 4026/7919/3707 3866/7625/3539 3865/7626/3540
f 3865/7626/3540 3871/7634/3548 4026/7919/3707
f 4026/7919/3707 3871/7634/3548 3888/7655/3564
f 4026/7917/3705 3888/7920/103 4027/7921/103
f 4027/7921/103 4025/7918/3706 4026/7917/3705
f 3887/7653/3563 3924/7698/3600 3888/7655/3564
f 3888/7920/103 3924/7699/3601 3926/7702/3604
f 3926/7702/3604 4027/7921/103 3888/7920/103
f 4027/7922/3708 3926/7705/3606 3929/7708/3606
f 3929/7708/3606 3938/7923/3708 4027/7922/3708
f 4025/7915/3704 4027/7922/3708 3938/7923/3708
f 3938/7923/3708 3941/7916/3704 4025/7915/3704
f 4016/7878/3690 3839/7590/3523 3838/7591/3524
f 3828/7589/3514 3839/7590/3523 3829/7924/3515
f 3839/7590/3523 4013/7875/3688 4028/7925/3709
f 3830/7926/3516 3829/7924/3515 3839/7590/3523
f 3839/7590/3523 4028/7925/3709 3830/7926/3516
f 3831/7927/3504 3830/7926/3516 4028/7925/3709
f 4028/7925/3709 4029/7928/3710 3831/7927/3504
f 3819/7929/3505 3831/7927/3504 4029/7928/3710
f 4029/7928/3710 4030/7930/3711 3819/7929/3505
f 4031/7931/3712 3820/7932/3506 3819/7933/3505
f 3819/7933/3505 4030/7934/3711 4031/7931/3712
f 4032/7935/3713 3821/7936/3507 3820/7932/3506
f 3820/7932/3506 4031/7931/3712 4032/7935/3713
f 3816/7556/3501 3818/7558/3503 3821/7936/3507
f 3821/7936/3507 4032/7935/3713 3816/7556/3501
f 4031/7931/3712 4033/7937/3714 4032/7935/3713
f 3816/7556/3501 4032/7935/3713 4034/7938/3715
f 4035/7939/3716 4034/7938/3715 4032/7935/3713
f 4032/7935/3713 4033/7937/3714 4035/7939/3716
f 4038/7940/3717 4036/7941/3718 4037/7942/3719
f 4037/7942/3719 4034/7938/3715 4038/7940/3717
f 4034/7938/3715 4037/7942/3719 4039/7943/3720
f 4039/7943/3720 3816/7556/3501 4034/7938/3715
f 4038/7940/3717 4034/7938/3715 4035/7939/3716
f 4035/7939/3716 4040/7944/3721 4041/7945/3722
f 4041/7945/3722 4042/7946/3723 4035/7939/3716
f 4040/7944/3721 4035/7939/3716 4033/7937/3714
f 4033/7937/3714 4043/7947/3724 4040/7944/3721
f 4042/7946/3723 3908/7682/3584 4038/7940/3717
f 4038/7940/3717 4035/7939/3716 4042/7946/3723
f 4042/7946/3723 4041/7945/3722 3906/7681/3583
f 3906/7681/3583 3907/7680/3582 4042/7946/3723
f 3907/7680/3582 3908/7682/3584 4042/7946/3723
f 4044/7948/3725 3908/7682/3584 3900/7675/3577
f 3900/7675/3577 3901/7674/3576 4044/7948/3725
f 3908/7682/3584 4044/7948/3725 4036/7941/3718
f 4036/7941/3718 4038/7940/3717 3908/7682/3584
f 4046/7949/3648 4036/7950/3648 4044/7951/13
f 4044/7951/13 4045/7952/13 4046/7949/3648
f 4045/7952/13 4044/7951/13 3901/7953/3605
f 3901/7953/3605 4047/7954/3605 4045/7952/13
f 4049/7955/3726 4046/7956/3726 4045/7957/3727
f 4045/7957/3727 4048/7958/3727 4049/7955/3726
f 4048/7958/3727 4045/7957/3727 4047/7959/3728
f 4047/7959/3728 4050/7960/3728 4048/7958/3727
f 4052/7961/3648 4049/7962/3648 4048/7963/13
f 4048/7963/13 4051/7964/13 4052/7961/3648
f 4051/7964/13 4048/7963/13 4050/7965/3605
f 4050/7965/3605 4053/7966/3605 4051/7964/13
f 4055/7967/3652 4052/7968/3652 4051/7969/3651
f 4051/7969/3651 4054/7970/3651 4055/7967/3652
f 4054/7970/3651 4051/7969/3651 4053/7971/3653
f 4053/7971/3653 4056/7972/3653 4054/7970/3651
f 4058/7973/3729 4057/7974/3645 4049/7962/3648
f 4049/7962/3648 4052/7961/3648 4058/7973/3729
f 4059/7975/3730 4058/7976/3731 4052/7968/3652
f 4052/7968/3652 4055/7967/3652 4059/7975/3730
f 4061/7977/3641 4060/7978/3732 4057/7974/3645
f 4057/7974/3645 4058/7973/3729 4061/7977/3641
f 4062/7979/3733 4061/7980/3734 4058/7976/3731
f 4058/7976/3731 4059/7975/3730 4062/7979/3733
f 4064/7981/65 4063/7982/65 4060/7978/3732
f 4060/7978/3732 4061/7977/3641 4064/7981/65
f 4065/7983/3674 4064/7984/3674 4061/7980/3734
f 4061/7980/3734 4062/7979/3733 4065/7983/3674
f 4067/7985/3636 4066/7986/3735 4063/7982/65
f 4063/7982/65 4064/7981/65 4067/7985/3636
f 4068/7987/3736 4067/7988/3737 4064/7984/3674
f 4064/7984/3674 4065/7983/3674 4068/7987/3736
f 4070/7989/1848 4069/7990/1847 4066/7986/3735
f 4066/7986/3735 4067/7985/3636 4070/7989/1848
f 4071/7991/3738 4070/7992/3739 4067/7988/3737
f 4067/7988/3737 4068/7987/3736 4071/7991/3738
f 4073/7993/3630 4072/7994/3630 4069/7990/1847
f 4069/7990/1847 4070/7989/1848 4073/7993/3630
f 4074/7995/3668 4073/7996/3668 4070/7992/3739
f 4070/7992/3739 4071/7991/3738 4074/7995/3668
f 4076/7997/52 4075/7998/52 4072/7994/3630
f 4072/7994/3630 4073/7993/3630 4076/7997/52
f 4077/7999/3667 4076/8000/3667 4073/7996/3668
f 4073/7996/3668 4074/7995/3668 4077/7999/3667
f 4079/8001/3627 4078/8002/3627 4075/8003/52
f 4075/8003/52 4076/8004/52 4079/8001/3627
f 4080/8005/3666 4079/8006/3666 4076/8007/3667
f 4076/8007/3667 4077/8008/3667 4080/8005/3666
f 4082/8009/3740 4081/8010/3624 4078/8002/3627
f 4078/8002/3627 4079/8001/3627 4082/8009/3740
f 4083/8011/3741 4082/8012/3742 4079/8006/3666
f 4079/8006/3666 4080/8005/3666 4083/8011/3741
f 4085/8013/3621 4084/8014/3743 4081/8010/3624
f 4081/8010/3624 4082/8009/3740 4085/8013/3621
f 4086/8015/3744 4085/8016/3745 4082/8012/3742
f 4082/8012/3742 4083/8011/3741 4086/8015/3744
f 4088/8017/103 4087/8018/103 4084/8014/3743
f 4084/8014/3743 4085/8013/3621 4088/8017/103
f 4089/8019/3659 4088/8020/3746 4085/8016/3745
f 4085/8016/3745 4086/8015/3744 4089/8019/3659
f 4091/8021/3612 4090/8022/3612 4087/8018/103
f 4087/8018/103 4088/8017/103 4091/8021/3612
f 4092/8023/3747 4091/8024/3748 4088/8020/3746
f 4088/8020/3746 4089/8019/3659 4092/8023/3747
f 4094/8025/3611 4093/8026/3610 4090/8022/3612
f 4090/8022/3612 4091/8021/3612 4094/8025/3611
f 4095/8027/3749 4094/8028/3750 4091/8024/3748
f 4091/8024/3748 4092/8023/3747 4095/8027/3749
f 4053/7966/3605 4050/7965/3605 4093/8026/3610
f 4093/8026/3610 4094/8025/3611 4053/7966/3605
f 4056/7972/3653 4053/7971/3653 4094/8028/3750
f 4094/8028/3750 4095/8027/3749 4056/7972/3653
f 4097/8029/3751 4095/8030/3752 4092/8031/3753
f 4092/8031/3753 4096/8032/3754 4097/8029/3751
f 4098/8033/3617 4056/8034/3617 4095/8030/3752
f 4095/8030/3752 4097/8029/3751 4098/8033/3617
f 4099/8035/3650 4054/8036/3650 4056/8034/3617
f 4056/8034/3617 4098/8033/3617 4099/8035/3650
f 4101/8037/13 4099/8038/13 4098/8039/3605
f 4098/8039/3605 4100/8040/3605 4101/8037/13
f 4100/8040/3605 4098/8039/3605 4097/8041/3755
f 4097/8041/3755 4102/8042/3603 4100/8040/3605
f 4104/8043/3648 4103/8044/3648 4099/8038/13
f 4099/8038/13 4101/8037/13 4104/8043/3648
f 4103/8045/3649 4055/8046/3649 4054/8036/3650
f 4054/8036/3650 4099/8035/3650 4103/8045/3649
f 4106/8047/3679 4105/8048/3644 4103/8044/3648
f 4103/8044/3648 4104/8043/3648 4106/8047/3679
f 4105/8049/3756 4059/8050/3757 4055/8046/3649
f 4055/8046/3649 4103/8045/3649 4105/8049/3756
f 4108/8051/3641 4107/8052/3676 4105/8048/3644
f 4105/8048/3644 4106/8047/3679 4108/8051/3641
f 4107/8053/3758 4062/8054/3759 4059/8050/3757
f 4059/8050/3757 4105/8049/3756 4107/8053/3758
f 4110/8055/65 4109/8056/65 4107/8052/3676
f 4107/8052/3676 4108/8051/3641 4110/8055/65
f 4109/8057/3639 4065/8058/3639 4062/8054/3759
f 4062/8054/3759 4107/8053/3758 4109/8057/3639
f 4112/8059/3636 4111/8060/3760 4109/8056/65
f 4109/8056/65 4110/8055/65 4112/8059/3636
f 4111/8061/3761 4068/8062/3762 4065/8058/3639
f 4065/8058/3639 4109/8057/3639 4111/8061/3761
f 4114/8063/3632 4113/8064/656 4111/8060/3760
f 4111/8060/3760 4112/8059/3636 4114/8063/3632
f 4113/8065/3763 4071/8066/3764 4068/8062/3762
f 4068/8062/3762 4111/8061/3761 4113/8065/3763
f 4116/8067/3630 4115/8068/3630 4113/8064/656
f 4113/8064/656 4114/8063/3632 4116/8067/3630
f 4115/8069/3631 4074/8070/3631 4071/8066/3764
f 4071/8066/3764 4113/8065/3763 4115/8069/3631
f 4118/8071/52 4117/8072/52 4115/8068/3630
f 4115/8068/3630 4116/8067/3630 4118/8071/52
f 4117/8073/3629 4077/8074/3629 4074/8070/3631
f 4074/8070/3631 4115/8069/3631 4117/8073/3629
f 4120/8075/3627 4119/8076/3627 4117/8077/52
f 4117/8077/52 4118/8078/52 4120/8075/3627
f 4119/8079/3628 4080/8080/3628 4077/8081/3629
f 4077/8081/3629 4117/8082/3629 4119/8079/3628
f 4122/8083/3740 4121/8084/3624 4119/8076/3627
f 4119/8076/3627 4120/8075/3627 4122/8083/3740
f 4121/8085/3765 4083/8086/3766 4080/8080/3628
f 4080/8080/3628 4119/8079/3628 4121/8085/3765
f 4124/8087/3621 4123/8088/3661 4121/8084/3624
f 4121/8084/3624 4122/8083/3740 4124/8087/3621
f 4123/8089/3767 4086/8090/3768 4083/8086/3766
f 4083/8086/3766 4121/8085/3765 4123/8089/3767
f 4126/8091/103 4125/8092/103 4123/8088/3661
f 4123/8088/3661 4124/8087/3621 4126/8091/103
f 4125/8093/3618 4089/8094/3769 4086/8090/3768
f 4086/8090/3768 4123/8089/3767 4125/8093/3618
f 4127/8095/3612 4096/8096/3604 4125/8092/103
f 4125/8092/103 4126/8091/103 4127/8095/3612
f 4096/8032/3754 4092/8031/3753 4089/8094/3769
f 4089/8094/3769 4125/8093/3618 4096/8032/3754
f 4102/8042/3603 4097/8041/3755 4096/8096/3604
f 4096/8096/3604 4127/8095/3612 4102/8042/3603
f 4108/8097/21 4106/8098/21 4104/8099/21
f 4108/8097/21 4104/8099/21 4101/8100/21
f 4108/8097/21 4101/8100/21 4100/8101/21
f 4108/8097/21 4100/8101/21 4102/8102/21
f 4108/8097/21 4102/8102/21 4127/8103/21
f 4108/8097/21 4127/8103/21 4126/8104/21
f 4108/8097/21 4126/8104/21 4124/8105/21
f 4108/8097/21 4124/8105/21 4122/8106/21
f 4108/8097/21 4122/8106/21 4120/8107/21
f 4108/8097/21 4120/8107/21 4118/8108/21
f 4108/8097/21 4118/8108/21 4116/8109/21
f 4108/8097/21 4116/8109/21 4114/8110/21
f 4108/8097/21 4114/8110/21 4112/8111/21
f 4112/8111/21 4110/8112/1811 4108/8097/21
f 4093/8113/3770 4128/8114/3770 4129/8115/3771
f 4129/8115/3771 4090/8116/3771 4093/8113/3770
f 4050/7960/3728 4047/7959/3728 4128/8114/3770
f 4128/8114/3770 4093/8113/3770 4050/7960/3728
f 4128/8117/3772 3899/8118/3602 3897/8119/3612
f 3897/8119/3612 4129/8120/3773 4128/8117/3772
f 4047/7954/3605 3901/7953/3605 3899/8118/3602
f 3899/8118/3602 4128/8117/3772 4047/7954/3605
f 4090/8116/3771 4129/8115/3771 4130/8121/3774
f 4130/8121/3774 4087/8122/3774 4090/8116/3771
f 4129/8120/3773 3897/8119/3612 3896/8123/103
f 3896/8123/103 4130/8124/103 4129/8120/3773
f 4087/8122/3774 4130/8121/3774 4131/8125/3775
f 4131/8125/3775 4084/8126/3775 4087/8122/3774
f 4130/8124/103 3896/8123/103 4132/8127/3776
f 4132/8127/3776 4131/8128/3620 4130/8124/103
f 4084/8126/3775 4131/8125/3775 4133/8129/3777
f 4133/8129/3777 4081/8130/3777 4084/8126/3775
f 4131/8128/3620 4132/8127/3776 4134/8131/1984
f 4134/8131/1984 4133/8132/3778 4131/8128/3620
f 4132/8133/3779 3896/7670/3572 3895/7669/3571
f 4135/8134/3780 4134/8135/3781 4132/8133/3779
f 4132/8133/3779 3895/7669/3571 4135/8134/3780
f 4137/8136/3782 4136/8137/3783 4134/8135/3781
f 4134/8135/3781 4135/8134/3780 4137/8136/3782
f 4133/8132/3778 4134/8131/1984 4136/8138/3627
f 4136/8138/3627 4138/8139/3627 4133/8132/3778
f 4140/8140/3784 4139/8141/3785 4136/8137/3783
f 4136/8137/3783 4137/8136/3782 4140/8140/3784
f 4138/8139/3627 4136/8138/3627 4139/8142/52
f 4139/8142/52 4141/8143/52 4138/8139/3627
f 4081/8130/3777 4133/8129/3777 4138/8144/3786
f 4138/8144/3786 4078/8145/3786 4081/8130/3777
f 4078/8145/3786 4138/8144/3786 4141/8146/3787
f 4141/8146/3787 4075/8147/3787 4078/8145/3786
f 4075/8147/3787 4141/8148/3787 4142/8149/3788
f 4142/8149/3788 4072/8150/3788 4075/8147/3787
f 4141/8151/52 4139/8152/52 4143/8153/3630
f 4143/8153/3630 4142/8154/3630 4141/8151/52
f 4072/8150/3788 4142/8149/3788 4144/8155/3789
f 4144/8155/3789 4069/8156/3789 4072/8150/3788
f 4142/8154/3630 4143/8153/3630 4145/8157/1848
f 4145/8157/1848 4144/8158/3790 4142/8154/3630
f 4139/8159/3785 4140/8160/3784 4146/8161/3791
f 4146/8161/3791 4143/8162/3792 4139/8159/3785
f 4143/8162/3792 4146/8161/3791 4147/8163/3793
f 4147/8163/3793 4145/8164/3794 4143/8162/3792
f 4145/8164/3794 4147/8163/3793 3813/7553/3498
f 3813/7553/3498 4148/8165/3795 4145/8164/3794
f 4144/8158/3790 4145/8157/1848 4148/8166/3696
f 4148/8166/3696 4149/8167/3697 4144/8158/3790
f 3813/7553/3498 3817/7557/3502 4148/8165/3795
f 4149/8167/3697 4148/8166/3696 3817/8168/65
f 3817/8168/65 4150/8169/65 4149/8167/3697
f 4069/8156/3789 4144/8155/3789 4149/8170/3796
f 4149/8170/3796 4066/8171/3796 4069/8156/3789
f 4066/8171/3796 4149/8170/3796 4150/8172/3797
f 4150/8172/3797 4063/8173/3797 4066/8171/3796
f 4063/8173/3797 4150/8172/3797 4151/8174/3798
f 4151/8174/3798 4060/8175/3798 4063/8173/3797
f 4150/8169/65 3817/8168/65 4039/8176/3691
f 4039/8176/3691 4151/8177/3692 4150/8169/65
f 4060/8175/3798 4151/8174/3798 4152/8178/3799
f 4152/8178/3799 4057/8179/3799 4060/8175/3798
f 4151/8177/3692 4039/8176/3691 4037/8180/3689
f 4037/8180/3689 4152/8181/3800 4151/8177/3692
f 4039/7943/3720 3817/7557/3502 3816/7556/3501
f 4057/8179/3799 4152/8178/3799 4046/7956/3726
f 4046/7956/3726 4049/7955/3726 4057/8179/3799
f 4152/8181/3800 4037/8180/3689 4036/7950/3648
f 4036/7950/3648 4046/7949/3648 4152/8181/3800
f 3813/7553/3498 4147/8163/3793 3832/7575/3517
f 4146/8161/3791 3859/8182/3801 4147/8163/3793
f 3832/7575/3517 4147/8163/3793 3859/8182/3801
f 3859/8182/3801 3858/8183/3802 3832/7575/3517
f 4146/8161/3791 4140/8160/3784 3860/8184/3803
f 3860/8184/3803 3859/8182/3801 4146/8161/3791
f 3847/8185/3804 3860/8186/3803 4140/8140/3784
f 3847/8185/3804 4140/8140/3784 4137/8136/3782
f 4137/8136/3782 3848/8187/3805 3847/8185/3804
f 3848/8187/3805 4135/8134/3780 4153/8188/3806
f 4153/8188/3806 3849/8189/3807 3848/8187/3805
f 4137/8136/3782 4135/8134/3780 3848/8187/3805
f 4154/8190/3808 3868/8191/3544 3850/8192/3809
f 3850/8192/3809 3849/8189/3807 4154/8190/3808
f 4154/8190/3808 3849/8189/3807 4153/8188/3806
f 3895/7669/3571 3883/8193/3560 3882/8194/3559
f 3882/8194/3559 4153/8188/3806 3895/7669/3571
f 3895/7669/3571 4153/8188/3806 4135/8134/3780
f 4153/8188/3806 3882/8194/3559 3881/8195/3558
f 3881/8195/3558 4154/8190/3808 4153/8188/3806
f 3884/7668/3561 3883/8193/3560 3895/7669/3571
f 4154/8190/3808 3881/8195/3558 3880/8196/3557
f 3880/8196/3557 3868/8191/3544 4154/8190/3808
f 3880/8197/3557 3873/7635/3549 3869/7631/3545
f 3869/7631/3545 3868/7630/3544 3880/8197/3557
f 3850/8198/3809 3868/7630/3544 3851/7629/3543
f 3857/8199/3810 3834/7579/3519 3833/7577/3518
f 3833/7577/3518 3858/8183/3802 3857/8199/3810
f 3833/7577/3518 3832/7575/3517 3858/8183/3802
f 3857/8199/3810 3856/8200/3811 3834/7579/3519
f 3835/7582/3520 3834/7581/3519 3856/8201/3811
f 3856/8201/3811 3846/7598/3531 3835/7582/3520
f 4156/8202/3812 3906/8203/3812 4041/8204/3813
f 4041/8204/3813 4155/8205/3813 4156/8202/3812
f 4155/8205/3813 4041/8204/3813 4040/8206/3814
f 4040/8206/3814 4157/8207/3815 4155/8205/3813
f 4159/8208/52 4156/8209/52 4155/8210/52
f 4155/8210/52 4158/8211/52 4159/8208/52
f 4158/8211/52 4155/8210/52 4157/8212/52
f 4157/8212/52 4160/8213/52 4158/8211/52
f 4162/8214/3816 4159/8215/3817 4158/8216/3818
f 4158/8216/3818 4161/8217/3819 4162/8214/3816
f 4161/8217/3819 4158/8216/3818 4160/8218/3820
f 4160/8218/3820 4163/8219/3821 4161/8217/3819
f 4165/8220/3822 4161/8221/3823 4163/8222/3824
f 4163/8222/3824 4164/8223/3825 4165/8220/3822
f 4166/8224/3826 4162/8225/3827 4161/8221/3823
f 4161/8221/3823 4165/8220/3822 4166/8224/3826
f 4163/8219/3821 4160/8218/3820 4167/8226/3828
f 4167/8226/3828 4168/8227/3829 4163/8219/3821
f 4164/8223/3825 4163/8222/3824 4168/8228/3830
f 4168/8228/3830 4169/8229/3831 4164/8223/3825
f 4168/8227/3829 4167/8226/3828 4170/8230/3832
f 4170/8230/3832 4171/8231/3833 4168/8227/3829
f 4169/8229/3831 4168/8228/3830 4171/8232/3834
f 4171/8232/3834 4172/8233/3835 4169/8229/3831
f 4171/8231/3833 4170/8230/3832 4173/8234/3836
f 4173/8234/3836 4174/8235/3837 4171/8231/3833
f 4172/8233/3835 4171/8232/3834 4174/8236/3838
f 4174/8236/3838 4175/8237/3839 4172/8233/3835
f 4174/8238/3837 4173/8239/3836 4176/8240/3840
f 4176/8240/3840 4177/8241/3841 4174/8238/3837
f 4175/8242/3839 4174/8243/3838 4177/8244/3842
f 4177/8244/3842 4178/8245/3843 4175/8242/3839
f 4177/8241/3841 4176/8240/3840 4179/8246/3844
f 4179/8246/3844 4180/8247/3845 4177/8241/3841
f 4178/8245/3843 4177/8244/3842 4180/8248/3846
f 4180/8248/3846 4181/8249/3847 4178/8245/3843
f 4180/8247/3845 4179/8246/3844 4182/8250/3848
f 4182/8250/3848 4183/8251/3849 4180/8247/3845
f 4181/8249/3847 4180/8248/3846 4183/8252/3850
f 4183/8252/3850 4184/8253/3851 4181/8249/3847
f 4183/8251/3849 4182/8250/3848 4185/8254/3852
f 4185/8254/3852 4186/8255/3853 4183/8251/3849
f 4184/8253/3851 4183/8252/3850 4186/8256/3854
f 4186/8256/3854 4187/8257/3855 4184/8253/3851
f 4186/8255/3853 4185/8254/3852 4188/8258/3856
f 4188/8258/3856 4189/8259/3857 4186/8255/3853
f 4187/8257/3855 4186/8256/3854 4189/8260/3858
f 4189/8260/3858 4190/8261/3859 4187/8257/3855
f 4189/8259/3857 4188/8258/3856 4191/8262/3860
f 4191/8262/3860 4192/8263/3860 4189/8259/3857
f 4190/8261/3859 4189/8260/3858 4192/8264/3861
f 4192/8264/3861 4193/8265/3862 4190/8261/3859
f 4192/8263/3860 4191/8262/3860 4194/8266/3863
f 4194/8266/3863 4195/8267/3864 4192/8263/3860
f 4193/8265/3862 4192/8264/3861 4195/8268/3865
f 4195/8268/3865 4196/8269/3865 4193/8265/3862
f 4195/8267/3864 4194/8266/3863 4197/8270/3866
f 4197/8270/3866 4198/8271/3867 4195/8267/3864
f 4196/8269/3865 4195/8268/3865 4198/8272/3868
f 4198/8272/3868 4199/8273/3869 4196/8269/3865
f 4198/8271/3867 4197/8270/3866 4200/8274/3870
f 4200/8274/3870 4201/8275/3871 4198/8271/3867
f 4199/8273/3869 4198/8272/3868 4201/8276/3872
f 4201/8276/3872 4202/8277/3873 4199/8273/3869
f 4201/8275/3871 4200/8274/3870 4203/8278/3874
f 4203/8278/3874 4204/8279/3875 4201/8275/3871
f 4202/8277/3873 4201/8276/3872 4204/8280/3876
f 4204/8280/3876 4205/8281/3877 4202/8277/3873
f 4204/8279/3875 4203/8278/3874 4159/8215/3817
f 4159/8215/3817 4162/8214/3816 4204/8279/3875
f 4205/8281/3877 4204/8280/3876 4162/8225/3827
f 4162/8225/3827 4166/8224/3826 4205/8281/3877
f 4207/8282/3878 4202/8283/3879 4205/8284/3880
f 4205/8284/3880 4206/8285/3881 4207/8282/3878
f 4206/8285/3881 4205/8284/3880 4166/8286/3882
f 4166/8286/3882 4208/8287/3883 4206/8285/3881
f 4208/8287/3883 4166/8286/3882 4165/8288/3884
f 4165/8288/3884 4209/8289/3885 4208/8287/3883
f 4211/8290/3886 4206/8291/3886 4208/8292/3887
f 4208/8292/3887 4210/8293/3888 4211/8290/3886
f 4210/8293/3888 4208/8292/3887 4209/8294/3889
f 4209/8294/3889 4212/8295/3889 4210/8293/3888
f 4212/8295/3889 4209/8294/3889 4213/8296/3890
f 4213/8296/3890 4214/8297/3891 4212/8295/3889
f 4209/8289/3885 4165/8288/3884 4164/8298/3892
f 4164/8298/3892 4213/8299/3893 4209/8289/3885
f 4214/8297/3891 4213/8296/3890 4215/8300/3894
f 4215/8300/3894 4216/8301/3895 4214/8297/3891
f 4213/8299/3893 4164/8298/3892 4169/8302/3896
f 4169/8302/3896 4215/8303/3897 4213/8299/3893
f 4216/8301/3895 4215/8300/3894 4217/8304/3898
f 4217/8304/3898 4218/8305/3899 4216/8301/3895
f 4215/8303/3897 4169/8302/3896 4172/8306/3900
f 4172/8306/3900 4217/8307/3901 4215/8303/3897
f 4218/8305/3899 4217/8304/3898 4219/8308/3902
f 4219/8308/3902 4220/8309/3903 4218/8305/3899
f 4217/8307/3901 4172/8306/3900 4175/8310/3904
f 4175/8310/3904 4219/8311/3905 4217/8307/3901
f 4220/8312/3903 4219/8313/3902 4221/8314/3906
f 4221/8314/3906 4222/8315/3907 4220/8312/3903
f 4219/8316/3905 4175/8317/3904 4178/8318/3908
f 4178/8318/3908 4221/8319/3909 4219/8316/3905
f 4222/8315/3907 4221/8314/3906 4223/8320/3910
f 4223/8320/3910 4224/8321/3911 4222/8315/3907
f 4221/8319/3909 4178/8318/3908 4181/8322/3912
f 4181/8322/3912 4223/8323/3913 4221/8319/3909
f 4224/8321/3911 4223/8320/3910 4225/8324/3914
f 4225/8324/3914 4226/8325/3915 4224/8321/3911
f 4223/8323/3913 4181/8322/3912 4184/8326/3916
f 4184/8326/3916 4225/8327/3917 4223/8323/3913
f 4226/8325/3915 4225/8324/3914 4227/8328/3918
f 4227/8328/3918 4228/8329/3919 4226/8325/3915
f 4225/8327/3917 4184/8326/3916 4187/8330/3920
f 4187/8330/3920 4227/8331/3921 4225/8327/3917
f 4228/8329/3919 4227/8328/3918 4229/8332/3922
f 4229/8332/3922 4230/8333/3923 4228/8329/3919
f 4227/8331/3921 4187/8330/3920 4190/8334/3924
f 4190/8334/3924 4229/8335/3925 4227/8331/3921
f 4230/8333/3923 4229/8332/3922 4231/8336/3926
f 4231/8336/3926 4232/8337/3926 4230/8333/3923
f 4229/8335/3925 4190/8334/3924 4193/8338/3927
f 4193/8338/3927 4231/8339/3928 4229/8335/3925
f 4232/8337/3926 4231/8336/3926 4233/8340/3929
f 4233/8340/3929 4234/8341/3930 4232/8337/3926
f 4231/8339/3928 4193/8338/3927 4196/8342/3931
f 4196/8342/3931 4233/8343/3932 4231/8339/3928
f 4234/8341/3930 4233/8340/3929 4235/8344/3933
f 4235/8344/3933 4236/8345/3933 4234/8341/3930
f 4233/8343/3932 4196/8342/3931 4199/8346/3934
f 4199/8346/3934 4235/8347/3935 4233/8343/3932
f 4236/8345/3933 4235/8344/3933 4207/8348/3936
f 4207/8348/3936 4237/8349/3936 4236/8345/3933
f 4235/8347/3935 4199/8346/3934 4202/8283/3879
f 4202/8283/3879 4207/8282/3878 4235/8347/3935
f 4237/8349/3936 4207/8348/3936 4206/8291/3886
f 4206/8291/3886 4211/8290/3886 4237/8349/3936
f 4211/8350/13 4210/8351/13 4212/8352/13
f 4211/8350/13 4212/8352/13 4214/8353/13
f 4211/8350/13 4214/8353/13 4216/8354/13
f 4211/8350/13 4216/8354/13 4218/8355/13
f 4211/8350/13 4218/8355/13 4220/8356/13
f 4211/8350/13 4220/8356/13 4222/8357/13
f 4211/8350/13 4222/8357/13 4224/8358/13
f 4211/8350/13 4224/8358/13 4226/8359/13
f 4211/8350/13 4226/8359/13 4228/8360/13
f 4211/8350/13 4228/8360/13 4230/8361/13
f 4211/8350/13 4230/8361/13 4232/8362/13
f 4211/8350/13 4232/8362/13 4234/8363/13
f 4211/8350/13 4234/8363/13 4236/8364/13
f 4236/8364/13 4237/8365/13 4211/8350/13
f 4203/8366/52 4238/8367/52 4156/8209/52
f 4156/8209/52 4159/8208/52 4203/8366/52
f 4200/8368/52 4239/8369/52 4238/8367/52
f 4238/8367/52 4203/8366/52 4200/8368/52
f 4238/8370/3937 3904/8371/3937 3906/8203/3812
f 3906/8203/3812 4156/8202/3812 4238/8370/3937
f 4239/8372/3938 3905/8373/3939 3904/8371/3937
f 3904/8371/3937 4238/8370/3937 4239/8372/3938
f 4197/8374/52 4240/8375/52 4239/8369/52
f 4239/8369/52 4200/8368/52 4197/8374/52
f 4240/8376/3940 3909/8377/3940 3905/8373/3939
f 3905/8373/3939 4239/8372/3938 4240/8376/3940
f 3909/8377/3940 4240/8376/3940 4241/8378/3941
f 4241/8378/3941 3911/8379/3941 3909/8377/3940
f 4194/8380/52 4241/8381/52 4240/8375/52
f 4240/8375/52 4197/8374/52 4194/8380/52
f 4191/8382/52 4242/8383/52 4241/8381/52
f 4241/8381/52 4194/8380/52 4191/8382/52
f 3913/8384/3942 3911/8379/3941 4241/8378/3941
f 4241/8378/3941 4242/8385/3943 3913/8384/3942
f 4188/8386/52 4243/8387/52 4242/8383/52
f 4242/8383/52 4191/8382/52 4188/8386/52
f 3915/8388/3944 3913/8384/3942 4242/8385/3943
f 4242/8385/3943 4243/8389/3944 3915/8388/3944
f 4185/8390/52 4244/8391/52 4243/8387/52
f 4243/8387/52 4188/8386/52 4185/8390/52
f 3918/8392/3945 3915/8388/3944 4243/8389/3944
f 4243/8389/3944 4244/8393/3945 3918/8392/3945
f 4182/8394/52 4245/8395/52 4244/8391/52
f 4244/8391/52 4185/8390/52 4182/8394/52
f 4246/8396/3946 3918/8392/3945 4244/8393/3945
f 4244/8393/3945 4245/8397/3946 4246/8396/3946
f 3918/7692/3594 4246/8398/3947 4247/8399/3948
f 4247/8399/3948 3919/7693/3595 3918/7692/3594
f 4246/8398/3947 4248/8400/3949 4249/8401/3950
f 4249/8401/3950 4247/8399/3948 4246/8398/3947
f 4248/8402/3951 4246/8396/3946 4245/8397/3946
f 4245/8397/3946 4250/8403/3952 4248/8402/3951
f 4252/8404/3953 4249/8401/3950 4248/8400/3949
f 4248/8400/3949 4251/8405/3954 4252/8404/3953
f 4251/8406/3955 4248/8402/3951 4250/8403/3952
f 4250/8403/3952 4253/8407/3955 4251/8406/3955
f 4176/8408/52 4253/8409/52 4250/8410/52
f 4250/8410/52 4179/8411/52 4176/8408/52
f 4179/8411/52 4250/8410/52 4245/8395/52
f 4245/8395/52 4182/8394/52 4179/8411/52
f 4173/8412/52 4254/8413/52 4253/8409/52
f 4253/8409/52 4176/8408/52 4173/8412/52
f 4255/8414/3956 4251/8406/3955 4253/8407/3955
f 4253/8407/3955 4254/8415/3956 4255/8414/3956
f 4254/8416/3956 4256/8417/3957 4257/8418/3957
f 4257/8418/3957 4255/8419/3956 4254/8416/3956
f 4170/8420/52 4256/8421/52 4254/8413/52
f 4254/8413/52 4173/8412/52 4170/8420/52
f 4167/8422/52 4258/8423/52 4256/8421/52
f 4256/8421/52 4170/8420/52 4167/8422/52
f 4258/8424/3958 4043/8425/3958 4257/8418/3957
f 4257/8418/3957 4256/8417/3957 4258/8424/3958
f 4257/8426/3959 4259/8427/3960 4260/8428/3961
f 4260/8428/3961 4255/8429/3962 4257/8426/3959
f 4259/8427/3960 4257/8426/3959 4043/7947/3724
f 4043/7947/3724 4033/7937/3714 4259/8427/3960
f 4157/8207/3815 4040/8206/3814 4043/8425/3958
f 4043/8425/3958 4258/8424/3958 4157/8207/3815
f 4031/7931/3712 4030/7934/3711 4259/8427/3960
f 4259/8427/3960 4033/7937/3714 4031/7931/3712
f 4030/7934/3711 4260/8428/3961 4259/8427/3960
f 4251/8405/3954 4255/8430/3962 4260/8431/3961
f 4260/8431/3961 4252/8404/3953 4251/8405/3954
f 4260/8431/3961 4030/7930/3711 4029/7928/3710
f 4029/7928/3710 4252/8404/3953 4260/8431/3961
f 4028/7925/3709 4013/7875/3688 4249/8401/3950
f 4249/8401/3950 4252/8404/3953 4028/7925/3709
f 4029/7928/3710 4028/7925/3709 4252/8404/3953
f 4160/8213/52 4157/8212/52 4258/8423/52
f 4258/8423/52 4167/8422/52 4160/8213/52
f 4012/7873/3686 3920/7694/3596 4247/8399/3948
f 4247/8399/3948 4249/8401/3950 4012/7873/3686
f 4012/7873/3686 4249/8401/3950 4013/7875/3688
f 3919/7693/3595 4247/8399/3948 3920/7694/3596
f 3835/7582/3520 3846/7598/3531 3836/7585/3521
